359	-0.01482328;-0.02274798;-0.02756357;0.00133505;-0.00286058;0.00271302;-0.00209595;0.00201324;-0.0001408;-0.00340348;-0.00346804;0.00138512;-0.00062528;0.00610103;-0.01094206;-0.00066972;-0.00241703;-0.00318658;-0.00592719;-0.000241;-0.00349622;-0.00222299;0.00548307;0.00901124;-0.00935409
113	0.03810286;0.00778723;-0.00219908;0.00787319;-0.00670683;0.00399051;-0.01177119;-0.00866641;-0.00373141;-0.02099234;-0.02363386;0.00229669;-0.00832519;0.01882888;-0.02633669;-0.02395702;0.00358648;-0.03645624;-0.03172721;-0.00275163;0.01030974;-0.03129727;-0.01108146;0.076354;-0.04714965
162	-6.53496064e-02;1.46315365e-03;-6.37847036e-02;-8.70300304e-02;-1.08277131e-03;2.20360689e-03;-1.26746478e-03;3.59707298e-03;-4.14105287e-04;1.59012696e-03;3.13586762e-04;5.42120327e-04;1.73337498e-03;-6.68352832e-04;-3.50218354e-03;1.49201709e-03;-2.88451347e-03;6.46990531e-03;-6.01527189e-05;-1.05976750e-03;-4.90630327e-03;2.88380665e-03;-8.78815111e-04;1.54372950e-03;-6.87022113e-03
138	-0.0094726;0.01645651;-0.00930191;-0.02335667;-0.01305583;0.0081526;-0.03198822;-0.01005991;-0.01587251;-0.03668653;-0.0795764;0.03926568;-0.07550015;0.55745417;0.79300836;0.11176692;0.04989663;0.01999841;0.04345868;0.00525984;0.02118622;-0.00433122;0.01224048;-0.03611857;0.04752694
48	-3.25999606e-02;-2.70105080e-02;-1.58980367e-03;-1.37512763e-03;-2.43866941e-04;-8.76834760e-05;-1.23838759e-03;-5.31697550e-04;-5.26849007e-04;-1.85986319e-03;-3.12794106e-03;1.53475681e-03;-2.64446069e-03;1.57669648e-03;-6.15077547e-03;-3.25689139e-03;-1.92760592e-03;-5.45279755e-03;-3.08056742e-03;1.34606091e-03;-1.66055492e-03;-1.72213253e-03;1.10395984e-03;4.00822180e-03;-7.55344784e-03
376	-0.04620061;0.06897379;-0.04221603;-0.04463887;-0.00643005;0.0019234;-0.00870945;-0.00071256;-0.00168075;-0.00107914;-0.00300969;-0.00160002;0.00248585;0.00191111;-0.00862964;0.00042999;-0.00743859;0.00197893;-0.00919442;-0.003927;-0.01042599;0.00954787;0.00216889;0.01208338;-0.02334124
299	0.00906038;0.05799501;-0.05709634;0.04248586;-0.02601576;0.00484453;-0.0211598;-0.0149727;0.0013703;-0.0271017;-0.01457686;-0.01354201;0.00508191;0.05853664;-0.04430202;0.00969542;-0.00594627;-0.10029646;-0.11231029;-0.03244999;0.01110671;-0.00094328;0.26992623;0.30442415;-0.23523785
284	-0.05758463;0.0321877;0.01244021;-0.03185797;-0.00117584;-0.00260165;-0.00644547;-0.00520883;-0.0023816;-0.00109282;-0.00533891;0.00039773;-0.00370056;-0.00321127;-0.00515723;-0.00731873;-0.0059981;-0.00787048;-0.00622447;0.00058478;-0.00609705;0.00526334;-0.00429176;0.0071211;-0.02281792
116	1.43186667e-01;-4.67729127e-02;8.22883587e-03;-9.92214486e-03;7.57351442e-06;1.23439258e-03;-4.45245900e-04;4.06236083e-04;-3.85840668e-04;-1.80228389e-03;-2.10714275e-03;6.44044874e-04;-3.71473165e-04;8.66641161e-04;-1.51140666e-03;-1.55755338e-03;8.23219242e-04;6.14287437e-04;-3.25022509e-05;-1.08204761e-04;4.77563953e-04;-1.69150239e-03;-1.95576569e-03;1.27658898e-03;2.18404429e-04
134	-0.00638717;-0.0123258;0.03506781;-0.00547346;0.00193506;-0.00262083;-0.00423385;-0.00709931;-0.0028188;-0.00650942;-0.01128113;0.00321289;-0.00895474;-0.00133475;-0.00677715;-0.01588202;-0.00053526;-0.01695;-0.00496543;0.0041059;0.00218312;-0.00717965;-0.01174252;0.00825573;-0.01533185
101	-1.36190954e-01;-1.03642615e-01;-1.56813459e-02;1.42676424e-02;3.69148720e-04;-2.67336001e-04;7.37241631e-04;5.56315779e-04;2.28124430e-04;6.53261350e-04;6.17655348e-04;3.17706584e-04;-3.17308232e-04;-7.83924092e-06;-6.87846460e-04;3.85150964e-04;-5.34461652e-04;-5.60120413e-04;6.89741934e-05;4.51223746e-04;-4.39345603e-04;-2.33162823e-05;1.11896998e-03;-3.97691164e-04;-6.16129367e-04
333	-3.38813211e-02;3.58466234e-02;-6.81159187e-03;-3.18648789e-02;-7.77721589e-03;8.58780376e-05;-1.88930535e-02;-8.68342698e-03;-6.62910990e-03;-7.65921194e-03;-1.89153465e-02;3.45976764e-04;-5.90205960e-03;-3.99737289e-04;-3.26405049e-02;-2.56165702e-02;-2.93074442e-02;-2.56315137e-02;-5.72618322e-02;-1.60410996e-02;-1.08959813e-01;1.06504463e-01;-1.06079115e-01;5.29399571e-01;7.95891305e-01
158	-0.04962743;-0.00781064;0.01960722;-0.01843701;0.00081594;-0.00186964;-0.00245821;-0.00274671;-0.0013683;-0.00095897;-0.00389183;0.00146857;-0.003812;-0.00200377;-0.00404438;-0.00579145;-0.0029202;-0.00621493;-0.00248008;0.00174788;-0.00243294;0.00030379;-0.002994;0.00291171;-0.01142095
26	-0.04111896;-0.05904057;-0.02861039;0.01240267;-0.00038568;0.00073475;0.0005857;0.00149333;0.00034284;-0.00033836;-0.00012554;0.00076671;-0.00041012;0.00188599;-0.0034839;0.00051854;-0.00081903;-0.00117857;-0.00105036;0.0004918;-0.00091191;-0.00098447;0.00269549;0.00125293;-0.00160866
294	0.03109051;-0.01891481;0.00143395;-0.0044884;-0.00110767;0.002732;-0.00352044;-0.00076475;-0.00171126;-0.00719766;-0.00920447;0.00257692;-0.0033116;0.00440307;-0.009882;-0.00821216;0.00073458;-0.00447621;-0.00454457;0.00029112;0.00031225;-0.00702022;-0.0061024;0.01034167;-0.00760494
167	-0.06236982;0.01233826;0.02125949;0.02943246;-0.00118275;-0.00491407;-0.00327264;-0.00827381;-0.000483;-0.00316282;-0.00355838;-0.00049177;-0.00549146;0.00202351;-0.0030584;-0.00550692;-0.00192247;-0.0203847;-0.00788108;0.00259691;0.00223912;-0.00088385;0.00639318;0.00502236;-0.00711174
322	-3.91304898e-02;-2.41664983e-02;-6.71385605e-02;1.07381072e-01;-3.02726192e-03;-1.39387613e-04;-3.13630867e-05;-1.12838304e-03;1.28043171e-03;-2.18661493e-03;6.45338266e-04;-9.06556483e-04;-1.53593091e-04;6.11252454e-03;-3.42543692e-03;2.43729068e-03;1.35592758e-04;-8.02215557e-03;-4.69761584e-03;1.82030405e-04;1.71618976e-03;-1.61290319e-03;9.46060682e-03;3.20519603e-03;2.19513095e-03
324	-4.89459942e-02;3.93061009e-02;-1.17485336e-01;1.22413674e-01;-4.22092996e-03;1.95585828e-04;-1.16291298e-03;-1.18740457e-03;1.20178793e-03;-1.93535946e-03;1.05319008e-03;-1.60951079e-03;9.31782579e-04;6.14040768e-03;-3.09577924e-03;3.38497323e-03;-3.87458147e-04;-6.56478627e-03;-5.26698682e-03;-6.61330865e-04;8.34544668e-04;-1.57425811e-05;9.54260483e-03;3.81819778e-03;1.15327412e-03
111	-4.17186595e-02;1.53881239e-01;-6.11479409e-02;-1.01905637e-01;-2.43508959e-03;9.43897576e-04;-3.63679208e-03;-1.60076444e-04;-8.14842986e-04;-9.12380156e-05;-1.01956644e-03;-7.20756679e-04;1.33587699e-03;-2.14727977e-04;-1.85340046e-03;1.35065972e-04;-2.24020915e-03;2.43268330e-03;-2.13631074e-03;-1.52575078e-03;-3.20806812e-03;3.30641647e-03;-8.79248930e-04;2.99526156e-03;-6.22391851e-03
174	-0.01080059;0.05834511;-0.05459265;0.03419255;-0.02915533;0.00362557;-0.02506558;-0.01793665;0.00143717;-0.0282714;-0.0149792;-0.01865713;0.00675958;0.0743439;-0.0623559;0.01752015;-0.02088218;-0.20075104;-0.25979775;-0.20843758;-0.42874991;-0.11806496;-0.56878091;-0.42624551;0.09354485
59	-2.58668542e-02;3.97316736e-02;-2.34436552e-02;-3.43655986e-02;-1.30536107e-02;5.50489104e-03;-2.30260862e-02;-3.58870957e-03;-7.03070589e-03;-9.89722061e-03;-2.10363579e-02;-1.31700301e-03;2.30154292e-03;9.91150513e-03;-5.42602348e-02;-2.02130307e-02;-4.73522391e-02;3.95197157e-04;-1.37367517e-01;-5.55009981e-01;7.13586623e-01;-1.88513103e-01;2.45582515e-02;-2.04721459e-01;2.00585776e-01
156	-8.85067756e-03;-6.60009955e-02;8.87671307e-03;5.94666936e-03;8.97493690e-04;3.54808468e-04;5.46975062e-04;5.11651381e-04;-1.92436054e-04;-1.28133346e-03;-1.93921815e-03;1.43053460e-03;-1.74208949e-03;7.90620368e-04;-3.01120411e-03;-2.14055903e-03;4.77614997e-05;-1.94334942e-03;-1.94239187e-04;1.06687420e-03;1.62315248e-04;-2.48853130e-03;-6.15250461e-04;9.48253735e-04;-1.27646769e-03
377	5.82494583e-02;2.01539171e-02;-1.41141229e-02;1.60817648e-02;-6.61010843e-03;3.84375997e-03;-8.41030609e-03;-5.20262927e-03;-1.81910561e-03;-1.38636587e-02;-1.32977676e-02;-8.23969164e-06;-2.48820189e-03;1.31004720e-02;-1.37111147e-02;-8.96307374e-03;2.69677629e-03;-1.47570878e-02;-1.47848446e-02;-2.73095956e-03;4.45113859e-03;-9.52501198e-03;8.25609251e-04;2.35323715e-02;-6.04177847e-03
314	-0.00314439;0.05883158;-0.04920168;-0.0179603;-0.02793267;0.01334047;-0.03361577;-0.00446315;-0.00585672;-0.02539567;-0.02816914;-0.01462384;0.02156042;0.06672356;-0.11114295;0.00666102;-0.09257036;-0.46629856;0.814784;0.0669212;0.07882919;-0.04848479;-0.04437135;-0.12207249;0.09399516
266	-7.86021443e-02;-4.75513603e-02;-3.78455970e-02;-3.80494566e-02;-6.38045571e-05;8.38789677e-04;1.87511718e-04;2.18786625e-03;1.32981814e-05;1.11074554e-03;4.89814111e-04;6.72561168e-04;3.32917346e-04;-1.64340051e-04;-2.44343060e-03;8.18649223e-04;-1.66803305e-03;2.20268227e-03;6.05083538e-05;4.54541502e-05;-2.46348699e-03;9.12237327e-04;5.82675873e-04;3.80145048e-04;-3.50411067e-03
325	-3.58001453e-02;-6.77661817e-03;-1.72489515e-02;-9.44429482e-03;-2.72821147e-03;1.05359846e-03;-3.80301771e-03;5.24086217e-05;-8.38963551e-04;-2.42465722e-03;-4.02385890e-03;1.23354818e-03;-1.71940268e-03;3.64379998e-03;-1.11793940e-02;-2.54254871e-03;-5.02914398e-03;-5.60624487e-03;-7.55114671e-03;1.06957091e-04;-6.34468349e-03;1.08412345e-03;4.41038884e-03;1.04408588e-02;-1.89002449e-02
209	0.00441767;0.0192925;-0.03797371;0.00924288;-0.03265805;0.01704546;-0.03524768;-0.00992484;-0.0039417;-0.07213816;-0.0828169;-0.68666301;-0.26981327;-0.53019814;0.34371024;0.00678687;0.02177029;0.0500218;0.06549475;0.01018371;0.00853122;0.00281267;-0.02797183;-0.0462267;0.0250249
270	2.57631773e-02;-4.53733357e-02;1.42489091e-02;-3.22403347e-03;7.99461559e-04;1.10884904e-03;-6.25996880e-04;1.25499994e-05;-8.41806457e-04;-3.22680189e-03;-4.57349884e-03;1.96791943e-03;-2.43794931e-03;1.19259301e-03;-4.40090637e-03;-4.59871713e-03;6.71444337e-04;-2.05098458e-03;-6.38177320e-04;9.55104174e-04;5.78542802e-04;-4.03873524e-03;-3.61772059e-03;2.81956010e-03;-2.27111869e-03
225	0.03798705;-0.02274786;-0.01428235;0.0535896;-0.00296801;0.00105634;-0.00172754;-0.00279197;0.00027081;-0.00721472;-0.0051141;0.00029075;-0.00243471;0.00872242;-0.00692323;-0.00284438;0.0023513;-0.01235396;-0.0068227;0.00051995;0.00461749;-0.00692074;0.00640322;0.00793272;0.00298389
318	0.02985878;-0.04764337;0.02271263;0.00452726;0.00097095;0.00057567;-0.0004795;-0.00073262;-0.00077312;-0.00332648;-0.00448124;0.00179351;-0.00273492;0.00114079;-0.00362842;-0.00476228;0.0010144;-0.00333151;-0.00068164;0.00114438;0.00133817;-0.00422128;-0.00325655;0.00240743;-0.00123318
343	0.00988944;0.03760306;0.01818995;-0.04833306;-0.00317596;0.00231521;-0.02420042;-0.01298833;-0.01298642;-0.0177381;-0.04042022;0.00705264;-0.01508857;-0.01414859;-0.03497356;-0.07262588;-0.02186855;-0.00595218;-0.05629686;-0.03917039;-0.37011335;-0.36487303;0.69617833;-0.33229366;0.26782288
306	-0.06772502;-0.00938355;-0.00840946;-0.00244104;-0.00082938;-0.00096842;-0.00139122;-0.00103378;-0.00020152;-0.00018985;-0.00091709;0.0003953;-0.00152371;0.00076649;-0.00387153;-0.00103293;-0.00259819;-0.00485372;-0.0030652;0.00078107;-0.00213517;0.00095315;0.00303036;0.00255914;-0.00679455
78	-0.03990199;-0.01703005;0.01161466;-0.0195973;0.00070753;-0.00076077;-0.00204447;-0.00121696;-0.00126513;-0.00109119;-0.00390371;0.00183353;-0.00325147;-0.00132096;-0.00514931;-0.00519327;-0.00277336;-0.00400036;-0.00203037;0.00149766;-0.00293017;-0.00028852;-0.0031644;0.00324678;-0.01116949
231	1.78219855e-02;1.91793763e-02;3.14147176e-03;-3.92835173e-03;-2.79534870e-02;9.99955859e-03;-9.24868712e-02;-1.96251523e-01;8.18581962e-01;4.58124891e-01;2.02800262e-01;-5.65971860e-03;2.84233241e-02;-3.05933036e-02;5.36492488e-02;4.33300393e-02;2.79619193e-03;3.45575613e-02;2.66647539e-02;1.32815954e-03;-3.55780538e-04;7.26351819e-03;7.81811383e-03;-2.61135044e-02;2.05186698e-02
382	-0.0404406;0.02666809;0.02660167;-0.03358194;0.00013058;-0.00378862;-0.00886517;-0.00853161;-0.00419776;-0.00327716;-0.01077427;0.00175259;-0.00760811;-0.0065181;-0.00690696;-0.01621694;-0.00729086;-0.01344669;-0.00809786;0.00206773;-0.00762148;0.00513421;-0.01615405;0.01193187;-0.03992815
217	-0.0461097;0.15502146;-0.07785682;-0.15948147;-0.00144896;0.00114691;-0.00238276;0.00085346;-0.00065638;0.00045619;-0.00052721;-0.00027708;0.00128535;-0.00073323;-0.00137957;0.00030297;-0.00178947;0.00365048;-0.00077609;-0.00118188;-0.00290015;0.0025935;-0.00149627;0.00172349;-0.00481337
132	-0.01441226;0.0372286;-0.06970792;0.0071756;-0.01544894;0.00701673;-0.01130091;0.00145941;0.00065879;-0.00857203;-0.00377095;-0.00447248;0.00740587;0.02342084;-0.02580272;0.01084759;-0.00923389;-0.00924122;-0.03123824;-0.01103917;-0.01480758;0.00980233;0.04205454;0.04504975;-0.03628345
261	2.97642810e-02;-4.06148300e-02;1.01794449e-02;2.05005620e-02;-2.19312650e-05;7.26356361e-04;-7.88297170e-04;-1.30144446e-03;-5.22045588e-04;-4.59182324e-03;-4.94933492e-03;1.56698197e-03;-2.91478955e-03;3.30080906e-03;-4.90583672e-03;-4.61627151e-03;1.40885553e-03;-6.12267022e-03;-2.38242423e-03;1.13992679e-03;2.29119217e-03;-5.35593478e-03;-8.84000021e-04;4.06105992e-03;-3.16622500e-04
180	-1.36190954e-01;-1.03642615e-01;-1.56813459e-02;1.42676424e-02;3.69148720e-04;-2.67336001e-04;7.37241631e-04;5.56315779e-04;2.28124430e-04;6.53261350e-04;6.17655348e-04;3.17706584e-04;-3.17308232e-04;-7.83924092e-06;-6.87846460e-04;3.85150964e-04;-5.34461652e-04;-5.60120413e-04;6.89741934e-05;4.51223746e-04;-4.39345603e-04;-2.33162823e-05;1.11896998e-03;-3.97691164e-04;-6.16129367e-04
120	-0.03043928;0.05199712;0.01894703;-0.05462709;-0.00186927;-0.00190289;-0.01330711;-0.00821137;-0.00584169;-0.0037485;-0.01349295;0.00114664;-0.00546616;-0.00866858;-0.00882312;-0.01814936;-0.01033604;-0.0045949;-0.0101746;-0.00164773;-0.01503189;0.01233594;-0.02702771;0.01921105;-0.05923756
255	-0.04344718;-0.02921233;0.03533824;0.00605919;0.00146336;-0.00230743;-0.00070983;-0.00318303;-0.00072184;-0.00151466;-0.00314231;0.00130222;-0.00405455;-0.00079392;-0.00225437;-0.00505954;-0.00075987;-0.00808395;-0.00161792;0.00219268;0.00074001;-0.00204674;-0.00112955;0.00118121;-0.00435871
305	-0.0162358;0.01203847;-0.05868585;0.04087131;-0.01119921;0.00303886;-0.00582508;-0.00184055;0.00188422;-0.00851765;-0.00238584;-0.00309439;0.00193746;0.02097854;-0.01789359;0.0069019;-0.00305272;-0.02180407;-0.02268942;-0.00345503;-0.00071751;-0.00180933;0.03590594;0.02540833;-0.00735403
65	-0.03974657;0.01669403;-0.01521853;-0.0600162;-0.00155491;0.00221275;-0.00525617;0.0022125;-0.00222729;0.00044442;-0.00399363;0.0014974;0.00031693;-0.00281477;-0.00798567;-0.00322008;-0.00643584;0.00770751;-0.00244989;-0.00160485;-0.01057187;0.00598629;-0.00728193;0.00672554;-0.0227836
64	-0.04621392;-0.02275968;0.00982034;-0.01736196;0.00069311;-0.00069061;-0.00125721;-0.00068703;-0.0008579;-0.00053904;-0.0026573;0.00150568;-0.00255678;-0.0009848;-0.00411767;-0.00363382;-0.00228302;-0.00317069;-0.00143192;0.00130086;-0.00231812;-0.0002165;-0.00167215;0.00209219;-0.00818142
154	-0.01186463;0.06051113;-0.0457689;-0.02378862;-0.02306246;0.01005798;-0.02905016;-0.00410922;-0.00546347;-0.01731825;-0.02109326;-0.00984634;0.0141035;0.03700787;-0.06878546;0.00103774;-0.04949564;-0.01469423;-0.24880582;0.79130376;0.3581399;-0.15654608;-0.07775152;-0.23575143;0.16853415
119	-0.06836271;0.05155865;-0.05007632;-0.10540269;-0.00144114;0.00168155;-0.00268994;0.00226413;-0.00087563;0.00142412;-0.00039906;0.00017295;0.00160098;-0.00151554;-0.00298941;0.0005675;-0.0033472;0.00604854;-0.00067226;-0.00135506;-0.00531739;0.00397013;-0.00210716;0.00216707;-0.00871542
253	-0.07498143;0.02656721;0.00742979;0.00051529;-0.00155858;-0.00316687;-0.00373855;-0.0051536;-0.00075155;-0.0010766;-0.00228286;-0.00047546;-0.00302579;0.00022344;-0.00322533;-0.00330875;-0.00348068;-0.0112452;-0.00593605;0.00105715;-0.00168805;0.00236655;0.00359647;0.0043566;-0.01040606
14	-1.45616430e-02;4.94452103e-02;2.52654237e-02;1.18401562e-02;-1.20841454e-01;7.27725496e-01;6.11433551e-01;1.94310025e-01;2.44227052e-02;7.16107020e-02;6.79382671e-02;5.29226299e-03;2.96646053e-02;-1.15327595e-02;1.73978782e-02;3.72535316e-02;4.22341993e-03;6.03916839e-02;2.87294301e-02;-2.14794396e-03;-5.91764809e-03;1.96122770e-03;-3.71115000e-04;-2.02607508e-02;1.89642040e-02
279	-6.85247390e-02;-9.12907992e-02;-1.00174820e-02;8.53044474e-03;5.42668969e-04;3.67631075e-05;9.27675667e-04;9.59361276e-04;2.02726467e-04;3.46742701e-04;1.93110791e-04;6.88876565e-04;-5.87404900e-04;2.78123034e-04;-1.51952368e-03;4.20076440e-05;-5.02113610e-04;-5.93889135e-04;1.08471065e-04;6.35958132e-04;-4.90073003e-04;-6.22239287e-04;9.90401176e-04;-1.69290953e-04;-8.32419739e-04
301	1.80317542e-02;7.49783644e-02;-1.04793334e-01;1.70343014e-01;-4.29555691e-03;-9.60678311e-05;-1.73081396e-03;-2.71844349e-03;9.84407446e-04;-3.35414194e-03;-2.32787537e-04;-1.75844351e-03;3.33880858e-04;6.54497313e-03;-2.51029145e-03;2.01852610e-03;6.41469988e-04;-8.35752546e-03;-5.66788714e-03;-6.28204494e-04;2.30968355e-03;-1.06513368e-03;8.55697002e-03;4.32731861e-03;2.53264829e-03
303	-0.029988;-0.00802327;0.01443003;-0.02310338;0.00068865;-0.00088796;-0.00401709;-0.00258652;-0.00229988;-0.00256139;-0.00712864;0.00262398;-0.00499455;-0.00219519;-0.00773985;-0.00945878;-0.0039984;-0.00620842;-0.00374414;0.00196807;-0.00463743;-0.00049985;-0.00797427;0.00687932;-0.02042591
169	-0.03999151;0.03261267;-0.02230976;-0.02023737;-0.00915373;0.00116979;-0.01397648;-0.00462868;-0.00311292;-0.00548558;-0.00978347;-0.0014743;-0.00091211;0.00750896;-0.02529902;-0.00628434;-0.01849272;-0.01735436;-0.03470418;-0.00783201;-0.03421458;0.02724445;0.01868965;0.06770614;-0.15902508
2	-6.42125417e-02;1.16297112e-01;-3.69740493e-02;-7.39273537e-02;-2.80959988e-03;3.38291775e-04;-4.61368901e-03;-1.04494780e-03;-1.04892921e-03;3.41221109e-05;-1.31897173e-03;-8.97814063e-04;1.02356278e-03;-5.75245969e-04;-2.38936161e-03;-3.18133572e-04;-3.26686796e-03;1.25318499e-03;-3.19087634e-03;-1.56828040e-03;-4.15608225e-03;4.46857691e-03;-6.17817398e-04;3.85527643e-03;-9.04741093e-03
331	2.07288798e-02;1.84339064e-02;-5.90766012e-03;1.38777516e-02;-3.87622084e-02;9.86793018e-03;-8.32777097e-02;-1.82249758e-01;-5.54470614e-01;7.53788559e-01;2.11919552e-01;7.09324496e-04;2.69436528e-02;-5.67585062e-02;6.05288427e-02;3.53058181e-02;-8.57740446e-04;4.94361370e-02;3.45023603e-02;1.68648215e-03;-5.04726994e-03;1.02620552e-02;-4.76464399e-03;-2.95171046e-02;1.37528944e-02
282	-1.14775092e-01;-1.88546605e-02;6.77170446e-02;2.80992750e-02;9.08244475e-04;-2.30749997e-03;-1.50002498e-04;-2.57988316e-03;-1.72526730e-04;-5.01750575e-05;-6.26584734e-04;2.06334504e-04;-2.13594792e-03;-8.81549856e-04;1.71129999e-04;-1.98763080e-03;-5.28526050e-04;-5.23302390e-03;-8.54493403e-04;1.22020140e-03;6.59777854e-04;-2.74760129e-04;5.62572843e-04;-2.68255035e-04;-1.50400818e-03
106	-1.36190954e-01;-1.03642615e-01;-1.56813459e-02;1.42676424e-02;3.69148720e-04;-2.67336001e-04;7.37241631e-04;5.56315779e-04;2.28124430e-04;6.53261350e-04;6.17655348e-04;3.17706584e-04;-3.17308232e-04;-7.83924092e-06;-6.87846460e-04;3.85150964e-04;-5.34461652e-04;-5.60120413e-04;6.89741934e-05;4.51223746e-04;-4.39345603e-04;-2.33162823e-05;1.11896998e-03;-3.97691164e-04;-6.16129367e-04
296	1.00204209e-02;1.65589814e-02;1.11692383e-02;-9.40767903e-03;-1.40462017e-02;4.91864808e-04;-6.10313884e-02;-8.80310301e-02;-7.30930830e-02;-3.64828995e-01;9.02076843e-01;-1.34947658e-02;5.09478792e-02;-2.30495693e-02;6.47486242e-02;6.17525855e-02;5.69483624e-03;3.99385797e-02;2.68012558e-02;-3.16931599e-04;7.60998793e-04;7.11434483e-03;1.39924462e-02;-2.57696938e-02;2.56668733e-02
155	2.80442866e-02;7.85611138e-03;3.03916046e-03;-4.85258250e-03;-6.44138761e-03;4.63860872e-03;-1.62486285e-02;-1.09686870e-02;-6.83975239e-03;-2.67666529e-02;-3.60980011e-02;5.92517179e-03;-1.51451089e-02;2.12543309e-02;-4.55970947e-02;-5.31822972e-02;6.76298998e-04;-7.66559909e-02;-8.43547233e-02;-1.41385491e-02;3.00798764e-02;8.71452194e-01;2.13690250e-01;-3.55629512e-01;1.16202662e-01
244	-0.0071929;0.01161014;0.01754312;0.01819281;-0.00980799;-0.01528655;-0.03169848;-0.06766616;-0.01474753;-0.08338302;-0.13984315;-0.08037233;0.91866557;-0.17759588;0.16025147;0.12278958;0.00237389;0.12874181;0.05266258;-0.00735819;-0.01314197;0.01516207;-0.00446362;-0.03087553;0.02074601
28	-1.79319263e-02;5.08231974e-02;1.28653575e-04;6.40498350e-02;-2.60181782e-02;-2.07663368e-02;-3.23425516e-02;-7.20769032e-02;-3.37116034e-04;-6.08658818e-02;-4.85301438e-02;-4.10120030e-02;-6.91172033e-02;1.71310787e-01;-1.10346534e-01;-2.91430298e-01;-4.75029100e-01;6.91980009e-01;2.58686801e-01;-7.10505426e-03;-5.35718148e-02;2.05077053e-02;-9.15080996e-02;-7.59233004e-02;1.12747531e-02
90	-3.89186625e-02;-8.55699241e-02;-7.48978578e-03;5.95439787e-03;6.16444276e-04;3.56459079e-04;9.39387198e-04;1.19504525e-03;1.31929509e-04;-6.43240625e-05;-3.17416740e-04;9.52421989e-04;-7.62651206e-04;5.38302212e-04;-2.12117628e-03;-3.53726738e-04;-3.57286201e-04;-5.07666111e-04;1.24539844e-04;7.03982821e-04;-4.38046743e-04;-1.16715361e-03;6.20583521e-04;1.35768651e-04;-8.96541049e-04
315	1.12585817e-01;-5.36812490e-02;5.60579063e-03;-7.31793442e-03;8.95545905e-05;1.42691753e-03;-3.74764657e-04;6.10895373e-04;-4.15814485e-04;-2.02979315e-03;-2.40691913e-03;8.46546038e-04;-5.12913697e-04;1.04353449e-03;-1.96930176e-03;-1.80366315e-03;8.89155432e-04;6.41892175e-04;-1.60717528e-05;-3.59053643e-05;4.89867771e-04;-2.07209659e-03;-2.15555963e-03;1.46777060e-03;1.44614408e-04
339	-0.06063482;0.04169909;0.00664621;0.03580815;-0.0050074;-0.00669824;-0.00726753;-0.01363003;-0.00049978;-0.00595166;-0.005056;-0.00283137;-0.006556;0.00639177;-0.00543898;-0.0062312;-0.00366511;-0.03551044;-0.01757648;0.00221349;0.00349037;0.00122443;0.01676131;0.01325615;-0.01350669
73	0.00161932;0.05535773;-0.03320949;0.00539968;0.96166323;-0.03818179;0.18170523;0.04888462;0.00833043;0.0504614;0.03625602;0.00867493;-0.0009783;-0.03247284;0.03396487;0.00584072;0.00764373;0.02537038;0.03019013;0.00595844;0.00392809;-0.00323155;-0.01256408;-0.0263273;0.01817239
178	-6.39850343e-02;6.96118745e-02;-1.75946629e-02;-4.54252679e-02;-3.57452100e-03;-5.37508488e-04;-6.69035273e-03;-2.71372523e-03;-1.63528355e-03;-3.24960357e-04;-2.70733831e-03;-9.89567128e-04;6.20798146e-05;-8.71229549e-04;-4.65281865e-03;-1.92972489e-03;-5.61052324e-03;-1.77679884e-03;-6.08094019e-03;-1.64614655e-03;-6.61650468e-03;6.79694848e-03;-2.62929667e-04;6.91685384e-03;-1.71219421e-02
319	0.01519165;-0.0151722;0.01378877;-0.02101723;0.0004973;0.00187836;-0.00446871;-0.00143188;-0.00286372;-0.00644357;-0.01113194;0.00372938;-0.00503569;0.0003524;-0.01023308;-0.01244333;-0.00088052;-0.00318849;-0.00330331;0.00113494;-0.00222087;-0.00618014;-0.01437712;0.0106657;-0.01675427
273	-3.89353726e-02;-8.57337784e-03;-5.27464604e-02;-7.39707955e-02;-1.26980489e-03;3.22530715e-03;-1.64898393e-03;4.74307418e-03;-6.55973617e-04;1.28127999e-03;-4.61867504e-04;1.03010504e-03;1.98873563e-03;-4.57596571e-04;-5.24746833e-03;1.24318840e-03;-3.38509753e-03;8.60073239e-03;-6.43968744e-05;-1.36821885e-03;-6.24715315e-03;2.94199104e-03;-1.96078556e-03;2.58494498e-03;-9.05482602e-03
185	3.57423718e-02;-7.03683930e-02;-1.04227647e-03;-6.15509545e-04;4.90239977e-04;1.46781752e-03;3.09154260e-04;1.33518053e-03;-2.72653707e-04;-1.80797953e-03;-2.31415514e-03;1.38980571e-03;-9.62427350e-04;1.28181026e-03;-3.16975469e-03;-1.84117083e-03;5.56484430e-04;2.50568735e-04;8.21501300e-05;4.47834309e-04;1.46961581e-04;-2.68761419e-03;-1.54891446e-03;1.42352371e-03;-4.70405883e-04
320	6.76220164e-03;9.14210427e-02;6.84791246e-02;-1.60413533e-02;-1.22266077e-03;-6.12261229e-03;-1.15782954e-02;-1.66198135e-02;-4.50557043e-03;-8.79191747e-03;-1.39957503e-02;-8.53399075e-04;-8.67945457e-03;-3.34087260e-03;-4.87584498e-04;-1.85873881e-02;-8.63059652e-04;-2.29542911e-02;-1.01656925e-02;1.08122241e-03;3.58620244e-03;-6.98459645e-06;-1.34488819e-02;1.14317643e-02;-1.72157459e-02
86	-0.00572959;0.10963822;-0.08242841;-0.05834148;-0.00568062;0.00315921;-0.00616515;0.00088543;-0.00092417;-0.00157042;-0.00189868;-0.00144155;0.0032651;0.00287855;-0.00549705;0.00176227;-0.00347004;0.00427172;-0.00534734;-0.00341084;-0.00553246;0.00496192;0.00130463;0.00756383;-0.01004701
297	-7.91803657e-02;-4.89065050e-02;-2.50462607e-03;-1.01163402e-02;4.87077186e-04;-3.56635800e-04;2.93995001e-04;5.04043341e-04;-2.60888810e-05;5.85778081e-04;-5.70054979e-05;7.08824464e-04;-8.74746288e-04;-3.09487479e-04;-1.84911733e-03;-4.38289878e-04;-1.24164901e-03;-1.02957456e-03;-2.77797577e-04;7.12591387e-04;-1.22782539e-03;9.18308529e-05;7.23065399e-04;1.33319796e-04;-2.82661981e-03
166	-0.05044521;-0.02224159;0.05777882;0.0196451;0.00169351;-0.00341226;-0.0007856;-0.00484249;-0.00071008;-0.00173559;-0.00315679;0.00090878;-0.00460108;-0.00107019;-0.00078324;-0.00557354;-0.00023886;-0.01032791;-0.00182471;0.00241851;0.00197657;-0.0021626;-0.00088933;0.0006699;-0.00291942
93	0.05402906;0.04192751;-0.04136465;-0.04871252;-0.00534519;0.00645833;-0.0075757;0.00261732;-0.00224416;-0.00563057;-0.00762462;0.00046767;0.00276582;0.00430745;-0.01037959;-0.00275218;-0.00217849;0.00922272;-0.00549775;-0.00455833;-0.0064482;0.00144968;-0.00681021;0.01307548;-0.01386634
201	-0.01841424;-0.02410512;0.0051757;-0.02123993;0.00055149;0.00084522;-0.00212404;0.00029719;-0.00147076;-0.00217975;-0.00524408;0.00255985;-0.00300128;-0.00036163;-0.00725736;-0.00585414;-0.00237735;-0.00150859;-0.0017984;0.00117519;-0.00346457;-0.00179532;-0.00516507;0.00483299;-0.01203947
99	-0.05044521;-0.02224159;0.05777882;0.0196451;0.00169351;-0.00341226;-0.0007856;-0.00484249;-0.00071008;-0.00173559;-0.00315679;0.00090878;-0.00460108;-0.00107019;-0.00078324;-0.00557354;-0.00023886;-0.01032791;-0.00182471;0.00241851;0.00197657;-0.0021626;-0.00088933;0.0006699;-0.00291942
345	-0.00449861;0.04839868;-0.0487852;0.02546322;-0.04849789;0.0106277;-0.04903325;-0.03612366;0.00072127;-0.08985018;-0.07813596;0.70958252;-0.1531001;-0.54347153;0.29265249;-0.01894371;0.02577756;0.09334478;0.09185338;0.0138061;0.00413012;-0.0041783;-0.05180748;-0.05560964;0.02405425
340	0.0451628;-0.03556509;0.03294881;0.00487309;0.00097028;0.00033815;-0.00118028;-0.00187442;-0.00109118;-0.00426088;-0.00565233;0.00175559;-0.0032629;0.0010673;-0.00337592;-0.00612334;0.00148361;-0.0044902;-0.00104659;0.00114843;0.00207827;-0.00474253;-0.00456561;0.00301084;-0.00116507
55	-0.00028909;-0.02967282;0.00499135;-0.01875769;0.00054745;0.00162203;-0.00187329;0.00074052;-0.00144873;-0.00313283;-0.0058896;0.00273428;-0.00282274;0.00052061;-0.00740804;-0.00605459;-0.00122242;-0.00070057;-0.00141076;0.00095973;-0.00234936;-0.00332019;-0.00590622;0.00509593;-0.00937712
79	1.29917524e-02;-7.51125628e-02;-3.01362465e-03;1.38992599e-03;5.95030248e-04;1.18069014e-03;5.98911025e-04;1.42870465e-03;-1.38781523e-04;-1.30209580e-03;-1.76286305e-03;1.37215168e-03;-9.91446740e-04;1.12552016e-03;-3.10895581e-03;-1.44600362e-03;2.47104173e-04;-2.88639741e-05;1.12142647e-04;6.09351694e-04;-7.80628624e-05;-2.38818918e-03;-8.38536058e-04;1.06178323e-03;-7.05552333e-04
289	1.00100412e-01;4.84992751e-03;-5.48307672e-02;9.45812839e-02;-2.78649058e-03;1.25953071e-03;-1.28236694e-03;-1.19132893e-03;3.82550014e-04;-4.02797149e-03;-2.07472736e-03;-5.17652654e-04;-6.30537392e-05;5.45036008e-03;-3.11668377e-03;1.95704672e-05;1.47432970e-03;-4.88402169e-03;-3.69032416e-03;-5.16044226e-04;2.26459408e-03;-2.69346784e-03;4.00523847e-03;4.06067484e-03;2.60318015e-03
248	1.48943865e-02;1.54556215e-01;-1.04574771e-01;-8.54188055e-02;-3.20504691e-03;1.97319125e-03;-3.53923266e-03;6.44898051e-04;-5.76089746e-04;-8.11952285e-04;-1.04462249e-03;-8.25661214e-04;1.99894608e-03;1.30912418e-03;-2.60271758e-03;9.70769298e-04;-1.70735432e-03;3.08040103e-03;-2.49024508e-03;-1.92536062e-03;-2.87128546e-03;2.66038320e-03;6.62646339e-05;3.71524849e-03;-4.86056099e-03
115	0.01529769;0.03712263;-0.01769949;-0.01486024;-0.18466779;-0.66291016;0.6989188;0.04825376;0.02227574;0.06480363;0.06017946;0.00118876;0.00292512;-0.02253226;0.03865943;0.01770351;0.00715002;0.01195936;0.02290653;0.00523977;0.00628534;-0.0007617;0.00278029;-0.02458104;0.0220489
9	-3.25685037e-02;2.37024956e-02;-7.65100913e-02;1.30769249e-02;-8.63173009e-03;3.71879825e-03;-4.85212873e-03;1.96649771e-03;1.00667938e-03;-3.08394191e-03;7.80696487e-05;-2.06459086e-03;3.81776899e-03;1.13673179e-02;-1.21780813e-02;6.91677008e-03;-4.59582802e-03;-3.93343365e-03;-1.20653411e-02;-3.55486794e-03;-5.82388833e-03;3.72095453e-03;1.77296657e-02;1.35555817e-02;-1.02906052e-02
379	0.00315099;0.05516331;0.12838169;0.02746452;0.00147573;-0.00490166;-0.00346798;-0.00950148;-0.00172445;-0.0042694;-0.00626403;0.0001341;-0.00592763;-0.00186836;0.00153466;-0.00933137;0.00114907;-0.01406148;-0.00305566;0.00211572;0.00433661;-0.00258894;-0.00456195;0.0020296;-0.00231751
91	-0.0013092;0.03998431;0.03115677;0.02725606;-0.04005643;-0.11839245;-0.23467855;0.91806897;0.04703926;0.16456831;0.11860047;0.00607226;0.04694304;-0.02416677;0.02166909;0.05103611;-0.00188005;0.08448236;0.03512243;-0.00429638;-0.0138866;0.00900281;-0.00256443;-0.02332113;0.01342286
298	-3.94712396e-02;-3.53327364e-02;-1.46980551e-02;2.12975286e-03;-5.53741466e-04;4.35628195e-04;-3.78472936e-04;7.42431733e-04;-1.76141712e-05;-8.98491800e-04;-1.31895718e-03;1.06350463e-03;-1.25060500e-03;1.91837321e-03;-5.04228589e-03;-8.16898468e-04;-1.62444483e-03;-2.93107071e-03;-2.19775558e-03;7.73918838e-04;-1.64302968e-03;-9.76131846e-04;2.57367163e-03;2.66645521e-03;-4.70364429e-03
369	-1.36190954e-01;-1.03642615e-01;-1.56813459e-02;1.42676424e-02;3.69148720e-04;-2.67336001e-04;7.37241631e-04;5.56315779e-04;2.28124430e-04;6.53261350e-04;6.17655348e-04;3.17706584e-04;-3.17308232e-04;-7.83924092e-06;-6.87846460e-04;3.85150964e-04;-5.34461652e-04;-5.60120413e-04;6.89741934e-05;4.51223746e-04;-4.39345603e-04;-2.33162823e-05;1.11896998e-03;-3.97691164e-04;-6.16129367e-04
70	-5.21537348e-02;-1.22170748e-02;3.22854370e-02;4.84424760e-02;-5.36757307e-06;-4.11106875e-03;-1.21299579e-03;-6.56977932e-03;-9.68342536e-05;-3.05783716e-03;-2.93808998e-03;8.61646721e-05;-5.03208724e-03;2.08788258e-03;-1.95960442e-03;-4.72236022e-03;-1.11625586e-04;-1.67563244e-02;-5.04948428e-03;2.67073873e-03;3.54981760e-03;-2.92856256e-03;4.79161310e-03;2.64625072e-03;-1.70168577e-03
117	-2.23747979e-02;-8.22945577e-02;-6.06810320e-03;4.50414993e-03;6.39445508e-04;5.98936847e-04;8.90721097e-04;1.31606123e-03;6.45045513e-05;-4.04193238e-04;-7.25504908e-04;1.11302900e-03;-8.61715090e-04;7.23549778e-04;-2.49278867e-03;-6.66360608e-04;-2.11452239e-04;-4.02628424e-04;1.28573060e-04;7.14761100e-04;-3.63860660e-04;-1.55566644e-03;2.60848967e-04;3.90280828e-04;-8.91490906e-04
110	9.58553148e-02;-5.09186863e-02;6.61333841e-03;-1.60471356e-03;8.57519381e-05;1.47631745e-03;-4.39367538e-04;4.99407390e-04;-4.56780685e-04;-2.39210084e-03;-2.79505631e-03;9.66654311e-04;-7.37088196e-04;1.29829802e-03;-2.34387277e-03;-2.15974115e-03;1.00146707e-03;1.97283410e-04;-1.90214828e-04;4.37650561e-05;6.61065931e-04;-2.47426263e-03;-2.24698205e-03;1.77116383e-03;1.29150046e-04
56	3.57423718e-02;-7.03683930e-02;-1.04227647e-03;-6.15509545e-04;4.90239977e-04;1.46781752e-03;3.09154260e-04;1.33518053e-03;-2.72653707e-04;-1.80797953e-03;-2.31415514e-03;1.38980571e-03;-9.62427350e-04;1.28181026e-03;-3.16975469e-03;-1.84117083e-03;5.56484430e-04;2.50568735e-04;8.21501300e-05;4.47834309e-04;1.46961581e-04;-2.68761419e-03;-1.54891446e-03;1.42352371e-03;-4.70405883e-04
102	-2.23747979e-02;-8.22945577e-02;-6.06810320e-03;4.50414993e-03;6.39445508e-04;5.98936847e-04;8.90721097e-04;1.31606123e-03;6.45045513e-05;-4.04193238e-04;-7.25504908e-04;1.11302900e-03;-8.61715090e-04;7.23549778e-04;-2.49278867e-03;-6.66360608e-04;-2.11452239e-04;-4.02628424e-04;1.28573060e-04;7.14761100e-04;-3.63860660e-04;-1.55566644e-03;2.60848967e-04;3.90280828e-04;-8.91490906e-04
153	-1.23298066e-01;-5.19684364e-02;3.53370618e-02;2.27724011e-02;6.84205494e-04;-1.33279088e-03;3.68297420e-04;-9.71989945e-04;5.05344583e-05;3.70673652e-04;5.83594436e-05;2.96692954e-04;-1.27007169e-03;-4.51167148e-04;-3.28875434e-04;-7.65852029e-04;-5.91202585e-04;-2.97098830e-03;-3.85186670e-04;8.88819028e-04;6.19898068e-05;-1.51560387e-04;9.68202402e-04;-3.81212006e-04;-1.12949061e-03
396	-1.07148240e-01;1.00719081e-02;9.57357396e-02;3.26461889e-02;1.02698808e-03;-3.05959902e-03;-7.04003379e-04;-3.99524778e-03;-3.95680359e-04;-5.12322226e-04;-1.29977972e-03;7.58064277e-05;-2.78975328e-03;-1.23022593e-03;7.00204820e-04;-3.06043451e-03;-3.80857463e-04;-6.98779604e-03;-1.25518360e-03;1.40789063e-03;1.23094464e-03;-3.72199803e-04;2.17060616e-05;-9.69416160e-05;-1.69842681e-03
380	-0.06536854;0.01418666;0.02698689;-0.02493494;0.00053409;-0.00275337;-0.00326881;-0.00403606;-0.00150634;-0.00044637;-0.00345928;0.00075756;-0.00360644;-0.00290354;-0.00249613;-0.00561132;-0.00328133;-0.00672274;-0.00281905;0.00141929;-0.00250413;0.00188772;-0.00292243;0.00255141;-0.01169214
366	-4.84306313e-02;-5.88338157e-02;-6.88684048e-03;3.27592990e-02;1.23828686e-05;-4.44798747e-04;6.49011621e-04;-1.84342344e-04;3.47801197e-04;-7.26574198e-04;-4.17677337e-04;6.28091876e-04;-1.38278105e-03;1.73135709e-03;-2.57395217e-03;-4.30926844e-04;-3.75052294e-04;-4.21215162e-03;-1.39222784e-03;1.02866347e-03;3.51919760e-04;-1.55650797e-03;2.99461229e-03;9.12240847e-04;-6.65888725e-04
184	0.07962295;-0.04282208;0.0210859;-0.00098826;0.0003774;0.00120679;-0.00071791;-0.00018739;-0.00069058;-0.00299276;-0.00373413;0.00120606;-0.00143591;0.00115271;-0.00257629;-0.003383;0.00119595;-0.00088051;-0.00034452;0.00030353;0.00105707;-0.00310765;-0.00318245;0.00211454;-0.00020373
23	-0.02687289;0.00273015;-0.03073363;-0.06427024;-0.0016863;0.00393718;-0.00378292;0.00484352;-0.00164335;0.00051714;-0.00291459;0.00171249;0.00169198;-0.0012383;-0.00831963;-0.00094507;-0.00521288;0.01109653;-0.0010781;-0.00199365;-0.00972956;0.00436731;-0.00579589;0.00573668;-0.0174792
214	-2.23747979e-02;-8.22945577e-02;-6.06810320e-03;4.50414993e-03;6.39445508e-04;5.98936847e-04;8.90721097e-04;1.31606123e-03;6.45045513e-05;-4.04193238e-04;-7.25504908e-04;1.11302900e-03;-8.61715090e-04;7.23549778e-04;-2.49278867e-03;-6.66360608e-04;-2.11452239e-04;-4.02628424e-04;1.28573060e-04;7.14761100e-04;-3.63860660e-04;-1.55566644e-03;2.60848967e-04;3.90280828e-04;-8.91490906e-04
260	-0.0040822;0.08919822;0.09451661;-0.01841998;0.00057006;-0.00515629;-0.00692101;-0.01148246;-0.00300897;-0.00496026;-0.00876244;-0.00017711;-0.00636719;-0.00371758;0.00102784;-0.01229152;-0.00038684;-0.01435653;-0.00474841;0.00142733;0.00254472;-0.00028471;-0.00883704;0.004642;-0.00906349
371	-5.12859884e-02;-8.79820030e-02;-8.54853061e-03;7.03397588e-03;5.88731304e-04;2.04618399e-04;9.46587260e-04;1.09587125e-03;1.68587488e-04;1.37122513e-04;-7.03237557e-05;8.35856185e-04;-6.86835440e-04;4.17363303e-04;-1.85393723e-03;-1.63012334e-04;-4.33943101e-04;-5.57259392e-04;1.18681003e-04;6.80522874e-04;-4.70291619e-04;-9.13647510e-04;8.13425531e-04;-1.41645606e-05;-8.77665237e-04
358	-8.58262777e-02;-1.15261846e-02;2.66093483e-02;-9.27869732e-03;7.10681984e-04;-1.91312752e-03;-8.01008224e-04;-1.95141297e-03;-4.56557940e-04;2.32938120e-04;-1.04348001e-03;5.32931888e-04;-2.15881693e-03;-1.30740065e-03;-1.23740889e-03;-2.32682437e-03;-1.63520492e-03;-4.36708680e-03;-1.17433439e-03;1.17934167e-03;-8.83166929e-04;5.03494181e-04;1.86927982e-06;4.52253767e-04;-4.63721417e-03
84	-0.05565881;-0.03782642;-0.05854383;0.09175094;-0.00210135;-0.00022788;0.00032111;-0.00058237;0.00106575;-0.00132458;0.00077821;-0.00052484;-0.00026388;0.00454985;-0.0028773;0.00200353;-0.00015675;-0.00622573;-0.00344957;0.00035713;0.00105498;-0.00120513;0.00755895;0.00216955;0.00132013
109	8.67749989e-04;2.55625941e-02;4.05203348e-02;8.38618313e-03;-2.67495823e-03;-1.87739055e-02;-3.19889586e-02;-6.60618229e-02;-1.77037556e-02;-5.89214963e-02;-9.85326340e-02;1.02993191e-02;-1.60214441e-01;2.78025357e-02;-2.02199050e-01;9.03972438e-01;-5.73938927e-03;2.41512668e-01;7.82186499e-02;-1.34072178e-02;-2.32903203e-02;2.09196691e-02;2.35448498e-02;-3.91400686e-02;3.36194717e-02
353	-8.72296970e-02;7.66620060e-02;-1.10455996e-01;-1.63351924e-01;-1.06626580e-03;1.48305509e-03;-1.33262979e-03;2.13680604e-03;-3.58065267e-04;1.16880829e-03;3.40168268e-04;7.30325000e-06;1.53847126e-03;-6.82832387e-04;-1.66115616e-03;1.18450955e-03;-1.89484297e-03;4.70668861e-03;-1.05188729e-04;-1.00822481e-03;-3.21598972e-03;2.43610590e-03;-8.43118950e-04;1.02271522e-03;-4.35084578e-03
321	0.02716389;0.13265576;-0.11151011;-0.05072;-0.00439936;0.00261124;-0.00414576;0.00076251;-0.00044183;-0.0015856;-0.00123691;-0.00115127;0.00253714;0.00288959;-0.00370516;0.00166524;-0.00173851;0.00273547;-0.0037198;-0.00242221;-0.00297573;0.00268506;0.00154665;0.0051445;-0.00495038
188	-6.85247390e-02;-9.12907992e-02;-1.00174820e-02;8.53044474e-03;5.42668969e-04;3.67631075e-05;9.27675667e-04;9.59361276e-04;2.02726467e-04;3.46742701e-04;1.93110791e-04;6.88876565e-04;-5.87404900e-04;2.78123034e-04;-1.51952368e-03;4.20076440e-05;-5.02113610e-04;-5.93889135e-04;1.08471065e-04;6.35958132e-04;-4.90073003e-04;-6.22239287e-04;9.90401176e-04;-1.69290953e-04;-8.32419739e-04
182	-9.13876722e-02;6.77122402e-02;1.50621158e-01;4.13291912e-02;9.07025785e-04;-3.35736708e-03;-1.39994755e-03;-5.08172814e-03;-6.38624671e-04;-1.11254673e-03;-1.99862733e-03;-1.59671565e-04;-2.98100545e-03;-1.40628473e-03;1.33186125e-03;-3.83781131e-03;-2.22109984e-05;-7.60891641e-03;-1.50865608e-03;1.25844104e-03;1.75608127e-03;-4.10821593e-04;-8.56073989e-04;2.17942108e-04;-1.46593888e-03
288	-0.04934482;-0.00326951;0.00760965;-0.03037845;0.00021989;-0.0007412;-0.00297603;-0.0011422;-0.0015038;-0.0003651;-0.00363087;0.00152209;-0.002657;-0.00217045;-0.00519029;-0.00480227;-0.003944;-0.00245243;-0.00237041;0.00095086;-0.00466945;0.00179505;-0.00365974;0.00368952;-0.01427581
16	0.03244415;0.00347534;-0.04503736;-0.07764459;-0.00199322;0.00558136;-0.00342471;0.00552819;-0.00153314;-0.0012922;-0.00376937;0.00158526;0.00248575;0.00044779;-0.00735676;-0.0008368;-0.00250358;0.01245249;-0.00022343;-0.00256526;-0.00671407;0.00165459;-0.00675194;0.00557897;-0.01044017
207	-2.23747979e-02;-8.22945577e-02;-6.06810320e-03;4.50414993e-03;6.39445508e-04;5.98936847e-04;8.90721097e-04;1.31606123e-03;6.45045513e-05;-4.04193238e-04;-7.25504908e-04;1.11302900e-03;-8.61715090e-04;7.23549778e-04;-2.49278867e-03;-6.66360608e-04;-2.11452239e-04;-4.02628424e-04;1.28573060e-04;7.14761100e-04;-3.63860660e-04;-1.55566644e-03;2.60848967e-04;3.90280828e-04;-8.91490906e-04
262	-4.67978318e-02;1.38997407e-01;-4.35425783e-02;-1.19182904e-01;-1.91626852e-03;8.92475356e-04;-3.58808356e-03;1.79770962e-05;-1.00404780e-03;2.17579845e-04;-1.20500909e-03;-4.63161916e-04;1.15298499e-03;-1.05252209e-03;-1.72507153e-03;-3.59136016e-04;-2.41607353e-03;3.21026995e-03;-1.58430731e-03;-1.41500039e-03;-3.56825996e-03;3.44908187e-03;-2.05185658e-03;2.64057115e-03;-6.93917267e-03
22	-0.05044521;-0.02224159;0.05777882;0.0196451;0.00169351;-0.00341226;-0.0007856;-0.00484249;-0.00071008;-0.00173559;-0.00315679;0.00090878;-0.00460108;-0.00107019;-0.00078324;-0.00557354;-0.00023886;-0.01032791;-0.00182471;0.00241851;0.00197657;-0.0021626;-0.00088933;0.0006699;-0.00291942
203	0.02420064;-0.02578337;0.04545795;0.00946634;0.0016506;-0.00135515;-0.00192291;-0.00471808;-0.00157346;-0.00547737;-0.00764842;0.00209156;-0.00565497;0.00048155;-0.00346278;-0.00958133;0.0016835;-0.01021936;-0.00217409;0.00233575;0.00360927;-0.00624794;-0.00605206;0.00383322;-0.00259235
335	-0.02868815;0.03050149;-0.01511184;-0.06841956;-0.00248883;0.00325987;-0.00789676;0.00226566;-0.00330574;-0.00026501;-0.00628835;0.00161466;0.00088297;-0.00387811;-0.01011494;-0.00512522;-0.00823656;0.01188981;-0.00365513;-0.00314391;-0.0146536;0.00883265;-0.01287556;0.01075608;-0.03300045
386	7.05129912e-02;-6.29400470e-02;1.97178617e-03;-3.66866380e-03;2.83651350e-04;1.60474138e-03;-1.02944079e-04;1.01094836e-03;-3.97770910e-04;-2.15929635e-03;-2.63988881e-03;1.19073077e-03;-7.74774904e-04;1.27220813e-03;-2.74001471e-03;-2.03323293e-03;8.46446792e-04;5.47707962e-04;2.84349114e-05;1.75603203e-04;3.97295942e-04;-2.60218005e-03;-2.15345594e-03;1.62779047e-03;-1.07774919e-04
103	3.34626581e-02;1.36437976e-01;-1.91792234e-01;3.15985829e-01;-1.76671321e-03;-8.68815730e-05;-5.41644978e-04;-1.06739977e-03;4.83426329e-04;-1.22463395e-03;1.71088285e-04;-7.78527284e-04;2.33453662e-04;2.63206850e-03;-7.61348491e-04;1.04998024e-03;3.21455483e-04;-3.25136368e-03;-2.13824579e-03;-2.51284470e-04;9.95093761e-04;-3.77483549e-04;3.54531180e-03;1.48392987e-03;1.33493426e-03
346	5.94847598e-02;-5.19032409e-02;1.69209889e-03;9.44453092e-03;2.35008291e-06;1.56552717e-03;-3.52071485e-04;4.74884160e-04;-4.02763178e-04;-3.01574210e-03;-3.32422868e-03;1.24587681e-03;-1.20330168e-03;2.13540542e-03;-3.46567172e-03;-2.57545306e-03;1.10375984e-03;-1.06560205e-03;-7.20358215e-04;3.06913051e-04;9.48151303e-04;-3.40411104e-03;-1.67207818e-03;2.45976280e-03;8.23140320e-05
47	7.68219035e-02;-3.97816972e-02;2.45286295e-02;-4.25848460e-05;4.34484551e-04;1.09718595e-03;-8.36340581e-04;-4.68198134e-04;-7.61432642e-04;-3.20837691e-03;-4.03383752e-03;1.25232325e-03;-1.65876367e-03;1.13648813e-03;-2.62237559e-03;-3.77039154e-03;1.26903673e-03;-1.32287634e-03;-4.44185232e-04;3.79034988e-04;1.22060381e-03;-3.30188373e-03;-3.43161806e-03;2.25157327e-03;-2.80982228e-04
330	-1.16176161e-01;-5.70424152e-02;-5.59063391e-02;8.34352434e-02;-7.55667619e-04;-4.39191660e-04;5.42716887e-04;-7.90044931e-05;6.27174501e-04;4.24524206e-05;9.79837080e-04;-1.94312909e-04;-1.90565300e-04;1.76596978e-03;-1.25803707e-03;1.28808555e-03;-4.55090819e-04;-2.96240748e-03;-1.40157200e-03;3.71083705e-04;1.49969226e-04;-2.04552576e-04;3.95967070e-03;4.87474904e-04;2.12904451e-04
300	-7.39839754e-02;1.32487275e-01;3.17269160e-02;-8.86060246e-02;-7.60321341e-04;-1.19311075e-03;-3.67638010e-03;-2.67961347e-03;-1.28031914e-03;-6.93108995e-05;-2.01784078e-03;-3.99479686e-04;-6.99159106e-04;-2.32258492e-03;-3.19392906e-04;-2.58400235e-03;-2.13472031e-03;-9.19978699e-04;-1.71581439e-03;-4.45161060e-04;-2.21886655e-03;2.91079097e-03;-2.92301138e-03;1.92170805e-03;-6.93624042e-03
32	1.05711343e-01;-4.61901318e-02;1.41200514e-02;-5.00544909e-03;1.56593210e-04;1.32757371e-03;-5.46070003e-04;2.65319832e-04;-5.17469350e-04;-2.35526135e-03;-2.84211735e-03;9.15414586e-04;-7.88141966e-04;1.04789399e-03;-2.05535663e-03;-2.31715785e-03;1.00805718e-03;1.44540285e-04;-1.35621656e-04;4.17358283e-05;7.01611816e-04;-2.34440805e-03;-2.51838509e-03;1.66856572e-03;7.28114777e-05
336	0.00315387;-0.04854672;0.00157176;-0.01039681;0.00062947;0.00138616;-0.00027803;0.00127469;-0.00062442;-0.00200451;-0.00334302;0.00196563;-0.00173571;0.00096127;-0.00487969;-0.00313981;-0.00030443;-0.00030714;-0.00040134;0.00080232;-0.0008883;-0.00284462;-0.0024838;0.0024299;-0.00363677
130	0.09872917;-0.00996759;0.05147884;0.00280673;0.00041231;0.00030364;-0.00159008;-0.00210714;-0.00101114;-0.00365801;-0.00463039;0.00090997;-0.00212243;0.00067812;-0.00162763;-0.00473025;0.00149064;-0.00292059;-0.00086701;0.00039762;0.00187262;-0.00310104;-0.00407543;0.00237323;-0.00026588
199	-6.69044107e-04;7.38025319e-02;-1.20231875e-01;3.72459080e-02;-7.63328608e-03;2.99370919e-03;-4.27891533e-03;3.34021600e-04;8.46354233e-04;-3.33532024e-03;-5.66693027e-05;-2.38263166e-03;3.39885252e-03;8.93369368e-03;-6.74718090e-03;5.11775212e-03;-1.71244073e-03;-3.07576668e-03;-8.32963306e-03;-2.96676147e-03;-1.90802402e-03;2.00321837e-03;1.11081506e-02;8.67960438e-03;-2.85374569e-03
367	5.74993513e-02;-6.57447444e-02;8.44127210e-04;-2.52865013e-03;3.60791495e-04;1.59586127e-03;3.51206588e-05;1.14545849e-03;-3.64805640e-04;-2.09187610e-03;-2.59328491e-03;1.28748415e-03;-8.57175902e-04;1.30679013e-03;-2.95304857e-03;-2.01926637e-03;7.70205252e-04;4.62452751e-04;4.77728808e-05;2.71661522e-04;3.23619812e-04;-2.69919183e-03;-2.00754559e-03;1.60173101e-03;-2.31615612e-04
350	-0.02834639;-0.00108215;0.07647641;0.02091245;0.0022714;-0.00534319;-0.00248825;-0.00914324;-0.0015866;-0.00405449;-0.00647531;0.00104017;-0.00747739;-0.00184247;-0.00019802;-0.01050783;0.00052797;-0.01740569;-0.00341006;0.00350776;0.0044143;-0.00388405;-0.00378848;0.00202276;-0.00415843
72	-0.01250924;0.01408584;0.08974795;0.02178265;0.00235136;-0.00609191;-0.00364443;-0.01139595;-0.00210771;-0.00546618;-0.00832637;0.00091698;-0.00859414;-0.00217776;0.00045784;-0.01296158;0.00119689;-0.02022661;-0.00417439;0.00369041;0.00579399;-0.00463539;-0.0058465;0.0029154;-0.00427967
124	-0.07039059;0.10534584;-0.04454428;0.05142497;-0.0056451;-0.00208358;-0.00499288;-0.00584049;0.00028761;-0.0027948;-0.00073061;-0.00280494;-0.00022953;0.00536784;-0.00295698;0.00109609;-0.00214365;-0.01239272;-0.00903742;-0.00096085;0.0001655;0.00269209;0.01013689;0.00671399;-0.00446214
77	-0.04059854;0.00042579;0.03883758;0.05305582;-0.000392;-0.00601959;-0.00264834;-0.01079947;-0.00040664;-0.00552503;-0.00534213;-0.00024172;-0.00766279;0.00336414;-0.0023234;-0.00815012;0.00049524;-0.02691013;-0.00846862;0.00385837;0.00659673;-0.00492734;0.00654422;0.00509982;-0.00203249
302	-5.12859884e-02;-8.79820030e-02;-8.54853061e-03;7.03397588e-03;5.88731304e-04;2.04618399e-04;9.46587260e-04;1.09587125e-03;1.68587488e-04;1.37122513e-04;-7.03237557e-05;8.35856185e-04;-6.86835440e-04;4.17363303e-04;-1.85393723e-03;-1.63012334e-04;-4.33943101e-04;-5.57259392e-04;1.18681003e-04;6.80522874e-04;-4.70291619e-04;-9.13647510e-04;8.13425531e-04;-1.41645606e-05;-8.77665237e-04
41	-1.36190954e-01;-1.03642615e-01;-1.56813459e-02;1.42676424e-02;3.69148720e-04;-2.67336001e-04;7.37241631e-04;5.56315779e-04;2.28124430e-04;6.53261350e-04;6.17655348e-04;3.17706584e-04;-3.17308232e-04;-7.83924092e-06;-6.87846460e-04;3.85150964e-04;-5.34461652e-04;-5.60120413e-04;6.89741934e-05;4.51223746e-04;-4.39345603e-04;-2.33162823e-05;1.11896998e-03;-3.97691164e-04;-6.16129367e-04
394	-4.72896579e-02;7.92088474e-02;-7.11584952e-02;-4.32563824e-04;-8.45177489e-03;1.48624460e-03;-7.22650209e-03;-1.83821468e-03;1.46109823e-05;-2.54075974e-03;-7.69871510e-04;-3.02870966e-03;2.97883736e-03;7.38658906e-03;-8.02982537e-03;4.11636105e-03;-5.02956691e-03;-5.31714958e-03;-1.15652107e-02;-3.55483178e-03;-5.44074776e-03;6.41108931e-03;1.20904349e-02;1.18170009e-02;-1.24209328e-02
88	0.08920456;0.00688069;0.06961305;0.00725141;0.00061153;-0.00054911;-0.00223807;-0.00378834;-0.00130907;-0.00436486;-0.00565481;0.00086025;-0.00305757;0.00032566;-0.00120994;-0.00628106;0.00172001;-0.00523626;-0.00138969;0.00069617;0.00264679;-0.00347314;-0.0049313;0.00272644;-0.00057813
68	-0.03846248;0.00117963;0.05597991;0.00403696;0.00203536;-0.00516284;-0.003279;-0.00874872;-0.00192332;-0.00359274;-0.00688765;0.0013256;-0.0076957;-0.00260615;-0.00161085;-0.01124587;-0.00094077;-0.01734476;-0.00406784;0.00364236;0.00261582;-0.00278455;-0.00474628;0.00305625;-0.00897162
399	-2.58235703e-02;-3.61401063e-02;4.10455340e-02;1.38784774e-02;1.70201432e-03;-2.24199921e-03;-5.23936393e-04;-3.55426267e-03;-7.53410478e-04;-2.40843430e-03;-3.91694007e-03;1.50685179e-03;-4.54644611e-03;-2.97897726e-04;-2.30596493e-03;-5.89442892e-03;7.67110485e-05;-9.09884947e-03;-1.58402704e-03;2.41886516e-03;1.86311202e-03;-3.39617779e-03;-1.64112823e-03;1.36550421e-03;-2.90705678e-03
49	1.06201794e-02;9.68502643e-02;-6.61291330e-02;-1.46214093e-01;-1.86354698e-03;2.69741812e-03;-3.36135568e-03;2.30200304e-03;-1.14776563e-03;1.51725369e-04;-1.58598959e-03;9.86272594e-05;2.02450950e-03;-9.52792456e-04;-2.86554990e-03;-3.62902110e-05;-2.31753936e-03;7.32385365e-03;-5.71412015e-04;-1.92127712e-03;-4.54812570e-03;3.15092364e-03;-3.78988628e-03;2.92556874e-03;-7.26832141e-03
112	0.06137299;0.08118044;0.03249095;0.00997301;-0.00440239;-0.00179154;-0.01074768;-0.01289789;-0.00322055;-0.01204145;-0.01377263;-0.00131025;-0.00548771;0.00463138;-0.00443493;-0.01381171;0.00197049;-0.0198662;-0.01206362;-0.00099772;0.00566567;-0.00407372;-0.00658224;0.01534067;-0.00801412
69	1.22051882e-01;-5.15593931e-02;6.41948856e-03;-8.12882945e-03;5.95090264e-05;1.36792344e-03;-4.04950614e-04;5.39407916e-04;-4.08503602e-04;-1.96329848e-03;-2.31669383e-03;7.77912587e-04;-4.64099187e-04;9.86508252e-04;-1.81439612e-03;-1.72788208e-03;8.73065710e-04;6.38218480e-04;-2.23100080e-05;-6.39763847e-05;4.90232758e-04;-1.94765895e-03;-2.10140830e-03;1.40948524e-03;1.74691930e-04
11	0.09560694;-0.03957393;-0.01334442;0.02384779;-0.00075652;0.00166956;-0.0006428;0.00026238;-0.00022457;-0.00306143;-0.00278843;0.00066279;-0.00053799;0.00271885;-0.00292503;-0.00160763;0.00122643;-0.00105086;-0.0011898;-0.00013295;0.00112731;-0.00282282;-0.00056341;0.00262873;0.0008958
283	1.35789190e-01;-3.07079919e-02;-9.71301984e-03;2.00169964e-02;-5.74931898e-04;1.34234830e-03;-6.71779023e-04;9.63446231e-05;-2.66319034e-04;-2.41298493e-03;-2.28253609e-03;4.50600664e-04;-3.28383645e-04;1.85796665e-03;-1.93171588e-03;-1.37503040e-03;1.03556105e-03;-4.17415130e-04;-7.66645350e-04;-2.11933405e-04;8.84815856e-04;-2.02583064e-03;-9.65285009e-04;1.94295120e-03;7.27971233e-04
10	3.57423718e-02;-7.03683930e-02;-1.04227647e-03;-6.15509545e-04;4.90239977e-04;1.46781752e-03;3.09154260e-04;1.33518053e-03;-2.72653707e-04;-1.80797953e-03;-2.31415514e-03;1.38980571e-03;-9.62427350e-04;1.28181026e-03;-3.16975469e-03;-1.84117083e-03;5.56484430e-04;2.50568735e-04;8.21501300e-05;4.47834309e-04;1.46961581e-04;-2.68761419e-03;-1.54891446e-03;1.42352371e-03;-4.70405882e-04
52	-0.02271699;-0.03353874;0.01635498;-0.00688817;0.00111916;-0.00049644;-0.00094964;-0.00110983;-0.00094171;-0.00201719;-0.00407547;0.00201179;-0.00349008;-0.00014814;-0.00467622;-0.00519648;-0.0010647;-0.00485689;-0.00142343;0.00178186;-0.00068744;-0.00261839;-0.00265831;0.00261027;-0.00640015
232	3.57423718e-02;-7.03683930e-02;-1.04227647e-03;-6.15509545e-04;4.90239977e-04;1.46781752e-03;3.09154260e-04;1.33518053e-03;-2.72653707e-04;-1.80797953e-03;-2.31415514e-03;1.38980571e-03;-9.62427350e-04;1.28181026e-03;-3.16975469e-03;-1.84117083e-03;5.56484430e-04;2.50568735e-04;8.21501300e-05;4.47834309e-04;1.46961581e-04;-2.68761419e-03;-1.54891446e-03;1.42352371e-03;-4.70405882e-04
114	0.01641036;0.01040245;0.01337333;-0.03638762;-0.00108084;0.00364019;-0.01305466;-0.00464228;-0.00733912;-0.01264069;-0.02498207;0.00650254;-0.0091336;-0.00308833;-0.02306729;-0.03353679;-0.00629196;-0.0007341;-0.01381257;-0.00216427;-0.01950044;-0.00883417;-0.08467077;0.06254411;-0.15137665
210	-5.12859884e-02;-8.79820030e-02;-8.54853061e-03;7.03397588e-03;5.88731304e-04;2.04618399e-04;9.46587260e-04;1.09587125e-03;1.68587488e-04;1.37122513e-04;-7.03237557e-05;8.35856185e-04;-6.86835440e-04;4.17363303e-04;-1.85393723e-03;-1.63012334e-04;-4.33943101e-04;-5.57259392e-04;1.18681003e-04;6.80522874e-04;-4.70291619e-04;-9.13647510e-04;8.13425531e-04;-1.41645606e-05;-8.77665237e-04
33	2.44525605e-02;5.88400703e-02;-1.26929641e-01;2.11572880e-01;-3.06119480e-03;4.34387160e-06;-8.60286005e-04;-1.70375498e-03;8.61463007e-04;-2.36218254e-03;1.01495868e-04;-1.22886134e-03;2.96244501e-04;4.93312818e-03;-1.79168713e-03;1.75110625e-03;6.15867268e-04;-5.95586084e-03;-3.89603727e-03;-3.78293281e-04;1.82083857e-03;-9.98550785e-04;6.47021308e-03;2.85329414e-03;2.40054641e-03
140	0.00298911;0.14647072;-0.04532729;-0.03697697;-0.00544642;0.00096003;-0.00726635;-0.00325581;-0.00128855;-0.00310643;-0.00349851;-0.00195915;0.00135821;0.00256276;-0.00369572;-0.0009668;-0.00253188;-0.00192931;-0.00666237;-0.00272618;-0.00297068;0.00406424;0.00077516;0.00787797;-0.00894381
224	0.04430873;-0.03874785;0.02985046;0.00437172;0.00092392;0.00049822;-0.00099998;-0.00147086;-0.00100015;-0.00400759;-0.00530417;0.00174122;-0.00300882;0.00111983;-0.00341849;-0.00564895;0.00138433;-0.00391063;-0.0009075;0.00107338;0.00184589;-0.00455394;-0.00423248;0.00284926;-0.0010903
159	-6.74500825e-02;6.50969300e-02;1.95645369e-02;-6.00973095e-02;-7.81945808e-04;-1.79186820e-03;-5.27718051e-03;-3.59696476e-03;-2.00575824e-03;1.50603945e-05;-3.43878600e-03;-3.71923312e-05;-1.73193460e-03;-3.72358465e-03;-1.98915480e-03;-4.65852096e-03;-4.12925879e-03;-2.06414275e-03;-2.97482821e-03;-2.51448263e-04;-4.49470551e-03;4.64603631e-03;-4.77233140e-03;3.54456470e-03;-1.38682990e-02
4	0.0386804;0.02727302;0.01759806;-0.04365944;-0.00159286;0.0033623;-0.01161753;-0.00470487;-0.00587328;-0.01065414;-0.01905611;0.00342398;-0.00514786;-0.001916;-0.01263826;-0.02119487;-0.0020236;0.00135247;-0.00727875;-0.00263726;-0.00634684;-0.00334588;-0.0350446;0.02336022;-0.03744894
286	0.07023282;0.0575382;0.04397706;-0.04163388;-0.00065639;0.00037531;-0.00636911;-0.00501874;-0.00292428;-0.00597534;-0.00937483;0.000836;-0.00303657;-0.00103726;-0.00287512;-0.00977348;0.0004845;-0.00301836;-0.00299604;-0.00063996;0.00037549;-0.00172923;-0.01122435;0.00667525;-0.0078302
329	1.04927519e-01;-3.73395828e-02;-5.65916944e-03;-2.53751499e-02;-1.54531786e-04;1.99183707e-03;-7.91658530e-04;1.08648457e-03;-5.84850804e-04;-2.19983716e-03;-2.80878025e-03;9.52910874e-04;-2.38477340e-04;1.07716067e-03;-2.56425970e-03;-1.91094525e-03;7.12862123e-04;1.82589774e-03;-4.43535149e-05;-3.13234813e-04;-5.11794026e-05;-1.92279087e-03;-2.86809559e-03;1.99675444e-03;-6.77989586e-04
229	-0.00051043;-0.00163462;-0.01981429;-0.05432608;-0.00185215;0.00560003;-0.00545706;0.00528637;-0.0027074;-0.00213474;-0.00710889;0.00304973;0.00097782;-0.00064565;-0.01262384;-0.00478083;-0.00546685;0.01424986;-0.00193739;-0.00275275;-0.01227899;0.00285408;-0.01289289;0.01105614;-0.02592207
192	1.50175945e-01;-4.51754642e-02;8.82459894e-03;-1.05094082e-02;-5.71708517e-06;1.19151791e-03;-4.52288174e-04;3.69496867e-04;-3.77286580e-04;-1.74841358e-03;-2.03879192e-03;6.05579426e-04;-3.45482969e-04;8.30112738e-04;-1.42414004e-03;-1.50318644e-03;8.04453339e-04;6.03386057e-04;-3.49577726e-05;-1.18397047e-04;4.70724974e-04;-1.61468094e-03;-1.90436123e-03;1.23381599e-03;2.27405358e-04
383	0.0508269;0.06427837;-0.10038664;0.02810778;-0.00740422;0.00401653;-0.00481756;0.00036765;0.00034644;-0.0050923;-0.00224069;-0.00187784;0.00309403;0.00931333;-0.00741324;0.00325216;-0.0005673;-0.00203419;-0.00806488;-0.00323451;-0.00110886;0.00031349;0.00811815;0.00985556;-0.00214655
202	9.35381437e-02;-5.79083948e-02;3.96351151e-03;-5.67394210e-03;1.65006646e-04;1.53292944e-03;-2.83046498e-04;7.77640514e-04;-4.20696981e-04;-2.13485625e-03;-2.56138043e-03;9.98497591e-04;-6.24494604e-04;1.15803820e-03;-2.31106350e-03;-1.94068102e-03;8.99540727e-04;6.27034364e-04;4.47902649e-07;4.07106981e-05;4.70596222e-04;-2.32883189e-03;-2.22000297e-03;1.57012176e-03;5.73293980e-05
170	9.72637981e-02;5.50373276e-03;3.29019121e-02;-2.05628741e-02;-3.68930294e-05;1.14604242e-03;-2.40564292e-03;-1.50049272e-03;-1.32302435e-03;-3.92605131e-03;-5.30667223e-03;1.00238093e-03;-1.65287453e-03;6.28622951e-04;-2.44240870e-03;-4.96974747e-03;1.17513725e-03;-1.02230197e-03;-9.80675360e-04;-1.13997582e-04;9.73215348e-04;-2.70047660e-03;-5.40231936e-03;3.30202395e-03;-1.76794319e-03
276	0.0543511;0.01019814;-0.03136243;-0.04203603;-0.0032337;0.00583967;-0.00502441;0.00330851;-0.00184654;-0.00491582;-0.00690312;0.00146505;0.00150255;0.00343299;-0.00938242;-0.00322412;-0.00111524;0.00822938;-0.00306583;-0.00292871;-0.00472266;-0.00096826;-0.00699844;0.00976807;-0.01004555
216	2.04889852e-01;-3.24327009e-02;1.34309698e-02;-1.49862119e-02;-6.61866898e-05;9.04141472e-04;-4.49801033e-04;1.73857649e-04;-3.09292297e-04;-1.36943627e-03;-1.57216294e-03;3.85568548e-04;-2.02621256e-04;6.01851993e-04;-9.23000001e-04;-1.14207428e-03;6.56151358e-04;5.04047835e-04;-4.46954347e-05;-1.53815097e-04;4.02407038e-04;-1.14535425e-03;-1.52301993e-03;9.47117127e-04;2.46734089e-04
1	-7.99586083e-02;-9.34502918e-02;-1.09867902e-02;9.51659194e-03;5.10511043e-04;-4.89729125e-05;9.03023951e-04;8.74677012e-04;2.16629946e-04;4.46622556e-04;3.22381120e-04;6.03760481e-04;-5.27976890e-04;2.03880017e-04;-1.32712057e-03;1.43682251e-04;-5.27922628e-04;-6.02717873e-04;1.01215159e-04;6.03050695e-04;-4.91605456e-04;-4.67043568e-04;1.06142871e-03;-2.42964383e-04;-7.96126037e-04
368	0.08443937;0.01118527;-0.02618012;0.01090052;-0.00312114;0.00305348;-0.0033661;-0.00054823;-0.00071315;-0.00589074;-0.00542433;0.00027685;-0.00013543;0.00547607;-0.00581578;-0.0026126;0.00132286;-0.00206252;-0.00423891;-0.00132223;0.00101495;-0.00338924;-0.00049915;0.00721118;-0.00098195
307	1.58126618e-01;-4.33496806e-02;9.50054807e-03;-1.11736276e-02;-1.88889742e-05;1.14417005e-03;-4.57447171e-04;3.31595018e-04;-3.67276220e-04;-1.68797249e-03;-1.96285406e-03;5.65102025e-04;-3.18440750e-04;7.90648101e-04;-1.33220593e-03;-1.44331290e-03;7.82527586e-04;5.89944987e-04;-3.73110903e-05;-1.27897178e-04;4.61968794e-04;-1.53226229e-03;-1.84560987e-03;1.18656753e-03;2.35150354e-04
357	-2.23747979e-02;-8.22945577e-02;-6.06810320e-03;4.50414993e-03;6.39445508e-04;5.98936847e-04;8.90721097e-04;1.31606123e-03;6.45045513e-05;-4.04193238e-04;-7.25504908e-04;1.11302900e-03;-8.61715090e-04;7.23549778e-04;-2.49278867e-03;-6.66360608e-04;-2.11452239e-04;-4.02628424e-04;1.28573060e-04;7.14761100e-04;-3.63860660e-04;-1.55566644e-03;2.60848967e-04;3.90280828e-04;-8.91490906e-04
163	-0.03769323;0.05450832;-0.01888795;0.01283326;-0.02522942;-0.00796285;-0.03485328;-0.03936836;-0.0046967;-0.03278433;-0.03424409;-0.03119674;-0.02350868;0.10524648;-0.15280286;-0.16553164;0.86092879;0.31878078;0.1875527;0.009353;0.01032287;-0.0195229;-0.05480311;-0.06679975;0.05471856
31	0.0286518;-0.00902837;0.06170808;0.01210197;0.00189781;-0.00275688;-0.00318719;-0.00777185;-0.00214399;-0.00685271;-0.00959698;0.00191481;-0.00730349;-0.00018342;-0.00249836;-0.0126058;0.00223803;-0.01466452;-0.0032345;0.00283795;0.00530178;-0.00699354;-0.00808897;0.00466216;-0.00312226
38	-0.01934428;-0.02268048;0.02131429;-0.00956753;0.00129732;-0.00104715;-0.00220434;-0.00269576;-0.00161417;-0.00319559;-0.00634281;0.00249848;-0.00509353;-0.00070475;-0.00591169;-0.00837803;-0.00146771;-0.00780626;-0.00256071;0.00240268;-0.00076269;-0.00341629;-0.00532935;0.00448574;-0.01052924
352	-0.03043928;0.05199712;0.01894703;-0.05462709;-0.00186927;-0.00190289;-0.01330711;-0.00821137;-0.00584169;-0.0037485;-0.01349295;0.00114664;-0.00546616;-0.00866858;-0.00882312;-0.01814936;-0.01033604;-0.0045949;-0.0101746;-0.00164773;-0.01503189;0.01233594;-0.02702771;0.01921105;-0.05923756
213	1.58512536e-01;-3.19761309e-03;-1.38217215e-02;-5.22465983e-02;-3.92286792e-04;1.66095728e-03;-1.01788394e-03;7.66525505e-04;-5.39111771e-04;-1.64013133e-03;-2.13820856e-03;5.16354414e-04;1.49315211e-04;6.56750387e-04;-1.66306291e-03;-1.31175687e-03;4.67603688e-04;2.00490621e-03;-8.36179518e-05;-5.16797299e-04;-2.42408248e-04;-9.74252125e-04;-2.46391474e-03;1.62560561e-03;-7.33734059e-04
356	0.0129399;0.10262398;-0.01750704;0.01016739;-0.02072494;-0.00174529;-0.02958108;-0.02772428;-0.00529973;-0.02641696;-0.02608909;-0.01218272;-0.00408177;0.0286828;-0.02572994;-0.02156533;-0.00854563;-0.08738207;-0.08683481;-0.02300562;0.00323377;0.02179186;0.05187688;0.17964141;-0.20053619
30	1.31474600e-01;-4.94336611e-02;7.22752416e-03;-8.93145004e-03;3.39722834e-05;1.30808628e-03;-4.26952798e-04;4.75701733e-04;-3.99205331e-04;-1.89260904e-03;-2.22351973e-03;7.14899923e-04;-4.20079323e-04;9.31488321e-04;-1.67191416e-03;-1.65135797e-03;8.52594528e-04;6.29667240e-04;-2.74269701e-05;-8.64949262e-05;4.86429846e-04;-1.82925298e-03;-2.03930899e-03;1.35002795e-03;1.97677124e-04
271	2.52590476e-02;-2.30259551e-02;-3.11188990e-02;-5.12893192e-02;-1.08594973e-03;4.79573046e-03;-2.11791741e-03;4.96345137e-03;-1.20571597e-03;-1.73464760e-03;-3.85910835e-03;2.06037211e-03;1.20032237e-03;1.04939352e-03;-7.47690053e-03;-1.54424824e-03;-1.71820670e-03;9.27092481e-03;-8.04214630e-05;-1.49397731e-03;-5.10882877e-03;-3.91340327e-04;-5.61648276e-03;4.90605200e-03;-8.38562088e-03
126	2.04889852e-01;-3.24327009e-02;1.34309698e-02;-1.49862119e-02;-6.61866898e-05;9.04141472e-04;-4.49801033e-04;1.73857649e-04;-3.09292297e-04;-1.36943627e-03;-1.57216294e-03;3.85568548e-04;-2.02621256e-04;6.01851993e-04;-9.23000001e-04;-1.14207428e-03;6.56151358e-04;5.04047835e-04;-4.46954347e-05;-1.53815097e-04;4.02407038e-04;-1.14535425e-03;-1.52301993e-03;9.47117127e-04;2.46734089e-04
243	-2.30848879e-02;1.17601632e-01;-6.52295791e-02;3.68335790e-02;-9.29285853e-03;-1.52107115e-04;-8.20853674e-03;-6.23072433e-03;8.58344780e-05;-5.39865233e-03;-2.36396244e-03;-4.05241193e-03;1.49972979e-03;9.34481578e-03;-6.08768795e-03;2.15888978e-03;-2.63677376e-03;-1.31366098e-02;-1.36162426e-02;-3.10423263e-03;-7.29177164e-04;3.87747251e-03;1.33166086e-02;1.26112053e-02;-6.99011472e-03
58	-0.05134345;0.00075455;0.00754808;-0.00077467;-0.00095767;-0.00258679;-0.00358506;-0.00463969;-0.00105623;-0.00224833;-0.00422288;0.00072694;-0.0044621;0.00077754;-0.0061188;-0.00562925;-0.00373491;-0.01323955;-0.0066841;0.00197771;-0.0020552;0.00040498;0.00261059;0.00633806;-0.0141383
360	8.55694357e-04;-7.76040855e-02;-4.06360280e-03;2.45981921e-03;6.27374451e-04;9.84979242e-04;7.27717490e-04;1.42208143e-03;-6.32113420e-05;-9.86149358e-04;-1.40457289e-03;1.30772627e-03;-9.67135534e-04;9.98458091e-04;-2.95163904e-03;-1.17994247e-03;7.43967649e-05;-1.75493675e-04;1.22305631e-04;6.68106521e-04;-1.92747353e-04;-2.12867837e-03;-4.29654042e-04;8.27126107e-04;-7.98883609e-04
226	5.74993513e-02;-6.57447444e-02;8.44127210e-04;-2.52865013e-03;3.60791495e-04;1.59586127e-03;3.51206588e-05;1.14545849e-03;-3.64805640e-04;-2.09187610e-03;-2.59328491e-03;1.28748415e-03;-8.57175902e-04;1.30679013e-03;-2.95304857e-03;-2.01926637e-03;7.70205252e-04;4.62452751e-04;4.77728808e-05;2.71661522e-04;3.23619812e-04;-2.69919183e-03;-2.00754559e-03;1.60173101e-03;-2.31615612e-04
312	1.95951569e-01;-1.97313062e-02;-1.68211100e-03;9.89690140e-03;-3.37521944e-04;9.55828758e-04;-5.63837992e-04;2.40818152e-05;-2.58291516e-04;-1.65248329e-03;-1.65730176e-03;2.92466678e-04;-1.77660406e-04;1.04414779e-03;-1.09704553e-03;-1.06320674e-03;7.57135960e-04;5.24400724e-05;-3.71848819e-04;-2.06609881e-04;5.87930016e-04;-1.28723821e-03;-1.09791943e-03;1.24343936e-03;4.79568239e-04
245	0.01107205;0.04057215;-0.07083305;-0.11795761;-0.00218784;0.00433483;-0.00330538;0.00463499;-0.00119763;0.00031125;-0.00170544;0.00062775;0.00291399;-0.00050254;-0.00491864;0.00070525;-0.0029552;0.0110283;-0.00024289;-0.00245649;-0.0063626;0.00343026;-0.00444414;0.00379708;-0.00920179
83	2.04889852e-01;-3.24327009e-02;1.34309698e-02;-1.49862119e-02;-6.61866898e-05;9.04141472e-04;-4.49801033e-04;1.73857649e-04;-3.09292297e-04;-1.36943627e-03;-1.57216294e-03;3.85568548e-04;-2.02621256e-04;6.01851993e-04;-9.23000001e-04;-1.14207428e-03;6.56151358e-04;5.04047835e-04;-4.46954347e-05;-1.53815097e-04;4.02407038e-04;-1.14535425e-03;-1.52301993e-03;9.47117127e-04;2.46734089e-04
190	2.04889852e-01;-3.24327009e-02;1.34309698e-02;-1.49862119e-02;-6.61866898e-05;9.04141472e-04;-4.49801033e-04;1.73857649e-04;-3.09292297e-04;-1.36943627e-03;-1.57216294e-03;3.85568548e-04;-2.02621256e-04;6.01851993e-04;-9.23000001e-04;-1.14207428e-03;6.56151358e-04;5.04047835e-04;-4.46954347e-05;-1.53815097e-04;4.02407038e-04;-1.14535425e-03;-1.52301993e-03;9.47117127e-04;2.46734089e-04
19	7.94399037e-02;-2.26171448e-02;7.44064464e-03;3.64507963e-03;-4.99375965e-04;1.72915632e-03;-1.59947847e-03;-5.31360331e-04;-8.18384732e-04;-4.22994254e-03;-4.78581043e-03;1.11150300e-03;-1.40979533e-03;2.40585729e-03;-3.72866092e-03;-3.83271747e-03;1.40977105e-03;-1.64929706e-03;-1.48857000e-03;-2.82064924e-05;1.29385843e-03;-3.67030280e-03;-3.02754174e-03;3.78152451e-03;-4.91111152e-04
61	8.55694357e-04;-7.76040855e-02;-4.06360280e-03;2.45981921e-03;6.27374451e-04;9.84979242e-04;7.27717490e-04;1.42208143e-03;-6.32113420e-05;-9.86149358e-04;-1.40457289e-03;1.30772627e-03;-9.67135534e-04;9.98458091e-04;-2.95163904e-03;-1.17994247e-03;7.43967649e-05;-1.75493675e-04;1.22305631e-04;6.68106521e-04;-1.92747353e-04;-2.12867837e-03;-4.29654042e-04;8.27126107e-04;-7.98883609e-04
222	1.50175945e-01;-4.51754642e-02;8.82459894e-03;-1.05094082e-02;-5.71708518e-06;1.19151791e-03;-4.52288174e-04;3.69496867e-04;-3.77286580e-04;-1.74841358e-03;-2.03879192e-03;6.05579426e-04;-3.45482969e-04;8.30112738e-04;-1.42414004e-03;-1.50318644e-03;8.04453339e-04;6.03386057e-04;-3.49577726e-05;-1.18397047e-04;4.70724974e-04;-1.61468094e-03;-1.90436123e-03;1.23381599e-03;2.27405358e-04
197	7.68219035e-02;-3.97816972e-02;2.45286295e-02;-4.25848460e-05;4.34484551e-04;1.09718595e-03;-8.36340581e-04;-4.68198134e-04;-7.61432642e-04;-3.20837691e-03;-4.03383752e-03;1.25232325e-03;-1.65876367e-03;1.13648813e-03;-2.62237559e-03;-3.77039154e-03;1.26903673e-03;-1.32287634e-03;-4.44185232e-04;3.79034988e-04;1.22060381e-03;-3.30188373e-03;-3.43161806e-03;2.25157327e-03;-2.80982228e-04
195	-0.0368603;-0.00923648;0.06929494;0.02043122;0.0020824;-0.00462774;-0.00177264;-0.00744385;-0.00122913;-0.00310239;-0.00513884;0.00101998;-0.00639566;-0.00154573;-0.00049032;-0.00855291;0.00017585;-0.01470328;-0.00278194;0.00313091;0.00340989;-0.00321054;-0.00252269;0.00144288;-0.00373955
373	-0.00832749;0.02061681;-0.01977038;-0.0670142;-0.00295908;0.00578544;-0.00850305;0.00470256;-0.00379205;-0.00169601;-0.00842452;0.0026288;0.00180515;-0.00279407;-0.01385993;-0.00605894;-0.00843629;0.01847941;-0.00355018;-0.00458508;-0.01783983;0.00822691;-0.01827646;0.01503201;-0.03958214
259	8.55694357e-04;-7.76040855e-02;-4.06360280e-03;2.45981921e-03;6.27374451e-04;9.84979242e-04;7.27717490e-04;1.42208143e-03;-6.32113420e-05;-9.86149358e-04;-1.40457289e-03;1.30772627e-03;-9.67135534e-04;9.98458091e-04;-2.95163904e-03;-1.17994247e-03;7.43967649e-05;-1.75493675e-04;1.22305631e-04;6.68106521e-04;-1.92747353e-04;-2.12867837e-03;-4.29654042e-04;8.27126107e-04;-7.98883609e-04
143	5.50855559e-02;-6.62617829e-02;6.34878436e-04;-2.31678566e-03;3.75472439e-04;1.58903687e-03;6.33254831e-05;1.16944324e-03;-3.56858843e-04;-2.07130409e-03;-2.57531787e-03;1.30321593e-03;-8.71392170e-04;1.30963630e-03;-2.98731410e-03;-2.00963110e-03;7.51798514e-04;4.43089374e-04;5.15495794e-05;2.90670743e-04;3.07173435e-04;-2.70988691e-03;-1.97009175e-03;1.59072197e-03;-2.56658956e-04
12	1.50774837e-01;4.16530070e-02;-7.42183004e-02;1.29764192e-01;-2.02927886e-03;7.58260047e-04;-1.03804346e-03;-1.04076611e-03;2.45906102e-04;-2.66330908e-03;-1.28591021e-03;-5.31398738e-04;9.70405860e-05;3.52260343e-03;-1.67308307e-03;1.14573164e-04;1.00941153e-03;-3.16530742e-03;-2.45707567e-03;-4.52876987e-04;1.53681398e-03;-1.50720703e-03;2.56406405e-03;2.58823478e-03;1.81595735e-03
37	1.63884674e-01;-6.47298206e-03;-1.72594394e-02;-3.61997815e-03;-6.50392675e-04;1.40048461e-03;-9.06614103e-04;2.42793641e-04;-3.48331896e-04;-2.03522482e-03;-2.07040311e-03;3.35164967e-04;-2.23279789e-05;1.39682796e-03;-1.64906974e-03;-1.16384007e-03;7.64880220e-04;4.87271316e-04;-6.00504581e-04;-4.06932389e-04;4.21329309e-04;-1.38955981e-03;-1.34137886e-03;1.81297066e-03;1.71136076e-04
241	9.35381437e-02;-5.79083948e-02;3.96351151e-03;-5.67394210e-03;1.65006646e-04;1.53292944e-03;-2.83046498e-04;7.77640514e-04;-4.20696981e-04;-2.13485625e-03;-2.56138043e-03;9.98497591e-04;-6.24494604e-04;1.15803820e-03;-2.31106350e-03;-1.94068102e-03;8.99540727e-04;6.27034364e-04;4.47902655e-07;4.07106981e-05;4.70596222e-04;-2.32883189e-03;-2.22000297e-03;1.57012176e-03;5.73293980e-05
85	2.04889852e-01;-3.24327009e-02;1.34309698e-02;-1.49862119e-02;-6.61866898e-05;9.04141472e-04;-4.49801033e-04;1.73857649e-04;-3.09292297e-04;-1.36943627e-03;-1.57216294e-03;3.85568548e-04;-2.02621256e-04;6.01851993e-04;-9.23000001e-04;-1.14207428e-03;6.56151358e-04;5.04047835e-04;-4.46954347e-05;-1.53815097e-04;4.02407038e-04;-1.14535425e-03;-1.52301993e-03;9.47117127e-04;2.46734089e-04
384	2.04889852e-01;-3.24327009e-02;1.34309698e-02;-1.49862119e-02;-6.61866898e-05;9.04141472e-04;-4.49801033e-04;1.73857649e-04;-3.09292297e-04;-1.36943627e-03;-1.57216294e-03;3.85568548e-04;-2.02621256e-04;6.01851993e-04;-9.23000001e-04;-1.14207428e-03;6.56151358e-04;5.04047835e-04;-4.46954347e-05;-1.53815097e-04;4.02407038e-04;-1.14535425e-03;-1.52301993e-03;9.47117127e-04;2.46734089e-04
193	0.00376541;-0.03596137;0.03772852;0.01013932;0.00167091;-0.00134028;-0.00098454;-0.00343275;-0.00110562;-0.00395873;-0.00576707;0.00200747;-0.00493683;0.00038018;-0.00346146;-0.00750222;0.00088236;-0.00889066;-0.00169641;0.00236015;0.00250212;-0.00511608;-0.00378369;0.00269239;-0.00274145
239	3.57423718e-02;-7.03683930e-02;-1.04227647e-03;-6.15509545e-04;4.90239977e-04;1.46781752e-03;3.09154260e-04;1.33518053e-03;-2.72653707e-04;-1.80797953e-03;-2.31415514e-03;1.38980571e-03;-9.62427350e-04;1.28181026e-03;-3.16975469e-03;-1.84117083e-03;5.56484430e-04;2.50568735e-04;8.21501300e-05;4.47834309e-04;1.46961581e-04;-2.68761419e-03;-1.54891446e-03;1.42352371e-03;-4.70405883e-04
370	-0.05158568;0.00532955;-0.01673942;0.05278922;-0.00434022;-0.0029479;-0.0028316;-0.00636916;0.00091139;-0.00444705;-0.00178019;-0.00151879;-0.00330356;0.0084219;-0.0064572;-0.00052989;-0.00157903;-0.02235754;-0.01154765;0.00146818;0.00284425;-0.00185877;0.01661715;0.00849575;-0.00331409
171	9.35381437e-02;-5.79083948e-02;3.96351151e-03;-5.67394210e-03;1.65006646e-04;1.53292944e-03;-2.83046498e-04;7.77640514e-04;-4.20696981e-04;-2.13485625e-03;-2.56138043e-03;9.98497591e-04;-6.24494604e-04;1.15803820e-03;-2.31106350e-03;-1.94068102e-03;8.99540727e-04;6.27034364e-04;4.47902651e-07;4.07106981e-05;4.70596222e-04;-2.32883189e-03;-2.22000297e-03;1.57012176e-03;5.73293980e-05
374	-7.86232990e-03;-7.93766162e-02;-4.81680253e-03;3.22779418e-03;6.39207747e-04;8.37994877e-04;8.02516916e-04;1.39467883e-03;-1.15711041e-05;-7.58639622e-04;-1.14189760e-03;1.24289999e-03;-9.34937782e-04;8.96991874e-04;-2.79729405e-03;-9.82433168e-04;-4.23016389e-05;-2.70822817e-04;1.26611501e-04;6.95528210e-04;-2.65749899e-04;-1.91823847e-03;-1.49749437e-04;6.56599587e-04;-8.46943444e-04
13	-2.23747979e-02;-8.22945577e-02;-6.06810320e-03;4.50414993e-03;6.39445508e-04;5.98936847e-04;8.90721097e-04;1.31606123e-03;6.45045513e-05;-4.04193238e-04;-7.25504908e-04;1.11302900e-03;-8.61715090e-04;7.23549778e-04;-2.49278867e-03;-6.66360608e-04;-2.11452239e-04;-4.02628424e-04;1.28573060e-04;7.14761100e-04;-3.63860660e-04;-1.55566644e-03;2.60848967e-04;3.90280828e-04;-8.91490906e-04
341	0.05827318;0.05100987;0.11740609;0.01959247;0.00099705;-0.00298297;-0.00328015;-0.00738847;-0.00166749;-0.00467085;-0.00638596;0.00034973;-0.00466358;-0.00091431;0.00057681;-0.00831848;0.00163204;-0.01017392;-0.00240054;0.00134374;0.00382593;-0.00303138;-0.00524518;0.00254455;-0.00134006
168	-9.88912262e-02;-9.69627579e-02;-1.25818064e-02;1.11361545e-02;4.58472751e-04;-1.54087102e-04;8.50937325e-04;7.49060935e-04;2.28570623e-04;5.58803258e-04;4.73456147e-04;4.84756770e-04;-4.42547456e-04;1.08169696e-04;-1.05970594e-03;2.64327413e-04;-5.46793138e-04;-5.99523271e-04;8.93856141e-05;5.48177393e-04;-4.81370953e-04;-2.66957534e-04;1.12158363e-03;-3.25866412e-04;-7.32869707e-04
287	1.50800102e-02;-4.59067735e-02;-1.98290376e-02;-2.88377093e-02;-1.18389466e-04;3.02494304e-03;-5.53150087e-04;3.40019367e-03;-6.32307818e-04;-1.51718652e-03;-2.84050982e-03;1.90599437e-03;-8.93896813e-05;1.20101119e-03;-5.66860301e-03;-1.57017837e-03;-7.71593884e-04;4.30758318e-03;5.31932503e-05;-2.24744754e-04;-2.55748629e-03;-1.73365061e-03;-2.96231314e-03;2.91144628e-03;-4.51702180e-03
272	0.02899495;0.05685788;-0.0111381;-0.08261504;-0.00314258;0.00477814;-0.0093817;0.00102327;-0.00392591;-0.00380135;-0.00942146;0.00123318;0.00122033;-0.00233965;-0.00849913;-0.00732913;-0.00443894;0.01235536;-0.00333626;-0.00418138;-0.00983299;0.00496556;-0.01676218;0.01175015;-0.0235627
104	7.91659086e-02;-6.10593833e-02;2.72092475e-03;-4.42423152e-03;2.35806765e-04;1.58840866e-03;-1.80344485e-04;9.20734181e-04;-4.11108906e-04;-2.16829147e-03;-2.63028710e-03;1.11952375e-03;-7.17582316e-04;1.23506636e-03;-2.58173090e-03;-2.01254704e-03;8.77249760e-04;5.87282388e-04;1.68806869e-05;1.19269969e-04;4.32707179e-04;-2.50982413e-03;-2.20323452e-03;1.61867976e-03;-3.74193247e-05
398	-3.99378339e-02;-4.49144258e-02;3.38077515e-02;1.39666221e-02;1.37915428e-03;-1.69048687e-03;4.82212301e-05;-2.11812918e-03;-3.84445715e-04;-1.26603268e-03;-2.30010866e-03;1.19945796e-03;-3.24282372e-03;-2.07966389e-04;-1.94576578e-03;-3.70250351e-03;-2.68037090e-04;-6.35635335e-03;-9.98529592e-04;1.86747440e-03;9.45842295e-04;-2.23257975e-03;-3.65322708e-04;6.31445752e-04;-2.27174347e-03
204	-3.16599039e-02;8.70229896e-02;-1.94946859e-02;-1.04097527e-01;-2.15118559e-03;1.61509547e-03;-5.78291054e-03;3.25865165e-04;-2.07308736e-03;1.45358394e-04;-3.16295980e-03;-7.54475850e-07;1.20092500e-03;-2.75668620e-03;-3.56932737e-03;-2.23776451e-03;-4.21639245e-03;6.40466912e-03;-1.98605728e-03;-2.13491963e-03;-6.70040057e-03;5.49582850e-03;-6.20786955e-03;4.66001982e-03;-1.39173508e-02
304	3.57423718e-02;-7.03683930e-02;-1.04227647e-03;-6.15509545e-04;4.90239977e-04;1.46781752e-03;3.09154260e-04;1.33518053e-03;-2.72653707e-04;-1.80797953e-03;-2.31415514e-03;1.38980571e-03;-9.62427350e-04;1.28181026e-03;-3.16975469e-03;-1.84117083e-03;5.56484430e-04;2.50568735e-04;8.21501300e-05;4.47834309e-04;1.46961581e-04;-2.68761419e-03;-1.54891446e-03;1.42352371e-03;-4.70405883e-04
233	-0.00717429;-0.00875319;-0.01091201;0.03772016;-0.00619867;-0.00098333;-0.00530848;-0.00857228;0.00030291;-0.0130215;-0.01009558;-0.00011589;-0.00754986;0.01910927;-0.01870276;-0.00783941;0.00046457;-0.046069;-0.02623582;0.00325099;0.01029615;-0.01681117;0.03281496;0.03346246;-0.00892901
53	2.04889852e-01;-3.24327009e-02;1.34309698e-02;-1.49862119e-02;-6.61866898e-05;9.04141472e-04;-4.49801033e-04;1.73857649e-04;-3.09292297e-04;-1.36943627e-03;-1.57216294e-03;3.85568548e-04;-2.02621256e-04;6.01851993e-04;-9.23000001e-04;-1.14207428e-03;6.56151358e-04;5.04047835e-04;-4.46954347e-05;-1.53815097e-04;4.02407038e-04;-1.14535425e-03;-1.52301993e-03;9.47117127e-04;2.46734089e-04
295	3.57423718e-02;-7.03683930e-02;-1.04227647e-03;-6.15509545e-04;4.90239977e-04;1.46781752e-03;3.09154260e-04;1.33518053e-03;-2.72653707e-04;-1.80797953e-03;-2.31415514e-03;1.38980571e-03;-9.62427350e-04;1.28181026e-03;-3.16975469e-03;-1.84117083e-03;5.56484430e-04;2.50568735e-04;8.21501300e-05;4.47834309e-04;1.46961581e-04;-2.68761419e-03;-1.54891446e-03;1.42352371e-03;-4.70405882e-04
392	0.00523603;0.11355088;-0.11817146;0.04472697;-0.00665971;0.00181162;-0.00439831;-0.00126575;0.00050207;-0.00323919;-0.00056318;-0.00235991;0.00244856;0.0071261;-0.00474925;0.00342228;-0.00124669;-0.00413606;-0.00737724;-0.00244128;-0.00096056;0.00185536;0.00859026;0.0072955;-0.00235272
172	3.57423718e-02;-7.03683930e-02;-1.04227647e-03;-6.15509545e-04;4.90239977e-04;1.46781752e-03;3.09154260e-04;1.33518053e-03;-2.72653707e-04;-1.80797953e-03;-2.31415514e-03;1.38980571e-03;-9.62427350e-04;1.28181026e-03;-3.16975469e-03;-1.84117083e-03;5.56484430e-04;2.50568735e-04;8.21501300e-05;4.47834309e-04;1.46961581e-04;-2.68761419e-03;-1.54891446e-03;1.42352371e-03;-4.70405882e-04
57	2.04889852e-01;-3.24327009e-02;1.34309698e-02;-1.49862119e-02;-6.61866898e-05;9.04141472e-04;-4.49801033e-04;1.73857649e-04;-3.09292297e-04;-1.36943627e-03;-1.57216294e-03;3.85568548e-04;-2.02621256e-04;6.01851993e-04;-9.23000001e-04;-1.14207428e-03;6.56151358e-04;5.04047835e-04;-4.46954347e-05;-1.53815097e-04;4.02407038e-04;-1.14535425e-03;-1.52301993e-03;9.47117127e-04;2.46734089e-04
42	9.06882746e-03;2.00607661e-01;-2.47532562e-01;3.96814131e-01;-1.19391952e-03;-1.16139366e-04;-3.58926633e-04;-7.48561573e-04;3.36976844e-04;-7.46301252e-04;2.00314249e-04;-5.55272996e-04;1.74996827e-04;1.71716883e-03;-4.31585324e-04;7.62591689e-04;1.80582525e-04;-2.19578552e-03;-1.42964884e-03;-1.68439589e-04;6.44521530e-04;-1.71127487e-04;2.43121555e-03;9.39277056e-04;8.75436843e-04
150	-0.04041727;0.02043102;-0.00232251;0.10208847;-0.0045204;-0.00480157;-0.00289013;-0.01025733;0.00116578;-0.00653507;-0.00256747;-0.00240731;-0.00464336;0.00967684;-0.00367721;-0.00194733;0.00093517;-0.02858971;-0.01232607;0.00198277;0.00737569;-0.00412714;0.017075;0.00781269;0.00299423
205	-2.09770911e-02;2.02719703e-01;-1.83778098e-01;1.76661680e-01;-2.46619498e-03;2.82755460e-05;-1.27242576e-03;-1.18534517e-03;4.19894531e-04;-1.18570347e-03;2.28262936e-04;-1.08004719e-03;6.20517825e-04;2.81400251e-03;-1.04231885e-03;1.41055570e-03;-1.39243168e-04;-3.06680745e-03;-2.75899192e-03;-5.94650080e-04;4.38794110e-04;3.86328909e-04;3.96768075e-03;2.09482111e-03;3.49970242e-04
148	-0.03898248;0.05780561;-0.10842587;-0.02395025;-0.00571257;0.00332298;-0.00375372;0.00275601;0.000242;-0.00050861;0.00062911;-0.00133984;0.00371566;0.00478985;-0.00637125;0.0047414;-0.00348435;0.00334367;-0.00526767;-0.0028406;-0.00524204;0.0041714;0.00645303;0.00643881;-0.00737738
39	-5.48992026e-02;6.49357759e-02;-9.78139644e-02;-1.49244259e-01;-1.39049227e-03;2.14513161e-03;-1.82919514e-03;2.83031063e-03;-5.40465822e-04;1.19470819e-03;6.55613926e-05;1.05556076e-04;1.96895901e-03;-7.51471583e-04;-2.39801006e-03;1.27864479e-03;-2.32474193e-03;6.34617518e-03;-1.38221300e-04;-1.37178349e-03;-4.15243447e-03;2.93651719e-03;-1.50602775e-03;1.58314321e-03;-5.70158073e-03
309	0.03484061;0.09466495;-0.02992791;0.03534431;-0.01604967;0.00042084;-0.01809258;-0.01700581;-0.00181528;-0.01949655;-0.01516926;-0.00729675;-0.00134228;0.02319298;-0.0156175;-0.0072587;-0.00012769;-0.04223734;-0.03771119;-0.00799496;0.00741728;-0.00096316;0.02478508;0.0467784;-0.0167887
25	-3.53554936e-02;2.37446431e-01;-1.84364613e-01;-2.97304251e-01;-6.55273592e-04;8.23854390e-04;-9.01541679e-04;8.92375413e-04;-2.49095186e-04;3.75368465e-04;-2.90838751e-05;-8.86952008e-05;8.46253608e-04;-3.24775435e-04;-6.35917863e-04;4.57578262e-04;-7.78389253e-04;2.44319215e-03;-8.81257297e-05;-6.21420859e-04;-1.43830502e-03;1.18701761e-03;-7.29496029e-04;6.29755556e-04;-1.94568780e-03
173	-6.09630725e-02;1.62150328e-01;-1.51429923e-01;-2.39041110e-01;-8.66574015e-04;1.12576790e-03;-1.15987626e-03;1.34703376e-03;-3.18280188e-04;6.32244425e-04;5.63353774e-05;-8.22147472e-05;1.16119868e-03;-4.68937730e-04;-9.85358889e-04;7.12169686e-04;-1.17752254e-03;3.41405341e-03;-1.04097514e-04;-8.23126140e-04;-2.10928509e-03;1.69114903e-03;-8.88152005e-04;8.30013746e-04;-2.84848740e-03
135	-9.76150135e-02;4.06508118e-02;-9.22976387e-02;-1.29250399e-01;-9.83283951e-04;1.44882706e-03;-1.14519155e-03;2.38259815e-03;-2.99453683e-04;1.41501506e-03;5.48092527e-04;1.04644366e-04;1.50271955e-03;-7.15821382e-04;-1.92946150e-03;1.35581057e-03;-2.13487870e-03;4.74221307e-03;-8.11705579e-05;-9.13290312e-04;-3.49522692e-03;2.54035704e-03;-5.35924876e-04;9.38039421e-04;-4.73878352e-03
281	-5.49890086e-02;1.27850265e-01;-1.72652827e-01;5.59158588e-02;-3.56267664e-03;8.81101382e-04;-1.82753174e-03;-5.63032722e-05;5.20612664e-04;-8.01479728e-04;7.82501474e-04;-1.31078710e-03;1.63108563e-03;3.51681805e-03;-2.27407549e-03;2.77852127e-03;-1.03830932e-03;-1.53859043e-03;-3.47512794e-03;-1.19384467e-03;-9.52215862e-04;1.49900976e-03;5.24028836e-03;3.02830652e-03;-1.22067024e-03
348	-9.03690319e-02;7.31414355e-02;1.99083682e-02;-6.33177920e-02;-5.12912944e-04;-1.52938951e-03;-3.39225481e-03;-2.46422213e-03;-1.21493518e-03;5.00548213e-04;-1.68502737e-03;-1.68852530e-04;-1.04914073e-03;-2.61641955e-03;-9.42187107e-04;-2.54543796e-03;-2.87591037e-03;-1.51478084e-03;-1.86077875e-03;-9.51648416e-05;-2.93334734e-03;3.30912957e-03;-2.31582449e-03;1.80856765e-03;-8.52575416e-03
0	-8.90503839e-02;7.51617261e-02;-4.63122522e-02;-1.14905804e-01;-1.14014310e-03;8.69090383e-04;-2.31491256e-03;1.18763371e-03;-7.18952091e-04;1.24846456e-03;-2.14335151e-04;-4.66075286e-05;1.11032996e-03;-1.46748427e-03;-1.84958799e-03;3.20974939e-04;-2.68471328e-03;3.99134911e-03;-6.72065541e-04;-9.89282385e-04;-3.97005292e-03;3.34489513e-03;-1.51763932e-03;1.52699688e-03;-6.77475778e-03
131	-5.49890086e-02;1.27850265e-01;-1.72652827e-01;5.59158588e-02;-3.56267664e-03;8.81101382e-04;-1.82753174e-03;-5.63032722e-05;5.20612664e-04;-8.01479728e-04;7.82501474e-04;-1.31078710e-03;1.63108563e-03;3.51681805e-03;-2.27407549e-03;2.77852127e-03;-1.03830932e-03;-1.53859043e-03;-3.47512794e-03;-1.19384467e-03;-9.52215862e-04;1.49900976e-03;5.24028836e-03;3.02830652e-03;-1.22067024e-03
87	-6.79985332e-02;-1.86351536e-02;-1.54422116e-02;-3.83131765e-02;-9.03329122e-05;4.33148101e-04;-8.84904321e-04;1.43791078e-03;-4.46280407e-04;9.77737973e-04;-4.93629382e-04;8.79195437e-04;-3.06490875e-04;-8.90134930e-04;-3.34260776e-03;-4.53682364e-04;-2.63168958e-03;1.50625241e-03;-5.99134413e-04;1.72485472e-04;-3.53904047e-03;1.61442786e-03;-4.18287599e-04;1.24679781e-03;-6.86816014e-03
181	0.01107205;0.04057215;-0.07083305;-0.11795761;-0.00218784;0.00433483;-0.00330538;0.00463499;-0.00119763;0.00031125;-0.00170544;0.00062775;0.00291399;-0.00050254;-0.00491864;0.00070525;-0.0029552;0.0110283;-0.00024289;-0.00245649;-0.0063626;0.00343026;-0.00444414;0.00379708;-0.00920179
292	-3.53554936e-02;2.37446431e-01;-1.84364613e-01;-2.97304251e-01;-6.55273592e-04;8.23854390e-04;-9.01541679e-04;8.92375413e-04;-2.49095186e-04;3.75368465e-04;-2.90838750e-05;-8.86952008e-05;8.46253608e-04;-3.24775435e-04;-6.35917863e-04;4.57578262e-04;-7.78389253e-04;2.44319215e-03;-8.81257297e-05;-6.21420859e-04;-1.43830502e-03;1.18701761e-03;-7.29496029e-04;6.29755556e-04;-1.94568780e-03
268	-0.02643931;0.00372095;-0.05734908;-0.08514081;-0.00173718;0.00401836;-0.00241611;0.00534795;-0.00092709;0.00113296;-0.00094354;0.00104037;0.00259008;-0.00054075;-0.00589375;0.00124413;-0.00373984;0.01075045;-0.00013301;-0.00196182;-0.00727025;0.00357978;-0.0031454;0.00342072;-0.01057733
137	-9.03690319e-02;7.31414355e-02;1.99083682e-02;-6.33177920e-02;-5.12912944e-04;-1.52938951e-03;-3.39225481e-03;-2.46422213e-03;-1.21493518e-03;5.00548213e-04;-1.68502737e-03;-1.68852530e-04;-1.04914073e-03;-2.61641955e-03;-9.42187107e-04;-2.54543796e-03;-2.87591037e-03;-1.51478084e-03;-1.86077875e-03;-9.51648416e-05;-2.93334734e-03;3.30912957e-03;-2.31582449e-03;1.80856765e-03;-8.52575416e-03
5	-6.19664527e-02;1.74106075e-01;1.44486797e-01;-2.49358443e-02;1.41818861e-04;-2.32672540e-03;-2.37952905e-03;-4.25211179e-03;-9.03405764e-04;-1.03237913e-03;-2.16458838e-03;-3.73128169e-04;-1.90315903e-03;-1.56602877e-03;1.04085031e-03;-3.34087252e-03;-4.07528410e-04;-4.69306051e-03;-1.48832418e-03;4.19162630e-04;6.20357187e-04;6.29778921e-04;-1.93658668e-03;9.13176401e-04;-2.67645972e-03
89	-7.52316784e-02;1.23746172e-01;2.02437174e-01;4.91629836e-02;6.23309075e-04;-2.66965374e-03;-1.39036199e-03;-4.33872801e-03;-5.95684269e-04;-1.12374168e-03;-1.83388754e-03;-2.29826297e-04;-2.32322969e-03;-1.13140305e-03;1.28617930e-03;-3.23403922e-03;1.49456651e-04;-5.97000468e-03;-1.24716365e-03;8.68076855e-04;1.54841155e-03;-3.24594230e-04;-1.03843923e-03;3.12320944e-04;-9.87913602e-04
323	0.00706262;0.00713807;0.05295156;-0.00348505;0.00245245;-0.00536046;-0.00794517;-0.01468907;-0.00473716;-0.01125052;-0.01839498;0.00338228;-0.01435176;-0.00304226;-0.00593957;-0.0275698;0.00115787;-0.03211307;-0.00930393;0.0062211;0.00801912;-0.01192983;-0.02407343;0.01477915;-0.0231195
21	-4.30768455e-02;2.25674015e-01;2.91330048e-01;6.13796897e-02;3.00251962e-04;-1.56255469e-03;-9.91873110e-04;-2.72935033e-03;-4.04373574e-04;-8.11172617e-04;-1.23092163e-03;-1.97358651e-04;-1.33512096e-03;-6.67321703e-04;8.85967911e-04;-2.01123232e-03;1.87897962e-04;-3.46088427e-03;-7.66120775e-04;4.29787593e-04;9.99375768e-04;-1.90648018e-04;-8.21898415e-04;2.73060676e-04;-4.80426278e-04
389	8.13360739e-02;1.03291586e-01;1.64958461e-01;2.61571485e-02;5.02222070e-04;-2.02521811e-03;-2.17038812e-03;-4.79437081e-03;-1.00951296e-03;-2.68243180e-03;-3.63708972e-03;-1.68371098e-05;-2.63308785e-03;-7.12087914e-04;8.41431340e-04;-4.74107042e-03;9.50399271e-04;-5.95458503e-03;-1.43677002e-03;6.67371358e-04;2.24658941e-03;-1.39764698e-03;-2.94723016e-03;1.33960541e-03;-6.45884024e-04
43	8.13360739e-02;1.03291586e-01;1.64958461e-01;2.61571485e-02;5.02222070e-04;-2.02521811e-03;-2.17038812e-03;-4.79437081e-03;-1.00951296e-03;-2.68243180e-03;-3.63708972e-03;-1.68371098e-05;-2.63308785e-03;-7.12087914e-04;8.41431340e-04;-4.74107042e-03;9.50399271e-04;-5.95458503e-03;-1.43677002e-03;6.67371358e-04;2.24658941e-03;-1.39764698e-03;-2.94723016e-03;1.33960541e-03;-6.45884024e-04
20	-0.01522872;0.11334531;-0.05127022;0.00951579;-0.01159069;0.00041223;-0.01231981;-0.00803536;-0.00095709;-0.00732753;-0.00518523;-0.00500622;0.00196071;0.01063123;-0.009081;0.00062386;-0.00466975;-0.0150958;-0.01902436;-0.00516573;-0.0033422;0.00712509;0.01393753;0.02014085;-0.01621028
125	-1.36190954e-01;-1.03642615e-01;-1.56813459e-02;1.42676424e-02;3.69148720e-04;-2.67336001e-04;7.37241631e-04;5.56315779e-04;2.28124430e-04;6.53261350e-04;6.17655348e-04;3.17706584e-04;-3.17308232e-04;-7.83924092e-06;-6.87846460e-04;3.85150964e-04;-5.34461652e-04;-5.60120413e-04;6.89741934e-05;4.51223746e-04;-4.39345603e-04;-2.33162823e-05;1.11896998e-03;-3.97691164e-04;-6.16129367e-04
247	-1.36190954e-01;-1.03642615e-01;-1.56813459e-02;1.42676424e-02;3.69148720e-04;-2.67336001e-04;7.37241631e-04;5.56315779e-04;2.28124430e-04;6.53261350e-04;6.17655348e-04;3.17706584e-04;-3.17308232e-04;-7.83924092e-06;-6.87846460e-04;3.85150964e-04;-5.34461652e-04;-5.60120413e-04;6.89741934e-05;4.51223746e-04;-4.39345603e-04;-2.33162823e-05;1.11896998e-03;-3.97691164e-04;-6.16129367e-04
211	-3.39084186e-02;8.00289601e-02;1.56729705e-01;3.66303143e-02;1.05813439e-03;-3.99072824e-03;-2.31436100e-03;-6.91217554e-03;-1.07160462e-03;-2.32394324e-03;-3.59694135e-03;-1.52072328e-04;-3.99473791e-03;-1.62686485e-03;1.62916867e-03;-5.83767220e-03;4.59905394e-04;-9.87585467e-03;-2.08322415e-03;1.47994756e-03;2.73402740e-03;-1.08125654e-03;-2.27775947e-03;8.69936278e-04;-1.65601448e-03
349	-1.36190954e-01;-1.03642615e-01;-1.56813459e-02;1.42676424e-02;3.69148720e-04;-2.67336001e-04;7.37241631e-04;5.56315779e-04;2.28124430e-04;6.53261350e-04;6.17655348e-04;3.17706584e-04;-3.17308232e-04;-7.83924092e-06;-6.87846460e-04;3.85150964e-04;-5.34461652e-04;-5.60120413e-04;6.89741934e-05;4.51223746e-04;-4.39345603e-04;-2.33162823e-05;1.11896998e-03;-3.97691164e-04;-6.16129367e-04
258	-9.57520711e-02;5.31703822e-02;1.59044204e-02;-5.46565527e-02;-3.21429662e-04;-1.48051926e-03;-2.77644937e-03;-2.00654345e-03;-1.00743705e-03;7.09491397e-04;-1.27475653e-03;-2.73466335e-05;-1.06992854e-03;-2.36961665e-03;-1.11793283e-03;-2.14003669e-03;-2.81184747e-03;-1.58731940e-03;-1.64691853e-03;1.00075328e-04;-2.83336024e-03;2.98331285e-03;-1.62829294e-03;1.46167763e-03;-7.96225261e-03
164	-1.36190954e-01;-1.03642615e-01;-1.56813459e-02;1.42676424e-02;3.69148720e-04;-2.67336001e-04;7.37241631e-04;5.56315779e-04;2.28124430e-04;6.53261350e-04;6.17655348e-04;3.17706584e-04;-3.17308232e-04;-7.83924092e-06;-6.87846460e-04;3.85150964e-04;-5.34461652e-04;-5.60120413e-04;6.89741934e-05;4.51223746e-04;-4.39345603e-04;-2.33162823e-05;1.11896998e-03;-3.97691164e-04;-6.16129367e-04
234	-1.36190954e-01;-1.03642615e-01;-1.56813459e-02;1.42676424e-02;3.69148720e-04;-2.67336001e-04;7.37241631e-04;5.56315779e-04;2.28124430e-04;6.53261350e-04;6.17655348e-04;3.17706584e-04;-3.17308232e-04;-7.83924092e-06;-6.87846460e-04;3.85150964e-04;-5.34461652e-04;-5.60120413e-04;6.89741934e-05;4.51223746e-04;-4.39345603e-04;-2.33162823e-05;1.11896998e-03;-3.97691164e-04;-6.16129367e-04
267	-4.89082773e-02;-1.83839551e-02;-4.90389667e-02;-6.49941980e-02;-8.85406879e-04;2.51459536e-03;-1.04113122e-03;4.07413857e-03;-4.37044440e-04;1.30909045e-03;-1.13106619e-04;9.64065916e-04;1.47120548e-03;-3.74780562e-04;-4.51166798e-03;1.16837233e-03;-2.94839516e-03;6.65436809e-03;-1.62962926e-05;-8.91992736e-04;-5.18449622e-03;2.33794323e-03;-1.05861252e-03;1.87432355e-03;-7.47988501e-03
372	-1.36190954e-01;-1.03642615e-01;-1.56813459e-02;1.42676424e-02;3.69148720e-04;-2.67336001e-04;7.37241631e-04;5.56315779e-04;2.28124430e-04;6.53261350e-04;6.17655348e-04;3.17706584e-04;-3.17308232e-04;-7.83924092e-06;-6.87846460e-04;3.85150964e-04;-5.34461652e-04;-5.60120413e-04;6.89741934e-05;4.51223746e-04;-4.39345603e-04;-2.33162823e-05;1.11896998e-03;-3.97691164e-04;-6.16129367e-04
71	-0.05087605;-0.05169157;0.02818632;0.01402731;0.00116172;-0.00134635;0.00033408;-0.00131754;-0.00018595;-0.00064993;-0.0014111;0.00100018;-0.00247472;-0.00015517;-0.00169094;-0.00249415;-0.00042152;-0.00478388;-0.00067975;0.00152742;0.00047706;-0.00159347;0.00024062;0.00026548;-0.00187848
95	3.57423718e-02;-7.03683930e-02;-1.04227647e-03;-6.15509545e-04;4.90239977e-04;1.46781752e-03;3.09154260e-04;1.33518053e-03;-2.72653707e-04;-1.80797953e-03;-2.31415514e-03;1.38980571e-03;-9.62427350e-04;1.28181026e-03;-3.16975469e-03;-1.84117083e-03;5.56484430e-04;2.50568735e-04;8.21501300e-05;4.47834309e-04;1.46961581e-04;-2.68761419e-03;-1.54891446e-03;1.42352371e-03;-4.70405883e-04
390	0.01107205;0.04057215;-0.07083305;-0.11795761;-0.00218784;0.00433483;-0.00330538;0.00463499;-0.00119763;0.00031125;-0.00170544;0.00062775;0.00291399;-0.00050254;-0.00491864;0.00070525;-0.0029552;0.0110283;-0.00024289;-0.00245649;-0.0063626;0.00343026;-0.00444414;0.00379708;-0.00920179
54	-8.32387541e-02;-5.35585130e-02;2.97665009e-02;1.76640870e-02;9.10372755e-04;-1.38590741e-03;4.21213264e-04;-1.07942143e-03;-1.97544313e-05;4.57549842e-05;-4.43489269e-04;5.91540473e-04;-1.77371246e-03;-3.53062441e-04;-8.96319278e-04;-1.39330991e-03;-5.84744776e-04;-3.75365671e-03;-4.95328819e-04;1.18130870e-03;1.79498880e-04;-6.82247449e-04;8.19306962e-04;-1.90964106e-04;-1.47849612e-03
277	-9.13876722e-02;6.77122402e-02;1.50621158e-01;4.13291912e-02;9.07025785e-04;-3.35736708e-03;-1.39994755e-03;-5.08172814e-03;-6.38624671e-04;-1.11254673e-03;-1.99862733e-03;-1.59671565e-04;-2.98100545e-03;-1.40628473e-03;1.33186125e-03;-3.83781131e-03;-2.22109983e-05;-7.60891641e-03;-1.50865608e-03;1.25844104e-03;1.75608127e-03;-4.10821593e-04;-8.56073989e-04;2.17942108e-04;-1.46593888e-03
161	-3.89186625e-02;-8.55699241e-02;-7.48978578e-03;5.95439787e-03;6.16444276e-04;3.56459079e-04;9.39387198e-04;1.19504525e-03;1.31929509e-04;-6.43240626e-05;-3.17416740e-04;9.52421989e-04;-7.62651206e-04;5.38302212e-04;-2.12117628e-03;-3.53726738e-04;-3.57286201e-04;-5.07666111e-04;1.24539844e-04;7.03982820e-04;-4.38046743e-04;-1.16715361e-03;6.20583521e-04;1.35768651e-04;-8.96541049e-04
254	-1.36190954e-01;-1.03642615e-01;-1.56813459e-02;1.42676424e-02;3.69148720e-04;-2.67336001e-04;7.37241631e-04;5.56315779e-04;2.28124430e-04;6.53261350e-04;6.17655348e-04;3.17706584e-04;-3.17308232e-04;-7.83924092e-06;-6.87846460e-04;3.85150964e-04;-5.34461652e-04;-5.60120413e-04;6.89741934e-05;4.51223746e-04;-4.39345603e-04;-2.33162823e-05;1.11896998e-03;-3.97691164e-04;-6.16129367e-04
378	8.55694357e-04;-7.76040855e-02;-4.06360280e-03;2.45981921e-03;6.27374451e-04;9.84979242e-04;7.27717490e-04;1.42208143e-03;-6.32113420e-05;-9.86149358e-04;-1.40457289e-03;1.30772627e-03;-9.67135534e-04;9.98458091e-04;-2.95163904e-03;-1.17994247e-03;7.43967649e-05;-1.75493675e-04;1.22305631e-04;6.68106521e-04;-1.92747353e-04;-2.12867837e-03;-4.29654042e-04;8.27126107e-04;-7.98883609e-04
250	-0.01250924;0.01408584;0.08974795;0.02178265;0.00235136;-0.00609191;-0.00364443;-0.01139595;-0.00210771;-0.00546618;-0.00832637;0.00091698;-0.00859414;-0.00217776;0.00045784;-0.01296158;0.00119689;-0.02022661;-0.00417439;0.00369041;0.00579399;-0.00463539;-0.0058465;0.0029154;-0.00427967
328	9.35381437e-02;-5.79083948e-02;3.96351151e-03;-5.67394210e-03;1.65006646e-04;1.53292944e-03;-2.83046498e-04;7.77640514e-04;-4.20696981e-04;-2.13485625e-03;-2.56138043e-03;9.98497591e-04;-6.24494604e-04;1.15803820e-03;-2.31106350e-03;-1.94068102e-03;8.99540727e-04;6.27034364e-04;4.47902649e-07;4.07106981e-05;4.70596222e-04;-2.32883189e-03;-2.22000297e-03;1.57012176e-03;5.73293980e-05
265	2.04889852e-01;-3.24327009e-02;1.34309698e-02;-1.49862119e-02;-6.61866898e-05;9.04141472e-04;-4.49801033e-04;1.73857649e-04;-3.09292297e-04;-1.36943627e-03;-1.57216294e-03;3.85568548e-04;-2.02621256e-04;6.01851993e-04;-9.23000001e-04;-1.14207428e-03;6.56151358e-04;5.04047835e-04;-4.46954347e-05;-1.53815097e-04;4.02407038e-04;-1.14535425e-03;-1.52301993e-03;9.47117127e-04;2.46734089e-04
391	3.57423718e-02;-7.03683930e-02;-1.04227647e-03;-6.15509545e-04;4.90239977e-04;1.46781752e-03;3.09154260e-04;1.33518053e-03;-2.72653707e-04;-1.80797953e-03;-2.31415514e-03;1.38980571e-03;-9.62427350e-04;1.28181026e-03;-3.16975469e-03;-1.84117083e-03;5.56484430e-04;2.50568735e-04;8.21501300e-05;4.47834309e-04;1.46961581e-04;-2.68761419e-03;-1.54891446e-03;1.42352371e-03;-4.70405883e-04
274	2.39478559e-02;9.19678388e-02;1.61547030e-01;3.15169104e-02;8.60347160e-04;-3.33191900e-03;-2.63366931e-03;-6.68694638e-03;-1.22611187e-03;-3.00880616e-03;-4.29611107e-03;-8.43887162e-05;-3.77825347e-03;-1.28468664e-03;1.38013062e-03;-6.16853939e-03;9.01028478e-04;-8.96616443e-03;-2.01924830e-03;1.18390202e-03;2.91972188e-03;-1.52231907e-03;-3.21296266e-03;1.37748853e-03;-1.24934712e-03
121	9.28986123e-02;-4.08806084e-02;-6.19212665e-03;-2.34531479e-02;-1.16891051e-04;2.11684188e-03;-7.55744028e-04;1.25158305e-03;-6.02453750e-04;-2.29314048e-03;-2.95925501e-03;1.07745875e-03;-2.99519384e-04;1.16696448e-03;-2.87599692e-03;-2.02441033e-03;7.04826257e-04;1.92161573e-03;-3.43026348e-05;-2.80256280e-04;-1.16518140e-04;-2.10505301e-03;-2.98401996e-03;2.12483578e-03;-8.23822403e-04
212	9.35381437e-02;-5.79083948e-02;3.96351151e-03;-5.67394210e-03;1.65006646e-04;1.53292944e-03;-2.83046498e-04;7.77640514e-04;-4.20696981e-04;-2.13485625e-03;-2.56138043e-03;9.98497591e-04;-6.24494604e-04;1.15803820e-03;-2.31106350e-03;-1.94068102e-03;8.99540727e-04;6.27034364e-04;4.47902669e-07;4.07106981e-05;4.70596222e-04;-2.32883189e-03;-2.22000297e-03;1.57012176e-03;5.73293980e-05
127	9.35381437e-02;-5.79083948e-02;3.96351151e-03;-5.67394210e-03;1.65006646e-04;1.53292944e-03;-2.83046498e-04;7.77640514e-04;-4.20696981e-04;-2.13485625e-03;-2.56138043e-03;9.98497591e-04;-6.24494604e-04;1.15803820e-03;-2.31106350e-03;-1.94068102e-03;8.99540727e-04;6.27034364e-04;4.47902651e-07;4.07106981e-05;4.70596222e-04;-2.32883189e-03;-2.22000297e-03;1.57012176e-03;5.73293980e-05
293	2.04889852e-01;-3.24327009e-02;1.34309698e-02;-1.49862119e-02;-6.61866898e-05;9.04141472e-04;-4.49801033e-04;1.73857649e-04;-3.09292297e-04;-1.36943627e-03;-1.57216294e-03;3.85568548e-04;-2.02621256e-04;6.01851993e-04;-9.23000001e-04;-1.14207428e-03;6.56151358e-04;5.04047835e-04;-4.46954347e-05;-1.53815097e-04;4.02407038e-04;-1.14535425e-03;-1.52301993e-03;9.47117127e-04;2.46734089e-04
146	2.04889852e-01;-3.24327009e-02;1.34309698e-02;-1.49862119e-02;-6.61866898e-05;9.04141472e-04;-4.49801033e-04;1.73857649e-04;-3.09292297e-04;-1.36943627e-03;-1.57216294e-03;3.85568548e-04;-2.02621256e-04;6.01851993e-04;-9.23000001e-04;-1.14207428e-03;6.56151358e-04;5.04047835e-04;-4.46954347e-05;-1.53815097e-04;4.02407038e-04;-1.14535425e-03;-1.52301993e-03;9.47117127e-04;2.46734089e-04
46	0.12597878;0.06397652;-0.05957222;-0.12490482;-0.00107867;0.00236056;-0.0019105;0.00163599;-0.00075378;-0.00100974;-0.00188859;0.00032098;0.00111987;0.00018263;-0.00208833;-0.00061301;-0.00045219;0.00460074;-0.00015829;-0.00119412;-0.00184795;0.00054743;-0.00304414;0.00213487;-0.0028428
354	7.40441456e-02;-1.52502896e-02;4.95637157e-02;5.01380714e-03;7.11985124e-04;2.33411053e-05;-1.87023192e-03;-2.89829028e-03;-1.25998424e-03;-4.51836343e-03;-5.85713554e-03;1.26069650e-03;-3.08171085e-03;7.40778770e-04;-2.20050213e-03;-6.31343494e-03;1.75185732e-03;-4.65264555e-03;-1.22746233e-03;7.94408993e-04;2.46809802e-03;-4.13284688e-03;-5.06653077e-03;2.99919964e-03;-6.94131878e-04
206	7.31208955e-02;1.35498375e-01;-1.80521022e-01;2.99973083e-01;-1.81297768e-03;-2.45489647e-06;-6.16870870e-04;-1.09166101e-03;4.55832756e-04;-1.38166486e-03;2.00340902e-05;-7.72202165e-04;2.34281679e-04;2.72076704e-03;-8.18199184e-04;9.57637702e-04;4.02451782e-04;-3.23548261e-03;-2.17670872e-03;-2.86514724e-04;1.06162003e-03;-4.75136796e-04;3.43065830e-03;1.59932019e-03;1.40276699e-03
375	1.41200599e-01;5.40439304e-02;-8.86674175e-02;1.53507037e-01;-2.22147668e-03;6.25614032e-04;-1.04136380e-03;-1.18818078e-03;3.41937636e-04;-2.61579355e-03;-1.05242609e-03;-6.74317410e-04;1.52778362e-04;3.73613508e-03;-1.62774170e-03;3.90239420e-04;9.56303417e-04;-3.60111685e-03;-2.69299865e-03;-4.61655656e-04;1.59438316e-03;-1.38819582e-03;3.17404482e-03;2.62438489e-03;1.93375993e-03
326	-4.30768455e-02;2.25674015e-01;2.91330048e-01;6.13796897e-02;3.00251962e-04;-1.56255469e-03;-9.91873111e-04;-2.72935033e-03;-4.04373574e-04;-8.11172617e-04;-1.23092163e-03;-1.97358651e-04;-1.33512096e-03;-6.67321703e-04;8.85967911e-04;-2.01123232e-03;1.87897962e-04;-3.46088427e-03;-7.66120775e-04;4.29787593e-04;9.99375768e-04;-1.90648018e-04;-8.21898415e-04;2.73060676e-04;-4.80426278e-04
139	-4.30768455e-02;2.25674015e-01;2.91330048e-01;6.13796897e-02;3.00251962e-04;-1.56255469e-03;-9.91873110e-04;-2.72935033e-03;-4.04373574e-04;-8.11172617e-04;-1.23092163e-03;-1.97358651e-04;-1.33512096e-03;-6.67321703e-04;8.85967911e-04;-2.01123232e-03;1.87897962e-04;-3.46088427e-03;-7.66120775e-04;4.29787593e-04;9.99375768e-04;-1.90648018e-04;-8.21898415e-04;2.73060676e-04;-4.80426278e-04
196	-1.07148240e-01;1.00719081e-02;9.57357396e-02;3.26461889e-02;1.02698808e-03;-3.05959902e-03;-7.04003379e-04;-3.99524778e-03;-3.95680359e-04;-5.12322226e-04;-1.29977972e-03;7.58064277e-05;-2.78975328e-03;-1.23022593e-03;7.00204820e-04;-3.06043451e-03;-3.80857463e-04;-6.98779604e-03;-1.25518360e-03;1.40789063e-03;1.23094464e-03;-3.72199803e-04;2.17060616e-05;-9.69416160e-05;-1.69842681e-03
388	-9.13876722e-02;6.77122402e-02;1.50621158e-01;4.13291912e-02;9.07025785e-04;-3.35736708e-03;-1.39994755e-03;-5.08172814e-03;-6.38624671e-04;-1.11254673e-03;-1.99862733e-03;-1.59671565e-04;-2.98100545e-03;-1.40628473e-03;1.33186125e-03;-3.83781131e-03;-2.22109984e-05;-7.60891641e-03;-1.50865608e-03;1.25844104e-03;1.75608127e-03;-4.10821593e-04;-8.56073989e-04;2.17942108e-04;-1.46593888e-03
18	-1.07148240e-01;1.00719081e-02;9.57357396e-02;3.26461889e-02;1.02698808e-03;-3.05959902e-03;-7.04003379e-04;-3.99524778e-03;-3.95680359e-04;-5.12322226e-04;-1.29977972e-03;7.58064277e-05;-2.78975328e-03;-1.23022593e-03;7.00204820e-04;-3.06043451e-03;-3.80857463e-04;-6.98779604e-03;-1.25518360e-03;1.40789063e-03;1.23094464e-03;-3.72199803e-04;2.17060616e-05;-9.69416160e-05;-1.69842681e-03
238	-9.13876722e-02;6.77122402e-02;1.50621158e-01;4.13291912e-02;9.07025785e-04;-3.35736708e-03;-1.39994755e-03;-5.08172814e-03;-6.38624671e-04;-1.11254673e-03;-1.99862733e-03;-1.59671565e-04;-2.98100545e-03;-1.40628473e-03;1.33186125e-03;-3.83781131e-03;-2.22109983e-05;-7.60891641e-03;-1.50865608e-03;1.25844104e-03;1.75608127e-03;-4.10821593e-04;-8.56073989e-04;2.17942108e-04;-1.46593888e-03
160	8.13360739e-02;1.03291586e-01;1.64958461e-01;2.61571485e-02;5.02222070e-04;-2.02521811e-03;-2.17038812e-03;-4.79437081e-03;-1.00951296e-03;-2.68243180e-03;-3.63708972e-03;-1.68371098e-05;-2.63308785e-03;-7.12087914e-04;8.41431340e-04;-4.74107042e-03;9.50399271e-04;-5.95458503e-03;-1.43677002e-03;6.67371358e-04;2.24658941e-03;-1.39764698e-03;-2.94723016e-03;1.33960541e-03;-6.45884024e-04
316	-1.14775092e-01;-1.88546605e-02;6.77170446e-02;2.80992750e-02;9.08244475e-04;-2.30749997e-03;-1.50002498e-04;-2.57988316e-03;-1.72526730e-04;-5.01750575e-05;-6.26584734e-04;2.06334504e-04;-2.13594792e-03;-8.81549856e-04;1.71129999e-04;-1.98763080e-03;-5.28526050e-04;-5.23302390e-03;-8.54493403e-04;1.22020140e-03;6.59777854e-04;-2.74760129e-04;5.62572843e-04;-2.68255035e-04;-1.50400818e-03
219	9.82958458e-03;-2.51351541e-02;4.78864089e-02;1.14435352e-02;1.94465588e-03;-2.22113947e-03;-1.90506325e-03;-5.60565441e-03;-1.59124382e-03;-5.31282682e-03;-7.66897935e-03;2.12430332e-03;-6.43814783e-03;7.09513110e-05;-3.28764738e-03;-1.02539886e-02;1.40183114e-03;-1.24916102e-02;-2.53416395e-03;2.90351593e-03;3.88566939e-03;-6.29917209e-03;-5.69075283e-03;3.63835227e-03;-3.34679072e-03
122	-1.14775092e-01;-1.88546605e-02;6.77170446e-02;2.80992750e-02;9.08244475e-04;-2.30749997e-03;-1.50002498e-04;-2.57988316e-03;-1.72526730e-04;-5.01750575e-05;-6.26584734e-04;2.06334504e-04;-2.13594792e-03;-8.81549856e-04;1.71129999e-04;-1.98763080e-03;-5.28526050e-04;-5.23302390e-03;-8.54493403e-04;1.22020140e-03;6.59777854e-04;-2.74760129e-04;5.62572843e-04;-2.68255035e-04;-1.50400818e-03
230	-9.13876722e-02;6.77122402e-02;1.50621158e-01;4.13291912e-02;9.07025785e-04;-3.35736708e-03;-1.39994755e-03;-5.08172814e-03;-6.38624671e-04;-1.11254673e-03;-1.99862733e-03;-1.59671565e-04;-2.98100545e-03;-1.40628473e-03;1.33186125e-03;-3.83781131e-03;-2.22109983e-05;-7.60891641e-03;-1.50865608e-03;1.25844104e-03;1.75608127e-03;-4.10821593e-04;-8.56073989e-04;2.17942108e-04;-1.46593888e-03
44	-1.36190954e-01;-1.03642615e-01;-1.56813459e-02;1.42676424e-02;3.69148720e-04;-2.67336001e-04;7.37241631e-04;5.56315779e-04;2.28124430e-04;6.53261350e-04;6.17655348e-04;3.17706584e-04;-3.17308232e-04;-7.83924092e-06;-6.87846460e-04;3.85150964e-04;-5.34461652e-04;-5.60120413e-04;6.89741934e-05;4.51223746e-04;-4.39345603e-04;-2.33162823e-05;1.11896998e-03;-3.97691164e-04;-6.16129367e-04
147	-1.36190954e-01;-1.03642615e-01;-1.56813459e-02;1.42676424e-02;3.69148720e-04;-2.67336001e-04;7.37241631e-04;5.56315779e-04;2.28124430e-04;6.53261350e-04;6.17655348e-04;3.17706584e-04;-3.17308232e-04;-7.83924092e-06;-6.87846460e-04;3.85150964e-04;-5.34461652e-04;-5.60120413e-04;6.89741934e-05;4.51223746e-04;-4.39345603e-04;-2.33162823e-05;1.11896998e-03;-3.97691164e-04;-6.16129367e-04
144	-1.36190954e-01;-1.03642615e-01;-1.56813459e-02;1.42676424e-02;3.69148720e-04;-2.67336001e-04;7.37241631e-04;5.56315779e-04;2.28124430e-04;6.53261350e-04;6.17655348e-04;3.17706584e-04;-3.17308232e-04;-7.83924092e-06;-6.87846460e-04;3.85150964e-04;-5.34461652e-04;-5.60120413e-04;6.89741934e-05;4.51223746e-04;-4.39345603e-04;-2.33162823e-05;1.11896998e-03;-3.97691164e-04;-6.16129367e-04
355	-5.12859884e-02;-8.79820030e-02;-8.54853061e-03;7.03397588e-03;5.88731304e-04;2.04618399e-04;9.46587260e-04;1.09587125e-03;1.68587488e-04;1.37122513e-04;-7.03237557e-05;8.35856185e-04;-6.86835440e-04;4.17363303e-04;-1.85393723e-03;-1.63012334e-04;-4.33943101e-04;-5.57259392e-04;1.18681003e-04;6.80522874e-04;-4.70291619e-04;-9.13647510e-04;8.13425531e-04;-1.41645606e-05;-8.77665237e-04
179	-1.36190954e-01;-1.03642615e-01;-1.56813459e-02;1.42676424e-02;3.69148720e-04;-2.67336001e-04;7.37241631e-04;5.56315779e-04;2.28124430e-04;6.53261350e-04;6.17655348e-04;3.17706584e-04;-3.17308232e-04;-7.83924092e-06;-6.87846460e-04;3.85150964e-04;-5.34461652e-04;-5.60120413e-04;6.89741934e-05;4.51223746e-04;-4.39345603e-04;-2.33162823e-05;1.11896998e-03;-3.97691164e-04;-6.16129367e-04
128	-1.36190954e-01;-1.03642615e-01;-1.56813459e-02;1.42676424e-02;3.69148720e-04;-2.67336001e-04;7.37241631e-04;5.56315779e-04;2.28124430e-04;6.53261350e-04;6.17655348e-04;3.17706584e-04;-3.17308232e-04;-7.83924092e-06;-6.87846460e-04;3.85150964e-04;-5.34461652e-04;-5.60120413e-04;6.89741934e-05;4.51223746e-04;-4.39345603e-04;-2.33162823e-05;1.11896998e-03;-3.97691164e-04;-6.16129367e-04
105	3.57423718e-02;-7.03683930e-02;-1.04227647e-03;-6.15509545e-04;4.90239977e-04;1.46781752e-03;3.09154260e-04;1.33518053e-03;-2.72653707e-04;-1.80797953e-03;-2.31415514e-03;1.38980571e-03;-9.62427350e-04;1.28181026e-03;-3.16975469e-03;-1.84117083e-03;5.56484430e-04;2.50568735e-04;8.21501300e-05;4.47834309e-04;1.46961581e-04;-2.68761419e-03;-1.54891446e-03;1.42352371e-03;-4.70405883e-04
94	3.57423718e-02;-7.03683930e-02;-1.04227647e-03;-6.15509545e-04;4.90239977e-04;1.46781752e-03;3.09154260e-04;1.33518053e-03;-2.72653707e-04;-1.80797953e-03;-2.31415514e-03;1.38980571e-03;-9.62427350e-04;1.28181026e-03;-3.16975469e-03;-1.84117083e-03;5.56484430e-04;2.50568735e-04;8.21501300e-05;4.47834309e-04;1.46961581e-04;-2.68761419e-03;-1.54891446e-03;1.42352371e-03;-4.70405883e-04
129	2.04889852e-01;-3.24327009e-02;1.34309698e-02;-1.49862119e-02;-6.61866898e-05;9.04141472e-04;-4.49801033e-04;1.73857649e-04;-3.09292297e-04;-1.36943627e-03;-1.57216294e-03;3.85568548e-04;-2.02621256e-04;6.01851993e-04;-9.23000001e-04;-1.14207428e-03;6.56151358e-04;5.04047835e-04;-4.46954347e-05;-1.53815097e-04;4.02407038e-04;-1.14535425e-03;-1.52301993e-03;9.47117127e-04;2.46734089e-04
395	-2.23747979e-02;-8.22945577e-02;-6.06810320e-03;4.50414993e-03;6.39445508e-04;5.98936847e-04;8.90721097e-04;1.31606123e-03;6.45045513e-05;-4.04193238e-04;-7.25504908e-04;1.11302900e-03;-8.61715090e-04;7.23549778e-04;-2.49278867e-03;-6.66360608e-04;-2.11452239e-04;-4.02628424e-04;1.28573060e-04;7.14761100e-04;-3.63860660e-04;-1.55566644e-03;2.60848967e-04;3.90280828e-04;-8.91490906e-04
107	9.35381437e-02;-5.79083948e-02;3.96351151e-03;-5.67394210e-03;1.65006646e-04;1.53292944e-03;-2.83046498e-04;7.77640514e-04;-4.20696981e-04;-2.13485625e-03;-2.56138043e-03;9.98497591e-04;-6.24494604e-04;1.15803820e-03;-2.31106350e-03;-1.94068102e-03;8.99540727e-04;6.27034364e-04;4.47902650e-07;4.07106981e-05;4.70596222e-04;-2.32883189e-03;-2.22000297e-03;1.57012176e-03;5.73293980e-05
165	2.04889852e-01;-3.24327009e-02;1.34309698e-02;-1.49862119e-02;-6.61866898e-05;9.04141472e-04;-4.49801033e-04;1.73857649e-04;-3.09292297e-04;-1.36943627e-03;-1.57216294e-03;3.85568548e-04;-2.02621256e-04;6.01851993e-04;-9.23000001e-04;-1.14207428e-03;6.56151358e-04;5.04047835e-04;-4.46954347e-05;-1.53815097e-04;4.02407038e-04;-1.14535425e-03;-1.52301993e-03;9.47117127e-04;2.46734089e-04
363	2.04889852e-01;-3.24327009e-02;1.34309698e-02;-1.49862119e-02;-6.61866898e-05;9.04141472e-04;-4.49801033e-04;1.73857649e-04;-3.09292297e-04;-1.36943627e-03;-1.57216294e-03;3.85568548e-04;-2.02621256e-04;6.01851993e-04;-9.23000001e-04;-1.14207428e-03;6.56151358e-04;5.04047835e-04;-4.46954347e-05;-1.53815097e-04;4.02407038e-04;-1.14535425e-03;-1.52301993e-03;9.47117127e-04;2.46734089e-04
66	9.35381437e-02;-5.79083948e-02;3.96351151e-03;-5.67394210e-03;1.65006646e-04;1.53292944e-03;-2.83046498e-04;7.77640514e-04;-4.20696981e-04;-2.13485625e-03;-2.56138043e-03;9.98497591e-04;-6.24494604e-04;1.15803820e-03;-2.31106350e-03;-1.94068102e-03;8.99540727e-04;6.27034364e-04;4.47902648e-07;4.07106981e-05;4.70596222e-04;-2.32883189e-03;-2.22000297e-03;1.57012176e-03;5.73293980e-05
118	2.04889852e-01;-3.24327009e-02;1.34309698e-02;-1.49862119e-02;-6.61866898e-05;9.04141472e-04;-4.49801033e-04;1.73857649e-04;-3.09292297e-04;-1.36943627e-03;-1.57216294e-03;3.85568548e-04;-2.02621256e-04;6.01851993e-04;-9.23000001e-04;-1.14207428e-03;6.56151358e-04;5.04047835e-04;-4.46954347e-05;-1.53815097e-04;4.02407038e-04;-1.14535425e-03;-1.52301993e-03;9.47117127e-04;2.46734089e-04
35	2.04889852e-01;-3.24327009e-02;1.34309698e-02;-1.49862119e-02;-6.61866898e-05;9.04141472e-04;-4.49801033e-04;1.73857649e-04;-3.09292297e-04;-1.36943627e-03;-1.57216294e-03;3.85568548e-04;-2.02621256e-04;6.01851993e-04;-9.23000001e-04;-1.14207428e-03;6.56151358e-04;5.04047835e-04;-4.46954347e-05;-1.53815097e-04;4.02407038e-04;-1.14535425e-03;-1.52301993e-03;9.47117127e-04;2.46734089e-04
17	9.06882746e-03;2.00607661e-01;-2.47532562e-01;3.96814131e-01;-1.19391952e-03;-1.16139366e-04;-3.58926633e-04;-7.48561573e-04;3.36976844e-04;-7.46301252e-04;2.00314249e-04;-5.55272996e-04;1.74996827e-04;1.71716883e-03;-4.31585324e-04;7.62591689e-04;1.80582525e-04;-2.19578552e-03;-1.42964884e-03;-1.68439589e-04;6.44521530e-04;-1.71127487e-04;2.43121555e-03;9.39277056e-04;8.75436843e-04
141	-4.30768455e-02;2.25674015e-01;2.91330048e-01;6.13796897e-02;3.00251962e-04;-1.56255469e-03;-9.91873110e-04;-2.72935033e-03;-4.04373574e-04;-8.11172617e-04;-1.23092163e-03;-1.97358651e-04;-1.33512096e-03;-6.67321703e-04;8.85967911e-04;-2.01123232e-03;1.87897962e-04;-3.46088427e-03;-7.66120775e-04;4.29787593e-04;9.99375768e-04;-1.90648018e-04;-8.21898415e-04;2.73060676e-04;-4.80426278e-04
347	-4.30768455e-02;2.25674015e-01;2.91330048e-01;6.13796897e-02;3.00251962e-04;-1.56255469e-03;-9.91873110e-04;-2.72935033e-03;-4.04373574e-04;-8.11172617e-04;-1.23092163e-03;-1.97358651e-04;-1.33512096e-03;-6.67321703e-04;8.85967911e-04;-2.01123232e-03;1.87897962e-04;-3.46088427e-03;-7.66120775e-04;4.29787593e-04;9.99375768e-04;-1.90648018e-04;-8.21898415e-04;2.73060676e-04;-4.80426278e-04
96	-1.36190954e-01;-1.03642615e-01;-1.56813459e-02;1.42676424e-02;3.69148720e-04;-2.67336001e-04;7.37241631e-04;5.56315779e-04;2.28124430e-04;6.53261350e-04;6.17655348e-04;3.17706584e-04;-3.17308232e-04;-7.83924092e-06;-6.87846460e-04;3.85150964e-04;-5.34461652e-04;-5.60120413e-04;6.89741934e-05;4.51223746e-04;-4.39345603e-04;-2.33162823e-05;1.11896998e-03;-3.97691164e-04;-6.16129367e-04
280	-1.36190954e-01;-1.03642615e-01;-1.56813459e-02;1.42676424e-02;3.69148720e-04;-2.67336001e-04;7.37241631e-04;5.56315779e-04;2.28124430e-04;6.53261350e-04;6.17655348e-04;3.17706584e-04;-3.17308232e-04;-7.83924092e-06;-6.87846460e-04;3.85150964e-04;-5.34461652e-04;-5.60120413e-04;6.89741934e-05;4.51223746e-04;-4.39345603e-04;-2.33162823e-05;1.11896998e-03;-3.97691164e-04;-6.16129367e-04
8	-1.36190954e-01;-1.03642615e-01;-1.56813459e-02;1.42676424e-02;3.69148720e-04;-2.67336001e-04;7.37241631e-04;5.56315779e-04;2.28124430e-04;6.53261350e-04;6.17655348e-04;3.17706584e-04;-3.17308232e-04;-7.83924092e-06;-6.87846460e-04;3.85150964e-04;-5.34461652e-04;-5.60120413e-04;6.89741934e-05;4.51223746e-04;-4.39345603e-04;-2.33162823e-05;1.11896998e-03;-3.97691164e-04;-6.16129367e-04
60	9.35381437e-02;-5.79083948e-02;3.96351151e-03;-5.67394210e-03;1.65006646e-04;1.53292944e-03;-2.83046498e-04;7.77640514e-04;-4.20696981e-04;-2.13485625e-03;-2.56138043e-03;9.98497591e-04;-6.24494604e-04;1.15803820e-03;-2.31106350e-03;-1.94068102e-03;8.99540727e-04;6.27034364e-04;4.47902652e-07;4.07106981e-05;4.70596222e-04;-2.32883189e-03;-2.22000297e-03;1.57012176e-03;5.73293980e-05
40	-1.36190954e-01;-1.03642615e-01;-1.56813459e-02;1.42676424e-02;3.69148720e-04;-2.67336001e-04;7.37241631e-04;5.56315779e-04;2.28124430e-04;6.53261350e-04;6.17655348e-04;3.17706584e-04;-3.17308232e-04;-7.83924092e-06;-6.87846460e-04;3.85150964e-04;-5.34461652e-04;-5.60120413e-04;6.89741934e-05;4.51223746e-04;-4.39345603e-04;-2.33162823e-05;1.11896998e-03;-3.97691164e-04;-6.16129367e-04
278	-1.36190954e-01;-1.03642615e-01;-1.56813459e-02;1.42676424e-02;3.69148720e-04;-2.67336001e-04;7.37241631e-04;5.56315779e-04;2.28124430e-04;6.53261350e-04;6.17655348e-04;3.17706584e-04;-3.17308232e-04;-7.83924092e-06;-6.87846460e-04;3.85150964e-04;-5.34461652e-04;-5.60120413e-04;6.89741934e-05;4.51223746e-04;-4.39345603e-04;-2.33162823e-05;1.11896998e-03;-3.97691164e-04;-6.16129367e-04
75	-1.36190954e-01;-1.03642615e-01;-1.56813459e-02;1.42676424e-02;3.69148720e-04;-2.67336001e-04;7.37241631e-04;5.56315779e-04;2.28124430e-04;6.53261350e-04;6.17655348e-04;3.17706584e-04;-3.17308232e-04;-7.83924092e-06;-6.87846460e-04;3.85150964e-04;-5.34461652e-04;-5.60120413e-04;6.89741934e-05;4.51223746e-04;-4.39345603e-04;-2.33162823e-05;1.11896998e-03;-3.97691164e-04;-6.16129367e-04
256	-1.36190954e-01;-1.03642615e-01;-1.56813459e-02;1.42676424e-02;3.69148720e-04;-2.67336001e-04;7.37241631e-04;5.56315779e-04;2.28124430e-04;6.53261350e-04;6.17655348e-04;3.17706584e-04;-3.17308232e-04;-7.83924092e-06;-6.87846460e-04;3.85150964e-04;-5.34461652e-04;-5.60120413e-04;6.89741934e-05;4.51223746e-04;-4.39345603e-04;-2.33162823e-05;1.11896998e-03;-3.97691164e-04;-6.16129367e-04
236	-1.36190954e-01;-1.03642615e-01;-1.56813459e-02;1.42676424e-02;3.69148720e-04;-2.67336001e-04;7.37241631e-04;5.56315779e-04;2.28124430e-04;6.53261350e-04;6.17655348e-04;3.17706584e-04;-3.17308232e-04;-7.83924092e-06;-6.87846460e-04;3.85150964e-04;-5.34461652e-04;-5.60120413e-04;6.89741934e-05;4.51223746e-04;-4.39345603e-04;-2.33162823e-05;1.11896998e-03;-3.97691164e-04;-6.16129367e-04
365	-1.36190954e-01;-1.03642615e-01;-1.56813459e-02;1.42676424e-02;3.69148720e-04;-2.67336001e-04;7.37241631e-04;5.56315779e-04;2.28124430e-04;6.53261350e-04;6.17655348e-04;3.17706584e-04;-3.17308232e-04;-7.83924092e-06;-6.87846460e-04;3.85150964e-04;-5.34461652e-04;-5.60120413e-04;6.89741934e-05;4.51223746e-04;-4.39345603e-04;-2.33162823e-05;1.11896998e-03;-3.97691164e-04;-6.16129367e-04
67	-1.36190954e-01;-1.03642615e-01;-1.56813459e-02;1.42676424e-02;3.69148720e-04;-2.67336001e-04;7.37241631e-04;5.56315779e-04;2.28124430e-04;6.53261350e-04;6.17655348e-04;3.17706584e-04;-3.17308232e-04;-7.83924092e-06;-6.87846460e-04;3.85150964e-04;-5.34461652e-04;-5.60120413e-04;6.89741934e-05;4.51223746e-04;-4.39345603e-04;-2.33162823e-05;1.11896998e-03;-3.97691164e-04;-6.16129367e-04
183	2.04889852e-01;-3.24327009e-02;1.34309698e-02;-1.49862119e-02;-6.61866898e-05;9.04141472e-04;-4.49801033e-04;1.73857649e-04;-3.09292297e-04;-1.36943627e-03;-1.57216294e-03;3.85568548e-04;-2.02621256e-04;6.01851993e-04;-9.23000001e-04;-1.14207428e-03;6.56151358e-04;5.04047835e-04;-4.46954347e-05;-1.53815097e-04;4.02407038e-04;-1.14535425e-03;-1.52301993e-03;9.47117127e-04;2.46734089e-04
223	2.04889852e-01;-3.24327009e-02;1.34309698e-02;-1.49862119e-02;-6.61866898e-05;9.04141472e-04;-4.49801033e-04;1.73857649e-04;-3.09292297e-04;-1.36943627e-03;-1.57216294e-03;3.85568548e-04;-2.02621256e-04;6.01851993e-04;-9.23000001e-04;-1.14207428e-03;6.56151358e-04;5.04047835e-04;-4.46954347e-05;-1.53815097e-04;4.02407038e-04;-1.14535425e-03;-1.52301993e-03;9.47117127e-04;2.46734089e-04
269	2.04889852e-01;-3.24327009e-02;1.34309698e-02;-1.49862119e-02;-6.61866898e-05;9.04141472e-04;-4.49801033e-04;1.73857649e-04;-3.09292297e-04;-1.36943627e-03;-1.57216294e-03;3.85568548e-04;-2.02621256e-04;6.01851993e-04;-9.23000001e-04;-1.14207428e-03;6.56151358e-04;5.04047835e-04;-4.46954347e-05;-1.53815097e-04;4.02407038e-04;-1.14535425e-03;-1.52301993e-03;9.47117127e-04;2.46734089e-04
