979	-0.05096595;-0.0689734;-0.03090723;-0.05568018;0.00767007;0.02125306;-0.06280658;0.06184995;-0.02179109;-0.0137882;0.01162477;-0.06478172;-0.07076226;-0.00698215;0.11334106;0.04951592;0.03046545;-0.06492654;-0.07421828;0.02597729;0.04064074;-0.01442567;-0.02415267;0.01574203;-0.05514736
69	-0.39648842;0.48414141;0.05693497;0.01160428;-0.02234143;-0.09861826;-0.02642065;-0.0302706;-0.01946422;-0.05290574;0.00070889;-0.13502293;0.20799931;-0.01674822;0.2168258;0.17822086;0.08618885;-0.07440583;0.13837439;0.09539632;0.09171785;-0.15523879;-0.25520629;-0.01295527;0.12871712
395	-0.03750173;-0.08547119;-0.04878025;-0.02952015;0.00023121;0.00699233;-0.05303594;-0.00796582;-0.00661711;0.01165217;0.02213168;-0.02790957;-0.04575534;0.0167421;0.05241432;-0.04036414;-0.00648778;0.00844118;0.03261366;0.04052839;-0.00965098;0.00014777;0.01063066;-0.07724847;-0.03171887
87	0.40070451;0.12121789;-0.05207059;-0.03207034;-0.00675827;-0.03262398;-0.02773132;0.29337973;0.06169983;0.03974549;-0.00553025;0.02565933;0.00120175;0.01783438;-0.00736264;-0.01013894;0.03760994;-0.0172282;0.02902469;0.01410834;0.00500906;-0.01019447;-0.0421221;-0.01289799;0.0030337
484	-0.24319427;0.20383503;0.44614689;-0.42650845;-0.17364846;-0.29547155;0.13641988;-0.0974325;0.11796011;0.0214021;0.06423369;0.09353177;-0.16853878;-0.15691076;-0.1081706;0.03140777;-0.08102174;-0.06514809;-0.11745231;-0.0975896;0.0978505;0.01762722;0.0044885;0.04724768;-0.01262247
642	-0.04345732;-0.17247487;0.21148765;0.18990467;0.00995585;-0.04410715;-0.09768777;0.34343489;-0.20453563;-0.09859481;-0.08129012;0.35739844;0.07648469;-0.05609314;-0.11769145;-0.04339638;-0.11180314;-0.05839054;0.02255687;-0.14304357;-0.01145736;0.02009401;-0.09851692;-0.10004697;-0.02641494
292	-0.25783836;0.20881558;0.4370524;-0.4189972;-0.12687895;-0.33171212;0.16426474;0.05366145;0.21395879;0.11488313;0.0624826;0.11209212;-0.10732206;-0.03547789;0.14105275;0.11219751;0.10095066;0.12402363;0.03496394;-0.10959496;-0.12646013;-0.01966271;-0.04148086;-0.04915186;0.02480705
428	-0.20290554;0.18370667;0.10895161;0.27848891;-0.04643925;-0.0104302;-0.10374908;0.00182885;-0.08156325;0.01309871;0.0026323;0.13155175;-0.03033213;0.05633812;0.10203253;-0.04660294;0.08549146;0.066756;-0.05503932;-0.03918915;-0.03554273;-0.04619852;0.05234803;-0.07540224;0.08755254
877	-0.21496554;0.1986317;-0.04643108;0.03291156;0.00633691;-0.0022865;-0.08504248;-0.02187451;-0.05510262;-0.03289507;0.00545943;0.01074287;-0.07225417;-0.0265886;-0.03923356;-0.01968376;-0.16424794;-0.00386889;0.10860402;0.03572881;-0.04992534;0.01998416;-0.00055258;0.07268517;-0.03084932
625	-0.02368606;-0.13290567;-0.04997008;-0.02579268;-0.02872781;0.04710326;-0.06359599;-0.01486357;0.02524141;-0.03206387;0.08773989;-0.02167683;-0.08114455;0.11939319;0.00999124;-0.10779264;-0.07615317;-0.00370223;0.02031751;0.11094611;0.01819581;-0.1058888;0.10169529;-0.27251132;0.17104354
691	-0.09784737;-0.05850811;0.04015556;-0.1140855;-0.02827679;-0.00621733;-0.18727813;0.00502418;-0.28480856;-0.26481057;-0.10406978;-0.02830284;0.03116932;-0.18963628;0.14004919;0.15061258;-0.1731191;-0.33313606;-0.23937013;0.13248991;0.02590256;0.19214787;-0.26092816;0.0937139;-0.14976222
116	-0.02552877;-0.19615037;-0.02980838;0.05415444;0.10859471;-0.04436243;-0.02207506;-0.13218505;0.08177552;-0.07030711;0.16668859;-0.02348922;-0.01722081;0.4329155;-0.20642981;0.21640656;-0.00477825;-0.21917439;-0.07631339;-0.11943847;-0.05094005;-0.01745404;0.02326421;0.14782132;0.00972952
931	2.51033118e-01;2.04012470e-04;1.00320868e-01;1.14653191e-01;-5.60824800e-02;1.88108040e-02;1.47416826e-03;3.80597546e-03;-2.72247843e-02;-3.01897917e-03;-2.08083709e-02;-1.18210907e-01;-2.13752179e-02;7.71183208e-02;1.09358630e-01;1.11454137e-02;1.69093010e-02;1.36715546e-01;1.08003041e-01;-8.78852153e-02;3.28154618e-01;5.57019367e-01;-1.48044463e-01;7.51243953e-02;1.65219457e-01
53	-0.13279478;0.04951754;-0.13079685;0.05595701;0.10061485;-0.05647458;-0.04962999;-0.06395473;0.11078324;0.01931518;0.26052851;0.02569656;0.10855529;-0.09648991;0.06542383;-0.07456178;-0.02517607;0.03076901;0.02243738;0.02577922;0.00039151;0.04326686;0.03528201;-0.05201246;-0.04110101
445	-0.21659823;0.14446508;0.43169734;-0.43096959;-0.17467432;-0.26756961;0.11002781;-0.09445392;0.09217683;-0.01274327;0.09041677;0.06135967;-0.13184248;-0.14172581;0.00446692;0.09072201;-0.09651798;-0.09582773;-0.04865185;-0.06634366;0.21829996;-0.07118979;-0.02975893;-0.06355272;0.13215584
135	2.48430705e-01;6.06089245e-02;-4.97214226e-02;-3.77911121e-02;-5.18837420e-02;-1.67422457e-02;-9.30769958e-02;-4.20042715e-06;3.50926768e-02;4.67201497e-03;5.23292465e-02;-2.08277998e-02;-5.59871106e-02;1.27497186e-01;4.71180194e-02;-1.05378016e-01;-3.42779536e-02;-4.31150767e-02;2.27144674e-02;7.34033595e-02;-3.99165953e-03;-1.22495305e-01;6.10893843e-02;-2.61861922e-01;8.46352484e-02
895	-1.56270069e-01;5.45874379e-02;5.67526138e-02;2.96194513e-02;1.68989493e-02;-4.87232064e-02;1.22005051e-04;2.92732475e-01;-3.66910611e-02;-4.49443357e-02;1.40431210e-02;-8.46393117e-02;-6.90309397e-02;-1.66095094e-01;1.76171857e-02;4.45885430e-02;-1.59596492e-02;-1.26147310e-01;-2.36217020e-01;4.61271010e-02;2.52335099e-01;2.09550172e-02;1.25699756e-01;2.36171101e-02;2.68329819e-02
704	2.87876579e-02;-2.67566998e-04;1.69594002e-01;-1.45586652e-01;4.36560608e-01;6.41169352e-01;2.98563386e-01;-1.36031726e-01;2.10569948e-02;9.75356028e-03;-1.03637748e-01;7.16545854e-02;-4.92602085e-02;-7.83777993e-02;-1.81248545e-02;-3.60841124e-03;-8.83257946e-02;-2.27679669e-02;-1.54130987e-02;6.75144305e-02;-1.01152188e-01;-4.95547490e-02;4.18770517e-02;4.29803772e-02;9.76335568e-03
891	-0.38510279;0.53633265;-0.0917319;0.17234322;0.0214163;-0.01922686;-0.04844251;-0.02230986;-0.01107099;0.02280627;0.02243943;0.00785133;0.00655928;0.05914907;-0.08532586;0.04715753;-0.07116854;0.01471196;0.05417857;-0.04588463;0.00306599;0.0163856;0.05172533;0.01168455;0.00648282
284	0.03914698;-0.16731326;-0.10219493;0.27632649;-0.48092167;-0.00667191;0.53677903;-0.11557041;-0.23987301;-0.04952119;-0.00687369;0.08601835;0.08125921;-0.04184033;0.02202449;0.04394276;-0.21516662;-0.05323202;-0.02076684;-0.15241458;-0.12565493;-0.01777313;-0.07956199;0.04217777;-0.07068752
901	-0.18480033;0.17360391;-0.0565847;0.02556776;-0.00551927;0.00454461;-0.06760478;-0.01049053;-0.00565867;0.02615295;-0.0322875;-0.06555058;0.05240685;0.07837064;0.00760519;-0.08525487;-0.01514007;0.07737184;-0.00024616;0.00732162;0.01006822;-0.02867156;0.02270824;-0.02261323;-0.02104902
803	-0.00725157;-0.09061184;-0.0220081;-0.06299606;0.05251133;0.14404523;0.00676764;-0.03989025;-0.02741409;0.00428944;0.00035736;-0.05769078;-0.06980758;0.02199452;0.04143497;-0.09134652;0.02143348;0.10276308;0.0990606;0.00804014;0.12730079;-0.10683997;0.03013804;0.08507441;-0.10519579
699	0.74873427;0.35455425;-0.03489962;-0.05248502;-0.04982055;-0.051482;-0.13004097;0.03365721;0.05989882;-0.01127867;0.0113745;-0.01224701;0.0416227;0.01022546;0.00958518;-0.01282965;0.01189251;-0.01974635;0.00115671;0.04695972;-0.02314678;-0.01440414;0.00708846;-0.01626971;-0.03724786
100	-0.02909051;-0.10489973;-0.03620539;-0.0538628;-0.00651901;-0.0004143;-0.09968314;0.00205029;-0.04118144;-0.05590233;-0.0364785;-0.04338858;-0.12479617;-0.05428686;0.03967805;0.00212354;-0.0779464;0.05701636;-0.01519686;0.02408015;0.14607079;-0.04106323;0.08776901;0.0903716;-0.02302973
443	0.08553917;0.04262386;0.02143906;-0.10740757;-0.04554273;-0.02308233;-0.14041289;-0.01063396;-0.08141883;-0.14459083;0.0123656;0.06328877;0.08536562;-0.1330768;0.11409317;0.17661872;0.08434773;-0.15669091;0.10453079;0.02310776;0.24995149;-0.1915258;-0.02389841;-0.08887043;0.21073527
689	-0.04172185;-0.14549497;-0.16663845;-0.08362951;-0.17441464;0.06696276;-0.06743901;-0.11046214;-0.05218516;0.33462334;-0.15033753;-0.0185921;0.10571647;-0.07065695;0.00526207;-0.10317937;-0.07551676;-0.01944851;0.15637167;-0.07977535;0.12693908;-0.18461153;0.04476333;0.48408933;-0.21818399
390	0.62958244;0.23015099;-0.21618495;-0.00797621;-0.18180483;-0.07010506;0.16650723;-0.05797767;0.0690695;-0.07465288;-0.05911294;0.01997042;0.09080996;0.05784772;-0.07183013;0.09974868;0.05347335;-0.1165413;0.01189441;-0.05498922;-0.01024577;0.02879107;0.14135677;-0.00668922;0.02962056
32	-0.02664543;-0.1420127;-0.0273065;-0.03703587;-0.01888678;0.06792841;-0.09539797;-0.05928244;0.02910535;-0.00980524;0.24910515;-0.02466829;-0.10528708;0.32702563;-0.20257765;0.14904025;0.05176975;0.01899485;-0.16209479;0.02817206;-0.03049587;-0.09575764;-0.10521099;0.14693061;-0.06138468
230	-0.09589398;0.02857208;-0.06794479;0.00341832;-0.03845081;0.01269811;-0.05709464;-0.0226132;-0.00252834;0.0207672;-0.00466445;-0.03432205;-0.14084336;-0.00274184;0.0361962;-0.08523081;-0.05370713;0.03164665;0.09085225;0.19739773;-0.09852735;0.04722332;0.01131653;0.02459177;0.08253017
834	-6.69732389e-02;-6.05423070e-02;-6.41628867e-02;-2.30943749e-02;3.17633163e-03;1.41898401e-02;-1.23433722e-01;1.21821450e-04;-3.66036723e-02;-3.42958671e-02;9.84913732e-02;7.80589121e-02;3.64848969e-02;-2.48308113e-02;5.15616488e-02;-8.17874070e-02;-1.61822057e-02;5.56011198e-02;7.20558106e-02;4.90479743e-02;-5.37306799e-02;3.13163902e-02;9.31274943e-02;3.64848766e-02;-7.66475898e-02
962	0.21251377;0.01181718;0.24344109;0.1008225;-0.08199499;-0.0704915;-0.0878053;0.18613164;-0.04517799;-0.14838222;-0.03770354;-0.09868633;-0.01477183;-0.12330305;0.06826662;-0.05692067;-0.20528088;-0.14865673;-0.37586133;0.11292819;0.31407962;-0.09052408;0.17671833;-0.14807637;0.12921361
1032	-0.06666274;-0.08851205;-0.07283879;-0.10339717;-0.03952054;0.04831472;-0.08316671;-0.02941321;-0.07399139;-0.15677835;-0.03814549;-0.11814777;0.20470932;0.19980331;-0.16746946;0.44667761;-0.0373985;-0.17680165;0.2164384;-0.09600385;-0.06370981;0.18161222;0.49080318;-0.05902567;0.08326858
525	-0.38434511;0.52904966;-0.08044882;0.18201584;0.02139225;-0.02135622;-0.04698591;-0.00380348;0.0191561;0.0575145;0.03268889;-0.00822282;-0.04919048;0.02855129;-0.02516162;-0.02783756;-0.02396035;0.04859869;0.01958406;0.0269738;0.03485016;0.01700644;0.0420854;-0.00627211;-0.01689367
318	-1.69467992e-01;1.22257342e-01;8.80086277e-02;1.44755141e-02;1.46006488e-02;-2.42529906e-01;1.78388427e-01;-1.12367560e-01;1.87996990e-02;5.33482867e-02;-1.38617851e-02;-6.52387002e-03;-4.84686630e-02;-1.79826335e-04;-2.41496648e-02;-6.26249657e-02;3.71225016e-02;1.25774129e-02;6.83518521e-02;5.87521037e-02;-7.34510790e-02;1.00353449e-02;2.54388196e-02;-4.45578796e-02;-9.18376149e-02
1047	-0.16941532;0.05712827;0.42658157;-0.45343992;-0.0921368;-0.19701309;0.16138003;-0.00393014;0.11782074;0.01496737;0.03364297;0.07258082;-0.03411946;-0.04921078;-0.11213843;0.03858037;-0.0187188;0.05313758;-0.00957291;0.00444103;0.0229347;-0.01348016;-0.0768608;-0.11849587;-0.0501665
738	0.57238331;0.21215832;-0.29245299;0.02062904;-0.41186378;-0.04388927;0.41360574;-0.05297502;-0.08979484;0.00356624;0.01186953;0.09353748;0.04635541;0.02017655;0.08588645;0.01297763;-0.02758761;-0.04912726;-0.03633941;0.04429729;-0.05418506;-0.03098714;0.01766387;-0.00211646;-0.02738323
364	-0.11419972;-0.01982179;-0.14663649;0.03556238;0.32844177;-0.27275397;0.10356015;0.01956585;0.06919729;0.01738535;0.15362536;-0.02914776;0.11565283;-0.16013941;-0.10780148;-0.07376876;0.13983417;-0.07856524;-0.05165976;-0.10427078;-0.04313007;0.05011368;0.02499435;0.01563892;0.02599998
398	-0.06131615;-0.06109179;-0.13634547;-0.06009115;-0.14124328;0.00868763;0.0760194;-0.06871483;-0.06560727;-0.08003729;-0.02362634;-0.16417111;-0.13203552;-0.25759006;-0.04027235;-0.07642616;0.33962599;-0.09533336;0.06179563;-0.14890981;-0.17492707;-0.0386006;-0.02986464;0.09325802;0.28324655
839	-0.05691797;-0.09221198;-0.06792146;-0.02200524;-0.02639785;0.05861801;-0.07938642;-0.02012352;0.1300806;-0.07317738;-0.10178729;0.10011179;-0.05098911;0.01464618;0.02265243;-0.0108861;-0.07627273;-0.02712772;0.02817018;0.01633955;0.05988268;0.03136587;0.02809004;-0.15095964;-0.06410329
424	-0.11168576;-0.00856359;0.13730006;0.03848892;-0.05957891;0.03418794;0.03081186;-0.06802228;0.3270059;-0.03999777;-0.15718074;0.10056701;-0.01024088;0.03084715;0.01366681;0.03780085;-0.00134222;-0.01147033;-0.00472065;-0.07174486;0.10602331;0.2035101;-0.0547968;0.09310222;0.01367437
751	-0.0132289;-0.1896037;-0.1931444;0.10770577;-0.22524702;0.04842608;0.20189843;-0.10163185;-0.0321451;-0.04647398;0.43146921;0.22739854;0.25756515;-0.15696924;0.03268387;-0.03831334;0.03481151;0.10810493;-0.09576069;0.093295;-0.01623635;0.06611566;0.0493293;-0.00875153;0.01839862
889	-0.08844808;-0.04221589;0.04453763;-0.14183379;-0.02112512;-0.03521426;-0.08728917;0.03540804;-0.06279326;-0.15810613;-0.13814981;-0.20836742;0.2554947;0.09230708;0.09759293;-0.15901701;-0.04937691;0.07926247;-0.08647097;0.13164691;0.03751344;0.03183147;0.10737879;0.01573152;-0.09161854
612	-0.14695403;0.03387197;0.39251792;0.15636227;-0.06037592;-0.17094029;0.11001054;0.20479442;0.04457477;0.07314417;0.04722901;0.02111313;-0.01909838;-0.07706277;-0.14908761;-0.01684882;-0.09724751;0.04069261;0.06426946;-0.05450148;-0.0628452;0.01015309;-0.07028273;-0.06842432;-0.11827302
643	-0.27160965;0.27706295;-0.06765437;0.03950115;0.01489459;0.00159883;-0.05309306;0.06551527;-0.05573804;-0.07935355;-0.01808721;-0.03810991;0.11131031;0.10027525;-0.16274145;0.25351213;-0.11929763;-0.11616976;0.16124731;-0.09784153;-0.03738158;0.10490296;0.29886725;-0.03275899;0.00732332
718	-0.10595794;0.01608537;0.18333699;-0.25689559;-0.00372111;0.05412691;0.01377029;-0.09899559;-0.04854529;0.19090199;-0.04032002;-0.06669877;0.1598;-0.03652761;0.1693095;0.16462937;0.08084421;-0.10528486;0.22333368;0.05424404;0.05560546;-0.23243749;-0.31169301;-0.06400103;0.11490096
768	-0.13202176;0.0103951;0.05264299;0.02541971;-0.01114112;0.02406026;-0.10542905;0.01330744;-0.13563664;-0.12545396;-0.09078107;-0.1944337;0.10649632;-0.05126906;0.1750506;0.1837993;0.12987906;-0.22484101;-0.07451143;0.26118545;-0.01985336;0.20836919;-0.24691742;-0.08253307;-0.26695215
15	-0.02505265;-0.1122547;-0.04326364;-0.08282884;-0.05995445;0.03616621;-0.11256588;-0.02737455;-0.12091585;-0.11987802;-0.00297558;0.02503283;-0.13615969;-0.09727017;-0.04983745;-0.11641297;0.01654443;-0.0839252;-0.08042484;-0.09106813;0.23791504;-0.11007459;0.08818965;0.08817783;0.06171847
458	-0.10147446;-0.04148668;0.35695888;-0.34362423;-0.02337975;-0.14844485;0.12384078;0.1776151;-0.03703654;0.00292151;0.00393922;0.2540576;-0.03565655;-0.04943419;-0.05801319;0.00606432;0.05043651;-0.05339979;-0.01974167;-0.00183436;0.07501316;0.0653893;0.05897787;-0.01257225;-0.03287387
280	-0.00400946;-0.02226131;0.35669553;0.49851685;-0.14319247;0.05372716;-0.04012428;-0.08146463;0.2096267;-0.09277262;-0.14270719;0.0427673;-0.02098773;-0.1790648;-0.04711301;0.05615473;-0.03292303;-0.1594563;-0.20759385;-0.12446529;0.15736207;-0.04048149;0.03386056;0.0284185;0.03609175
1016	-0.19811669;0.17798213;-0.0551487;0.05771639;0.00805907;-0.00180445;-0.09538499;-0.00217092;0.03872808;-0.00251245;-0.00835452;0.00222283;-0.06851076;-0.00772104;0.01083206;-0.02625627;-0.05905621;0.01644688;0.03384658;-0.01223889;0.04124871;-0.00461343;0.00338658;-0.19250558;-0.09475491
281	-0.03846357;-0.07164788;-0.08028712;-0.02053544;0.1158923;-0.09983158;-0.01224346;0.04869615;-0.01470533;-0.00085884;-0.00433451;-0.05838966;-0.13127817;-0.03046462;0.11903619;0.09722187;0.06458137;0.14802793;-0.09088966;-0.11896581;0.02297958;0.08980876;-0.00303104;0.03670643;0.12640628
366	-0.04484847;-0.09328368;-0.03339576;-0.03958914;-0.00415755;0.04417781;-0.10770228;-0.02456707;-0.02581447;-0.03406618;-0.03090917;-0.05616939;-0.20984076;-0.11317751;-0.03510208;-0.09683314;-0.21467547;-0.06953134;0.09711673;0.39306312;-0.26590739;0.10761705;-0.0406069;0.10440136;0.20165062
276	0.2294009;0.02196836;-0.12774285;-0.03971397;-0.20718285;-0.0154405;0.11335598;-0.00204191;-0.07941943;-0.09402954;0.03562882;-0.01430749;-0.18414996;-0.08241888;0.07477491;-0.02638592;-0.13899167;-0.03913699;-0.24281526;-0.04891974;0.38304218;-0.10735194;0.03275069;-0.01124534;0.02160789
227	0.49562941;0.20369438;-0.01543814;-0.04640758;-0.05068509;-0.05795642;-0.12316764;0.03729153;0.03519452;0.03311991;0.0052499;-0.02184188;-0.01007769;0.00878294;0.03064875;0.00579801;0.01629032;0.00565574;0.08453516;0.06970084;-0.03656146;-0.02224925;0.10396382;0.03055103;-0.09813614
80	-0.04389851;-0.13394106;-0.09740703;-0.09568967;-0.04611101;0.05981024;-0.15174489;0.09522367;-0.04266686;0.47664044;-0.09650236;-0.04621821;0.07749345;-0.01503571;-0.01982261;0.01053398;-0.01617842;-0.04635945;-0.02841894;-0.0477985;0.01905646;-0.0111076;0.03818941;-0.04351584;-0.02888898
673	-0.17633681;0.12349598;0.09530953;-0.02350307;-0.05324146;-0.07781163;-0.01527689;-0.04391313;0.05462858;0.03308377;0.01452385;0.00663482;-0.03180728;0.03973506;-0.00598176;0.03210495;0.00101393;-0.00104096;0.05461071;0.0069162;0.00036425;0.04911895;0.09148208;-0.05928135;-0.07748309
337	-0.04782206;-0.09080539;-0.03718472;-0.06009901;-0.01022073;0.01833184;-0.07539247;-0.02748777;-0.01795222;-0.07141554;0.04244015;-0.03349496;0.02110819;-0.044709;0.05014179;0.07616652;-0.06631063;0.01170867;0.19182589;-0.0303023;0.0158817;-0.09971975;-0.05245789;-0.09681005;0.02853226
916	-0.04310402;-0.03815652;0.13555085;-0.20162928;0.12186693;0.12958806;0.12227696;0.03097347;-0.01609678;0.01480436;-0.01206964;-0.00981831;0.00838125;0.05003187;-0.02514867;0.08695457;-0.01607008;-0.01029685;0.11834024;0.05933879;-0.06743385;0.06099407;0.23840339;-0.02433257;-0.05936625
639	0.00411858;-0.16631072;-0.10869125;0.04047467;0.29669324;-0.288189;0.03611606;-0.13296738;-0.0025269;0.02265593;-0.00318733;-0.04295978;-0.03037276;-0.00999591;-0.01050363;-0.02544651;-0.04738473;-0.0135608;0.00665965;0.06068488;-0.02214612;-0.0279125;0.00994479;-0.07673764;-0.06781096
752	-0.11106265;0.03039675;-0.03764886;-0.03255143;-0.00646052;-0.0190116;-0.10560931;0.00478102;-0.07991468;-0.07633227;-0.03922244;-0.01734518;0.0413066;0.02820706;-0.01400719;-0.06154136;-0.12118325;0.04772759;0.0634909;-0.00861428;-0.07475242;0.02648015;0.04717394;0.06096137;-0.11886469
713	0.03473977;-0.24755767;0.39202662;0.50338747;-0.12427964;0.00865356;0.00641239;0.01118667;-0.03620665;0.05226173;0.05355318;-0.06368933;0.05472803;-0.00516282;-0.15589585;0.11866955;0.11125825;0.1696928;-0.07119929;0.07071613;-0.00095854;-0.02710732;-0.03842653;-0.02769469;-0.03596316
449	-0.05852963;-0.11020465;0.07500996;0.02962577;-0.04847717;-0.01774086;-0.07374472;0.01612197;-0.04997787;-0.07428086;0.00412518;-0.13654496;0.06344677;0.04974336;0.00389044;0.06194624;0.02384789;0.03716261;-0.14154356;0.24928819;0.16371622;0.0876316;0.07227607;-0.0795022;-0.1323994
1012	-0.16017242;0.07828708;0.01507174;-0.14002808;-0.07464209;-0.01713281;-0.06067599;-0.02795548;-0.06951015;-0.2085788;-0.20744198;-0.3367709;0.39916499;0.08814296;-0.07596881;-0.41852407;0.10974918;0.16359833;-0.01296941;-0.03301503;0.02426754;-0.2406493;-0.03413945;0.13968624;0.14505566
749	-1.58713566e-01;1.39241885e-01;-6.41748881e-02;4.54578120e-02;4.80320491e-04;3.66238857e-05;-5.93113615e-02;-1.89479312e-02;3.82524227e-03;2.01294348e-02;-1.49617797e-03;-1.86028793e-02;-4.99444745e-02;2.79440911e-02;5.22911917e-03;-2.29572580e-02;-5.62888131e-03;3.69911406e-02;5.28231313e-02;1.48921328e-02;-1.85700414e-03;3.72180339e-04;2.76055681e-02;-1.57817027e-02;-3.86348452e-02
438	0.75631181;0.27795431;0.12785327;0.15159018;-0.09565694;-0.04724203;-0.09818651;0.01429966;0.04688565;0.02356718;0.02338922;-0.02085828;0.03091454;0.02056292;0.01669246;0.01761517;0.02612704;0.0199632;0.0412606;-0.01612239;0.05873908;0.12846304;-0.02038933;0.0327699;0.04832866
217	0.5209864;0.35094326;0.31257662;0.06015425;-0.06045691;-0.00613533;0.03038126;-0.04525818;0.01369145;0.01175559;0.04421113;0.00247324;0.09412892;-0.04645937;-0.01727702;0.07459136;-0.02498908;-0.04296756;0.12734991;-0.05885089;-0.01133901;-0.10290528;-0.12532018;0.00883022;0.0521053
656	1.05614928e-01;1.47969802e-01;1.54712767e-01;2.76794304e-01;-7.31748183e-02;-9.37431141e-03;-5.47958761e-02;-1.14352944e-02;-6.96450667e-03;1.95025189e-02;-6.66990602e-03;-7.47033678e-02;5.95557659e-03;-5.47806855e-02;-4.91569091e-02;-1.03035880e-01;6.54968069e-02;2.11889229e-02;9.11472933e-02;6.37441178e-02;-7.50113700e-03;-4.25181754e-02;5.12311801e-02;-5.16187731e-05;-9.80609927e-02
225	-0.20081626;0.18122483;-0.01889545;0.01961643;-0.02419459;-0.00801664;-0.10157885;0.0038726;-0.02144861;-0.08453246;-0.01688868;-0.05095152;-0.06529419;-0.05826702;-0.05257782;0.0290387;-0.10035392;-0.01493431;-0.08568569;0.16359437;0.11585797;0.06244158;0.04561776;-0.10248681;-0.09624656
628	-0.21060896;0.18989339;-0.06444833;0.0777617;-0.02635402;-0.00340762;-0.09598329;-0.00420643;-0.0138721;-0.06984334;0.03670306;-0.00943244;-0.10102143;0.03648041;-0.0761193;-0.08800051;-0.2900297;0.02732559;0.08330069;-0.10246103;0.0483946;-0.05367868;-0.07310974;-0.24040387;-0.0703841
504	-0.01390954;-0.191735;-0.14483192;0.09060877;0.20758896;-0.01438134;0.0458813;-0.19044453;0.60624569;-0.09812202;-0.34735803;0.22983667;0.04009919;0.03467734;-0.02104002;0.06048407;-0.031607;-0.1446435;-0.09632268;-0.0529854;0.00216619;-0.05193857;-0.04706268;0.11334922;-0.01832432
226	-0.04490722;-0.163239;-0.11974622;0.00552596;-0.01420407;0.1558861;-0.10864077;-0.04975938;0.43714903;0.14094749;-0.28893469;0.13986774;0.02050275;0.0094984;0.00161932;0.0398747;-0.01092932;-0.01582472;-0.03909015;0.0356587;0.05410961;0.03645539;-0.00583441;0.06596695;0.08021875
164	0.1783325;-0.04525431;-0.08815333;-0.00064318;0.10137897;-0.10653872;-0.01467569;-0.09254157;0.01808251;0.01613099;-0.03868295;-0.04160347;-0.04642642;0.06420259;0.0303679;-0.04472146;0.00396139;0.08084743;0.12669522;-0.02558985;0.17919314;0.08874644;-0.00194921;0.24565796;0.00154239
235	0.16415369;-0.04688229;0.02480022;0.07609027;-0.10094508;-0.01942933;0.06211223;-0.09822818;0.15646063;-0.2055713;-0.2585006;-0.14898266;0.2677757;0.03358207;-0.19290197;-0.16463621;0.16073203;-0.06234333;-0.15148973;-0.1590438;-0.08005475;-0.00960739;0.10011333;0.08278158;0.16099372
118	-0.20137272;0.1734119;-0.12678383;0.11294508;0.13953403;-0.10024407;-0.01744221;-0.08795233;0.18614726;0.01265707;-0.10893074;0.04345431;-0.0703499;0.03917375;0.13378726;0.06272147;0.05115666;0.03592763;-0.0791846;-0.08502216;-0.09755984;-0.01883075;0.00623236;0.0730639;0.00761536
1054	-0.15337671;0.0342525;-0.06266149;-0.04760663;-0.02683054;0.05674868;-0.1396414;-0.02898071;-0.10042313;-0.18317766;-0.09909544;-0.18437748;0.04344076;-0.06343807;-0.10518009;0.203558;0.00551925;-0.32422735;0.10684132;0.09048511;-0.20894639;0.26469744;0.00274859;-0.09425219;-0.04685455
881	-0.13741874;0.08424613;-0.08741176;0.24246915;0.12578197;-0.24205409;0.14996092;-0.13607729;-0.14272457;0.02562532;-0.04622237;0.19593439;0.0315256;0.04269253;-0.00100293;-0.03979418;0.03118212;-0.02360548;-0.0366797;0.03658206;0.03774403;-0.00733914;-0.00402859;-0.0405796;0.03786428
706	0.12264269;-0.00150671;-0.02253503;-0.06230199;-0.03026985;-0.01828751;-0.14048503;-0.00113817;-0.15231077;-0.15374259;-0.05803411;0.09800963;-0.04666916;-0.10058607;-0.19331688;0.01004818;-0.26182707;-0.06702975;0.06962744;-0.18165536;-0.15215645;-0.00052588;-0.1407487;0.01495597;-0.0822423
143	-0.04369804;-0.14556545;-0.12963831;-0.14002078;-0.12213057;0.10938716;-0.26418077;-0.0995421;-0.0800527;0.83549538;-0.16970729;-0.02420259;0.18854875;-0.04989614;-0.03503816;0.0230444;-0.08437711;-0.07904301;-0.11919413;-0.07664031;0.01519844;0.00995902;-0.01174732;-0.02064078;0.04678525
1005	-0.00041442;-0.16377352;0.20151775;0.17406418;-0.04781348;0.02252425;-0.14898652;-0.03408366;-0.16601798;-0.06330552;-0.0315415;0.2929218;-0.04983865;0.03427535;-0.06087944;-0.10053927;-0.05784808;-0.05917554;-0.00498648;0.10821515;-0.08451619;-0.04738399;0.02240541;0.02671785;0.09844128
912	-0.01618546;-0.11098051;-0.16132397;-0.03642475;-0.22209674;0.02075586;0.20240204;-0.04572529;-0.06897459;-0.0419949;-0.03505125;-0.0256213;0.09826016;0.1398036;0.08611766;-0.13215722;-0.07590429;0.01858382;-0.07635387;0.03424002;-0.03380904;-0.06677222;0.04002387;-0.10031969;0.05797803
537	0.22606561;0.07866037;-0.02148694;-0.06553736;0.00102895;-0.05907246;-0.19893992;0.03710579;-0.15655938;-0.06360274;-0.0502827;0.31432931;-0.04265249;0.02174069;0.23909401;0.03850195;0.1886262;0.14898313;-0.10618031;-0.12006119;-0.18919707;-0.02604504;0.04618872;0.04387401;0.09425023
406	-0.02966162;-0.15154323;-0.1019015;-0.04030792;-0.05732752;0.05022794;-0.08352887;-0.05868474;-0.01929613;-0.03320188;0.142378;-0.02803927;-0.01083266;0.06925671;-0.44037708;0.41630711;0.17529702;0.49298502;-0.23579883;0.27235941;0.04991332;-0.11686185;-0.20193634;0.00697612;-0.09035443
868	-0.00260351;-0.22686393;0.20020407;0.29208684;-0.0462515;0.03751684;-0.01262498;0.123042;0.14300481;-0.01436091;-0.08184548;0.03250888;0.00627164;-0.00855336;-0.1186231;0.07667858;0.01452886;0.1140529;-0.05953014;0.06888557;0.01431074;-0.00562311;-0.00223878;0.04581651;0.04740123
1055	1.33759852e-01;3.75334739e-02;2.01216026e-02;-1.69146259e-01;2.59518551e-02;-1.09871704e-01;-6.71107012e-02;-3.38959872e-02;-9.11510735e-02;-2.45570699e-01;-1.86307040e-01;-1.88951353e-01;4.42066988e-01;2.04583086e-01;-1.15582500e-01;-4.98031171e-02;-1.90476920e-01;5.26629602e-02;-8.70550983e-02;-1.45532046e-01;-1.12306298e-01;1.63246277e-05;1.80556382e-01;3.84732415e-02;8.51459403e-02
907	-0.24762194;0.25698144;0.28862832;0.54815909;-0.10294637;-0.01953591;-0.05285594;-0.05458543;0.0132937;0.05664323;-0.01378337;-0.02876138;-0.09956563;-0.07544774;-0.1070651;-0.08170251;-0.14644148;-0.03514839;0.05057659;0.20942282;-0.16379872;0.06839756;-0.07087773;0.05320148;0.17008779
303	0.07253551;-0.18449524;0.26961453;0.3483274;-0.07147605;0.05240679;0.04311731;-0.04618997;-0.03508439;0.05553011;-0.01161083;-0.09551087;-0.04659114;0.09059157;0.09401773;0.01592098;0.0155128;0.19635265;0.14957571;-0.1680749;0.29599095;0.53703652;-0.15053857;0.08112235;0.23650828
793	-0.09261261;-0.03939399;0.01804594;0.04374805;-0.01131853;-0.00578448;-0.17095402;-0.01035451;-0.20976648;-0.07653561;-0.06721733;0.31445843;0.04658542;0.09159881;-0.00774661;-0.06221346;0.10755256;0.01238322;0.14632249;0.07278754;-0.00442164;0.01555833;0.21751054;0.16543259;-0.07729971
784	-0.01308157;-0.16953559;-0.15822599;0.00106757;0.27349616;-0.26022872;0.04254922;-0.17210989;-0.01588661;-0.05893985;-0.05881175;-0.09471823;0.10655947;0.15106284;-0.1286085;0.27094635;-0.01028567;-0.09729715;0.12677481;-0.019502;0.00514262;0.08990684;0.37336189;-0.08359156;0.10108987
734	-0.45746281;0.66979884;-0.10428743;0.22840674;0.01825047;-0.0126901;-0.02568568;-0.02287386;0.02268642;0.06015822;0.04219727;-0.01734055;-0.03394645;-0.00504319;-0.10431087;-0.05779176;0.05877651;0.01919109;0.00720284;-0.0453002;0.01711382;0.00756585;-0.00804068;0.01354715;0.02835135
540	-0.46944977;0.67072999;-0.09169563;0.23925617;0.03520248;-0.01774983;-0.05675402;-0.02012042;0.02085965;0.04444109;-0.0076413;0.13935767;0.00948104;0.05464914;-0.0364036;-0.04618533;0.03376064;0.02383652;-0.00346062;0.02330482;0.05919753;0.02339231;-0.01485551;0.04010688;0.00806703
816	-0.17070157;0.1548929;-0.03170594;0.04072347;0.00419527;-0.01482803;-0.08208178;-0.00614979;-0.00977111;0.00789246;-0.01488234;-0.02391684;-0.06269858;0.04114582;0.01248345;-0.01207325;-0.04499649;0.03961489;0.05381206;0.01770476;-0.05105534;-0.01030554;0.14304222;0.04317522;-0.11824028
623	0.14580403;-0.04637721;0.08471632;0.05172096;-0.04317514;0.05557412;-0.01494717;0.06176227;-0.02012081;-0.00578176;-0.00557729;-0.0612669;-0.09766495;-0.08275235;-0.07234339;0.08554564;0.07519003;-0.04297257;-0.17705068;0.02104326;0.10145195;-0.09520516;-0.02918723;0.04283176;0.02879771
950	0.31558314;0.10509164;-0.03831858;-0.05347179;-0.04170138;-0.00620145;-0.11054468;0.02669868;0.01319805;-0.04313162;0.00196189;-0.07784195;-0.03607542;0.01699005;0.01691224;-0.05442351;-0.00760978;0.01493627;0.01206899;0.02564358;0.13242574;0.04226214;0.03582448;-0.06313417;-0.12453243
294	0.01017234;-0.23439356;0.36990781;0.42113111;-0.02277271;-0.01957248;-0.01518901;0.30244611;-0.19183677;0.02525623;0.00472136;0.30966628;0.11863426;-0.00886376;-0.04776108;-0.03845799;0.14070658;-0.02175066;-0.01506245;0.01522923;-0.00145987;0.01760408;0.01183969;0.00573633;0.05961545
615	-0.04924513;-0.12925663;-0.04414688;-0.03919845;0.08843895;-0.05356137;0.09045251;0.5750856;0.0142861;0.05333053;0.00804438;-0.02958489;0.01885058;-0.00991751;-0.02145022;0.00496426;-0.02110559;-0.02673465;0.01057283;0.02830085;0.05156779;0.00901186;-0.01532542;0.00387321;-0.05660932
385	4.16445341e-02;-2.08855734e-01;-2.11246201e-01;1.06478498e-01;5.98672332e-01;-5.67658408e-01;1.70937872e-01;-2.88814974e-01;3.66651145e-04;7.51344623e-02;-8.86182544e-02;-1.63957018e-02;1.90127251e-02;4.28695518e-02;-1.54653089e-02;3.84405068e-04;1.18496561e-02;-6.97785668e-02;-4.57926405e-02;1.66269337e-03;1.54279361e-02;-2.68639197e-02;-1.90175848e-02;-5.67571404e-03;2.90055267e-02
173	-0.12526611;0.09327485;0.01914312;0.04615035;0.00997145;0.00342548;-0.07097041;-0.0086891;-0.00985497;-0.03142559;-0.03589155;-0.04566488;0.03095431;0.00500256;0.05439604;-0.00723096;-0.02633703;0.02477753;0.02865983;0.02280925;-0.00294674;-0.02717941;-0.00792387;-0.06169191;-0.08240009
801	-0.08062749;-0.04864436;0.04489564;-0.12623868;-0.03419655;-0.04247842;-0.097122;0.02154713;-0.10185882;-0.15698625;-0.02557161;-0.11815456;-0.11799026;-0.22372491;0.15590507;0.10438166;-0.13688208;-0.17652202;-0.40050027;0.14958945;0.44680707;0.02100515;0.18501217;0.04572344;-0.00806879
16	-0.08171845;-0.02022273;-0.1120884;-0.02268312;-0.01962559;0.06424847;-0.10739623;-0.04294981;0.03508674;0.16611526;0.08939234;0.00057598;0.06870597;-0.07330025;0.02782024;-0.02450992;-0.0332533;0.05139566;-0.02531038;-0.07743615;-0.01598954;0.02385303;-0.01295358;0.0071208;-0.03783391
467	-0.05466647;-0.06548683;-0.00628506;-0.06525047;0.02990147;0.01188673;-0.02826994;0.10609567;-0.01902046;-0.02103643;-0.03348611;-0.06796321;0.01524933;-0.0061595;0.0783295;0.006074;0.07295483;-0.07668528;-0.03231445;0.06141937;-0.02581065;0.03637488;-0.08774814;-0.10086547;-0.11649736
7	-0.03315315;-0.15190154;0.05276149;0.04540578;0.04189331;-0.08425188;-0.0561835;-0.07856358;-0.09832513;-0.13420479;-0.01937607;-0.08984903;0.17340848;0.08405286;-0.14730237;0.06567145;-0.1751612;0.06937298;-0.00187674;-0.10186252;-0.04880007;-0.17235338;-0.17753882;-0.07428224;0.08137627
592	-0.23075624;0.24599219;0.15600289;0.07987002;-0.04915679;-0.08018888;0.0133408;-0.05340737;0.05230341;0.06082945;0.05266947;0.01049343;0.00393799;0.0003483;0.01554529;0.0468133;0.01411878;0.01004458;0.099527;0.0032567;0.03278174;-0.07861999;-0.02999719;0.00884715;0.0339684
669	-0.03444908;-0.11006535;-0.04898033;-0.02430386;-0.01099832;0.01231273;-0.08301675;-0.00531458;0.00382137;-0.04080499;0.00025711;-0.02024513;-0.07420956;0.00728205;-0.06771763;0.01719606;-0.06924868;0.08500867;0.02878334;0.02559751;-0.00950404;-0.01784068;-0.0378597;-0.0746407;-0.05984196
574	-0.02782862;-0.12087804;-0.04245646;0.07891555;-0.08031912;-0.01676078;0.05328826;-0.0186606;-0.04861776;-0.00083581;0.00272917;-0.03151642;-0.0438419;0.00713309;0.0204495;-0.08390665;0.03748463;0.0626605;0.08863584;0.08344489;-0.05083264;0.00763307;0.10730812;-0.06987719;-0.10948539
436	-0.00856949;-0.13093285;0.00802915;0.08048002;0.06441002;-0.0788234;-0.04043982;-0.06729897;-0.01581107;0.01773706;-0.01900823;-0.04375146;-0.06774822;-0.00615925;-0.01363529;-0.01359214;-0.04687929;0.0003549;0.06039413;0.10152103;-0.07632748;0.02116188;0.0311491;0.00487616;0.03555323
636	-0.02510751;-0.10849529;-0.05480306;-0.04106849;-0.02758909;0.0255079;-0.08003825;-0.02824931;-0.01046177;0.01641399;-0.02999561;-0.05355084;-0.03451752;-0.00241401;0.06332877;-0.12709305;0.05462554;0.05659785;0.19355258;0.04723004;0.14742162;-0.17945236;0.09864585;0.35337706;-0.20577346
865	-0.0085745;-0.16210093;0.41176454;0.21184147;-0.1366823;-0.07872081;0.01154807;-0.03226094;0.01328531;0.06330935;0.00610457;-0.06397267;-0.03376417;-0.01254668;0.02785547;-0.00245931;0.05365799;0.05339811;0.09235762;0.04365511;-0.04126527;0.02450915;0.17325541;0.00647475;-0.13567715
621	-0.2562807;0.35503203;-0.01192309;0.07069891;-0.03903675;-0.02951008;-0.06984468;0.00329102;-0.14710878;-0.12765347;-0.1085798;-0.12226799;0.16094489;0.0055308;0.12216763;0.04444528;0.07721635;-0.19207362;-0.09418994;0.2096175;0.02184011;0.24763111;-0.04198867;-0.0370609;-0.24641433
272	-0.02004378;-0.11059538;0.02829196;0.06835566;-0.17432832;0.02319162;0.10720685;-0.03131063;-0.11233262;-0.08775326;-0.09946669;-0.14268196;0.1743072;0.05449044;0.11016271;-0.06284045;0.04628787;-0.022772;-0.10780831;0.08328927;-0.04785234;0.06033901;-0.1165117;-0.01377742;-0.04908942
1063	-0.00085699;0.14287973;0.02225315;-0.03961541;-0.0125326;-0.04053509;-0.21311934;0.02116837;-0.27288819;-0.19615472;-0.04735418;0.41193022;-0.0124646;-0.09311625;-0.07808212;0.01425083;-0.17785375;-0.08854746;-0.07928839;-0.14473005;0.07207228;0.00100666;-0.04839905;-0.05002669;-0.02273229
591	0.01664036;-0.2607438;0.35968355;0.42986928;-0.12731109;0.06312654;-0.05110775;-0.09716451;-0.01381415;0.04078737;0.29471668;-0.06937487;-0.05415101;0.37285963;-0.23472201;0.18138514;0.14449873;0.02970888;-0.21587641;0.03590658;-0.01401413;-0.07371181;-0.13547534;0.12232106;-0.03487179
976	-0.21002374;0.11649312;0.45277424;-0.47818329;-0.14637712;-0.27895159;0.10590347;-0.07429362;0.04274409;-0.07389256;-0.05066434;0.08465131;0.15687844;-0.00071843;-0.10239825;-0.08494264;-0.05277731;0.03300349;0.00297618;-0.12366973;-0.05969721;0.03512956;-0.03564008;0.02414679;-0.02588046
562	-0.12942418;-0.00834616;0.2582541;-0.3850223;-0.17133447;-0.1809566;0.10591782;-0.03840465;-0.01789681;-0.17844782;-0.15800708;-0.16120567;0.31565555;0.09060341;0.0079387;-0.22336703;-0.16631792;0.07259865;-0.18449579;0.13762389;-0.03696967;0.10098399;-0.0027833;0.11357449;-0.00564823
783	-0.03613891;-0.16515854;-0.02708971;0.07426895;-0.00717332;0.05954592;-0.08690894;-0.04791096;0.13944409;-0.00552146;0.44086278;0.01666252;0.25392327;-0.22117516;0.13942059;-0.12628852;0.03958119;0.03634444;0.02677878;0.0114652;0.00142292;0.05162703;0.0684728;0.1645909;-0.08329226
319	-0.12174479;0.0181453;-0.00794348;-0.06457087;0.00481196;0.05715578;-0.11531948;0.01194905;-0.14640461;-0.11877158;-0.08582119;-0.21462653;0.10026027;-0.01934464;0.29420443;0.18303758;0.17341666;-0.30939959;-0.11761806;0.21898467;-0.09126883;0.23264805;-0.33113517;-0.01214706;-0.29566486
468	0.10457353;0.00677652;-0.03441702;-0.06833682;0.00133795;-0.01084598;-0.08529425;0.0149026;-0.01951152;-0.04032216;-0.02845583;-0.03749809;-0.00270884;0.01034134;0.04065782;0.03071557;-0.02258859;0.00689524;0.0486906;0.02851461;0.01433964;0.04109803;0.08157805;-0.00681567;-0.1252372
874	-0.35127384;0.44218575;0.0282516;0.23398331;-0.01073216;-0.03584871;-0.08203502;-0.00309646;-0.05535317;-0.03594814;-0.01557553;-0.03897221;-0.04982323;-0.05878549;0.08789602;0.11215531;-0.06793856;-0.02658932;-0.13324692;-0.08059506;-0.01088404;-0.00506498;-0.07867151;-0.04447206;-0.03468095
107	-0.00847171;-0.15780222;0.10756913;0.17768302;-0.18503187;-0.00993255;0.05861302;-0.03653072;-0.07112054;-0.01688852;-0.01069306;-0.0560485;-0.14442696;-0.08199709;0.05933403;-0.00170635;-0.10233718;-0.01385701;0.01429532;0.18195265;-0.01114864;-0.00508976;0.17279402;0.08460489;0.0603531
667	-0.23058298;0.40268201;-0.00919448;0.04677268;-0.01938411;-0.0460758;-0.06317708;-0.02668265;-0.01829374;-0.04848265;0.03329566;-0.07585857;0.19510365;-0.01796189;0.07682443;0.09171904;-0.01268044;-0.02410953;0.20187063;0.01046716;0.1254154;-0.20372452;-0.1637592;0.0078192;0.18699101
557	-0.03789222;-0.10038269;-0.03457402;-0.03499147;0.00266707;-0.0048653;-0.04176718;0.14207281;0.01011837;0.03552683;-0.01167111;-0.02448065;-0.07856822;-0.01836411;-0.00087347;-0.03719015;-0.06200996;0.00317602;0.05828471;0.12146713;-0.06438548;0.01416778;-0.00406328;0.03485601;0.03353822
725	0.52783424;0.20140335;-0.05710926;-0.04185265;-0.0434217;-0.01416895;-0.10115559;0.02317163;0.03237984;-0.02097428;0.0239178;-0.06738273;-0.04330239;0.05061929;-0.01708925;-0.10307927;0.0110456;0.04918218;0.00769883;-0.05717874;0.11681343;-0.03199612;-0.01753063;-0.07072296;-0.08051102
774	-0.02916122;-0.08263932;-0.03921979;-0.04871444;-0.00328757;0.03302613;-0.06166844;0.0019874;-0.01468601;-0.00290799;0.00403102;-0.0491416;-0.03598922;0.02056227;0.07109009;0.00362583;0.03698705;0.00254148;0.03010675;0.03036048;-0.01722411;0.00424692;-0.01993801;-0.02620028;-0.05238403
880	-0.11987361;-0.00549335;0.06827733;-0.14932675;-0.04020824;-0.03413902;-0.04253298;-0.00290307;-0.02157108;-0.06739233;-0.01031099;-0.00088578;-0.01681191;-0.02651221;-0.12649083;0.19305586;-0.0634832;-0.08453346;0.08306841;-0.04811912;-0.03490299;0.08896658;0.22256442;-0.04511159;0.05029319
288	0.44435595;0.16576198;0.26548126;0.0277415;0.33092564;0.54822168;0.25404257;-0.11583099;0.1073512;0.02983788;-0.0932439;0.08531202;0.04285404;-0.04454983;0.0025875;0.01783954;0.00330637;-0.01703941;-0.05000927;0.01854939;-0.03473946;-0.06127305;0.03299181;0.01553841;-0.01731163
335	-3.95450492e-01;5.65644406e-01;1.70357204e-01;-5.82004337e-02;9.51875153e-02;2.47431944e-02;1.37753378e-01;-7.00193753e-02;-2.31976745e-04;3.86645685e-02;3.00659742e-02;-2.09593672e-03;-6.05692176e-03;-1.11042265e-02;-4.71366176e-02;3.73262167e-02;-4.13700071e-02;-3.22254180e-02;-5.60328979e-02;3.70804157e-02;6.93356326e-02;7.35745133e-02;7.35183781e-02;9.14206001e-03;-5.28934658e-02
769	-0.08437253;-0.13389881;-0.11491932;-0.07831881;0.00063241;0.0455648;-0.11552303;-0.07634908;0.11025368;-0.1451053;0.56755273;0.02707441;0.46619215;-0.25010844;0.03907405;0.17274001;-0.12935747;-0.09057539;0.18026511;-0.13203978;-0.03615823;0.06242476;0.1029124;0.02437313;0.13274328
194	-0.03902312;-0.1002699;-0.06376538;-0.05705822;-0.03539444;0.04125559;-0.12355748;-0.04646378;0.01021377;0.18225558;0.02197031;0.01003691;0.02405548;-0.02645409;0.023869;-0.00733976;-0.06467379;-0.01622583;-0.02138203;-0.00553117;-0.02036326;0.01030202;0.04440923;0.01641194;-0.02725345
403	-0.19997856;0.16704963;-0.03969985;0.00370199;-0.01538651;0.00136833;-0.07902812;-0.05196066;-0.03648149;0.00902041;-0.01111182;-0.07166608;0.05588661;-0.00414857;0.09943004;-0.03084921;0.05213067;0.03376762;0.35605652;0.03728632;0.18125987;-0.31948581;-0.03574359;0.31562955;-0.0855565
573	-5.26764355e-02;-1.03794556e-01;3.46250939e-03;-7.48216077e-02;-1.31889350e-02;-8.39248597e-03;-2.20255730e-01;-5.03600105e-03;-3.60552118e-01;-2.35989192e-01;-5.29706424e-02;4.06596035e-01;4.99551206e-02;-9.41003314e-02;-1.81506543e-01;-4.33763896e-04;-3.21519395e-01;-7.26299224e-02;6.99312526e-02;-2.45072092e-01;-1.97050742e-01;3.61857131e-02;-2.46284754e-01;1.45851510e-01;-3.31551841e-04
346	-0.03969417;-0.09621707;-0.0523821;-0.03365417;0.00987608;0.02564448;-0.06600165;0.01417103;0.00792137;0.0006255;0.03264146;-0.04434238;-0.05009892;-0.01727403;0.06890359;-0.05064672;-0.03435205;0.03493903;0.0660919;0.08249254;-0.03488711;0.02436568;0.03768289;-0.07546742;-0.07744864
968	0.45476794;0.15548995;-0.05127498;-0.03854593;-0.055402;-0.03093465;-0.1126115;0.02516093;0.04492649;-0.01337244;0.04822136;-0.02085459;-0.06260332;0.06855425;-0.0173994;-0.13439415;0.02000589;-0.02825568;0.03666509;0.07833008;-0.0522398;-0.1166215;0.01020913;-0.283204;0.08136395
539	-0.01012346;-0.08381713;-0.10857563;-0.09368573;-0.03012874;0.21435853;0.2237492;-0.09706001;-0.10740127;-0.07419825;-0.01071149;-0.03798645;0.11847684;0.1459601;-0.07182252;0.25045922;-0.0369028;-0.07752935;0.13248031;-0.01276088;-0.00926688;0.09637896;0.40470413;-0.04996864;0.10593169
184	-0.21280517;0.1413832;0.01243541;-0.07482665;-0.06607986;-0.02142935;-0.11522737;-0.03798015;-0.17082505;-0.27736073;-0.01397592;-0.09389351;0.17169465;-0.04572831;-0.22246607;0.34714756;-0.33072274;-0.05610372;-0.09195373;-0.18311572;0.11776742;-0.08652432;0.08449791;0.05770155;0.12169908
144	-0.19036518;0.12017662;0.13095029;0.01958717;-0.04806359;-0.07431057;-0.05870895;-0.02188463;-0.07470077;-0.02052879;-0.02533171;0.08763957;-0.07501001;-0.05280338;-0.08578359;-0.12280045;0.09126355;-0.04579577;0.06102854;0.13330611;-0.08188562;0.10916594;0.0873635;0.07205907;-0.0060948
71	-0.02922014;-0.13288602;0.10525765;0.03889682;-0.04687525;-0.02553788;-0.04757595;0.11985145;-0.03368048;-0.00253156;-0.03799008;-0.06206619;-0.07167168;-0.05964638;0.02976329;-0.01953906;-0.04013562;-0.01092914;0.10672319;0.02677597;0.11939017;-0.18048168;0.24577363;0.3825208;-0.21238412
688	-0.04694493;-0.15265103;-0.18812667;-0.00973539;-0.00107861;0.05959334;-0.04561103;-0.07608498;0.14467802;-0.03342051;0.64343467;0.1895685;0.36805333;-0.29993749;0.13603816;-0.16955052;0.00649271;0.03975089;-0.05071719;0.00911674;-0.03960155;0.14149765;0.07471982;0.0343659;0.01223153
65	-0.18264461;0.16160862;0.04420699;0.17550629;-0.00888805;-0.03192646;-0.05726731;-0.00440823;-0.01071835;0.02095471;0.00635569;-0.01233589;-0.04648353;0.07075805;0.00841799;-0.07648402;-0.0334545;0.02004267;0.00706821;0.07495758;0.06965413;-0.02515107;0.06740725;-0.10097624;0.03465883
885	0.54458682;0.1544539;0.57606232;0.18774207;-0.21152266;-0.1905873;0.03613285;-0.05157195;0.11080674;0.09595597;0.04769773;0.03519977;0.04887345;-0.01944893;-0.02980013;0.01691179;0.06678145;-0.00721229;0.00943647;0.00644581;-0.03446641;0.04223209;0.02244771;-0.00523632;-0.03894153
267	-0.17876881;0.08039311;0.19291106;-0.2873638;-0.09034843;-0.09955371;-0.05752458;-0.01017661;-0.11750764;-0.26496895;-0.23830236;-0.21135421;0.41218613;0.09860575;-0.00810016;-0.31731711;0.08228286;0.04744693;-0.28501956;0.03463094;-0.05058315;0.06476479;-0.07698854;0.03020256;0.08137652
820	-0.02604976;-0.09756821;-0.05122388;-0.03766513;0.01012201;0.01525215;-0.06465192;-0.0030792;-0.00016045;0.00904301;0.01239791;-0.03076566;-0.05325199;0.02473822;0.03257748;-0.00259214;0.0056659;0.07053816;0.05764398;0.02574443;-0.00639804;0.00180665;0.03699692;-0.06161647;-0.04841987
516	-0.26608389;0.32912726;-0.20194325;0.14523204;-0.16923878;-0.01659744;0.22749375;-0.04127834;-0.05484182;0.0065462;0.00086666;-0.00097635;-0.03581028;-0.05073164;-0.08353692;-0.08011586;0.06414019;-0.01993914;0.00827169;-0.05659965;-0.04676884;-0.01701577;-0.02285848;-0.03666433;-0.00640051
176	0.29805377;0.10195148;0.07411328;-0.09549412;0.17406699;0.26188077;0.07102381;-0.03247684;-0.0416686;0.00504837;0.00168402;-0.01591625;-0.08752381;-0.07089665;-0.01345177;-0.06938223;-0.06917451;0.03568146;0.04703944;0.17230504;-0.08163772;-0.02228816;0.01603217;0.01648557;0.1385858
528	0.03172049;0.25961318;0.00550343;0.0775788;-0.04227868;-0.01921425;-0.09667045;0.08723908;-0.07114996;-0.04156858;-0.04604732;0.09841629;0.01606916;-0.01175517;-0.06298535;-0.13308631;0.08163214;-0.00870078;0.00734914;0.05997679;-0.05462015;0.04335643;0.01174568;0.00958391;0.11279826
30	8.23486039e-01;3.87684666e-01;-3.67718630e-02;-4.89879099e-02;-6.30999263e-02;-6.36119439e-02;-1.40917122e-01;3.85811431e-02;6.82306059e-02;3.22507595e-03;2.73856757e-02;8.49972953e-03;2.51848990e-02;9.62216421e-03;6.21392864e-04;1.58616751e-02;1.95922280e-02;-2.75644810e-02;1.13232588e-02;3.92891934e-02;-2.28890896e-02;-1.63453336e-02;1.51794299e-02;-4.51063288e-03;-2.05494538e-02
246	-0.04021872;-0.10188402;-0.07867685;-0.03475553;0.21903291;-0.2482654;-0.02424445;-0.08500608;-0.10487369;-0.09407045;-0.09119772;-0.01691029;-0.07304348;-0.09221082;0.06892441;0.12824315;-0.04945976;0.06343397;-0.07094545;-0.33492714;-0.2948466;-0.041708;0.04180629;0.06502686;-0.02015783
515	-0.04123101;-0.05122374;0.04858807;-0.07937431;0.12195452;0.13622074;-0.01537009;-0.0177858;-0.07318541;-0.04575446;-0.04504161;-0.1011625;-0.02184787;-0.03507455;0.25798652;0.09187028;0.05591792;-0.00034841;-0.11374377;0.06522664;-0.11271404;0.05877431;-0.03526957;0.02994978;-0.10682854
710	0.0184446;-0.17852676;-0.16690819;0.05295592;0.37454869;-0.33636481;0.06946849;-0.18641415;0.00119154;0.04362236;-0.05831878;-0.02111376;-0.03833912;0.04048195;0.00277454;0.01222802;-0.00790898;-0.02692855;0.01715684;-0.00781172;0.02357456;-0.04352385;-0.00982205;0.00730129;-0.00120874
145	-0.16070652;0.04473413;-0.16772691;0.05558284;0.19720475;-0.17384118;-0.02121766;-0.15453766;0.09375037;-0.06052205;0.43979667;0.01628604;0.23750214;-0.32852421;0.00619767;-0.0403791;-0.02307355;-0.10893954;-0.05683301;-0.11809032;0.06444677;-0.00891523;-0.00690861;0.03440965;0.11451825
498	-0.21967921;0.14832037;-0.00281647;0.01530991;0.02119083;-0.01741608;-0.05056654;0.30872639;-0.08112509;-0.05962195;-0.05238805;-0.11248807;-0.15096638;-0.22364916;0.04161753;0.11227298;-0.10784116;-0.32003378;-0.20931225;0.31965945;-0.01896114;0.11581517;-0.12491619;0.1386022;0.1173186
894	-0.32263755;0.40001202;0.25099759;-0.07084141;-0.00415615;-0.06431119;0.03950471;-0.03541012;-0.01118646;-0.07570277;-0.09985942;-0.13676858;0.1898717;0.08118489;0.14448927;-0.08302581;-0.01331123;0.20344544;-0.21736694;-0.09478287;-0.19027448;0.01331761;-0.04162549;0.04039356;0.03229749
313	-0.00318543;-0.14202992;-0.15947692;-0.00663733;0.20451164;-0.2724952;0.15136987;-0.14213979;-0.03464255;-0.01871328;-0.07350405;-0.03262743;0.09052341;0.0575243;0.00429248;-0.04994183;0.00817482;0.03953603;-0.075179;0.01354934;-0.06714684;-0.02483702;0.02657376;0.00077722;0.04654963
120	-0.22174177;0.17870385;0.34384023;-0.32553949;-0.08854501;-0.15056713;0.12756406;-0.1084107;0.10936029;0.02682777;0.06521097;0.01312357;0.03875959;-0.07934939;0.08620907;0.1312676;0.10415338;0.00077517;0.27390962;-0.02472378;0.06555502;-0.22566163;-0.14279735;-0.02198528;0.21169699
798	-0.02668607;-0.1007331;-0.07268671;-0.07334756;0.0292762;0.02599432;0.09467081;-0.05267378;-0.07313254;-0.04591702;-0.04803766;-0.10265038;0.10040614;0.0607694;-0.04087228;-0.03519701;0.02920369;0.13313663;-0.00164554;0.03086291;0.06577777;-0.11754373;-0.13912816;-0.07283943;0.11282547
598	-0.02540007;-0.12282064;0.02756093;0.07052602;-0.03681022;0.02793851;-0.06079986;-0.011644;0.01610407;-0.00647897;0.00159355;-0.01655334;-0.02058304;0.01325177;0.03612877;-0.03960875;-0.01987738;0.04264076;0.03825864;-0.02233581;0.00865591;0.02322169;-0.01111483;-0.09932511;-0.06136416
1078	-0.30147567;0.38598035;-0.07362687;0.14643367;0.02208873;-0.00457809;-0.05616969;0.00261714;0.02445134;0.02682243;0.01032582;-0.00713981;-0.01722197;0.03862199;-0.03678339;0.02022373;-0.01944651;0.04182496;0.04387649;-0.05516323;0.00496186;-0.00397296;0.01419308;-0.02350465;-0.00484613
195	0.04274893;0.04441903;-0.07481905;0.04129152;0.11369413;-0.11320997;-0.0535759;-0.02565621;0.05163922;0.03596243;-0.03496497;-0.01805908;-0.03672813;0.01621237;0.02857166;-0.00537364;0.00709882;0.06617915;0.04578742;0.09270528;0.02536852;0.00319622;0.06096794;0.04528358;0.01870147
59	-0.05053722;-0.06035807;0.05530388;-0.10709003;0.21047359;0.11570285;0.15323733;0.43538505;-0.04618196;0.01616255;-0.0308305;-0.07762957;0.10238329;-0.01996699;0.04373133;0.03160925;0.00990189;-0.06162791;-0.07519413;0.14384887;0.08867964;0.06488922;0.03785199;0.02958922;-0.09559235
662	-0.00804143;0.02892808;0.02695169;0.15168632;0.03362482;-0.05094049;-0.05648599;-0.03623732;0.00431023;0.02919142;-0.02489637;-0.02241707;-0.04386676;-0.0171634;-0.01057479;-0.03092485;-0.02510061;0.02909491;0.06000861;0.03777189;-0.0168524;0.01333122;0.01191285;-0.05211291;-0.07884749
425	-0.02905292;-0.08918723;-0.03645066;-0.05896311;-0.0047274;0.02985838;-0.05642754;-0.00535623;-0.01236006;-0.01507041;0.02833897;-0.03813266;-0.07453055;-0.02522941;0.03310327;-0.02414027;-0.01787784;0.02923441;0.00532622;-0.0172722;0.08054686;0.00699705;0.02000384;-0.04076061;-0.00500637
756	0.49386951;0.20757705;-0.04771114;-0.04374937;-0.05149781;-0.03224229;-0.11345332;0.0309204;0.03256423;-0.00959945;0.0090878;-0.01092766;0.00933684;0.01467161;0.01020985;-0.01630585;0.03121254;0.00350804;0.02304711;0.05120543;-0.01460581;-0.00572099;0.0418845;-0.02489386;-0.04441526
553	-0.02819146;-0.15336329;0.15532587;0.18013269;-0.05345085;0.06216291;-0.04336056;-0.03280597;0.11582273;-0.05118243;-0.09499758;-0.00750941;-0.00021869;-0.0258469;-0.00818581;0.05371205;0.01610317;-0.07324698;0.02478088;-0.02604657;-0.05232047;0.04380827;0.04725606;0.00495903;-0.04657802
702	-0.23692932;0.19963896;0.11386952;-0.12811435;-0.03636533;-0.0764322;-0.03602645;-0.00271505;-0.06024268;-0.07612827;-0.00086836;-0.09888946;0.0154331;-0.02068133;0.09220771;0.24018143;0.07963826;0.03354465;-0.14517202;0.02032287;-0.15787407;0.08027794;-0.16805645;0.08263233;-0.2161107
620	-0.11177825;0.01155782;-0.04483952;-0.03491217;0.02121132;-0.01002299;-0.04780322;0.14084077;-0.02216251;-0.02516514;0.00172834;-0.06363999;-0.02241361;0.00982918;0.09204782;0.1364679;0.01267666;0.01457811;-0.04345051;-0.02248479;-0.01605568;0.03724488;0.15343873;-0.00905796;0.01136127
84	0.03879472;-0.04289818;0.04136715;-0.16146566;0.07104353;-0.00665346;0.01629427;-0.07544571;-0.0385762;-0.0878469;-0.06338094;-0.03356623;0.01035526;-0.00237698;0.01395839;-0.02331824;0.0113804;0.01688604;-0.02174845;0.08351985;-0.01285769;0.03999264;0.11318843;0.01923227;0.09065059
129	0.55526338;0.19086525;-0.18936317;0.00397807;-0.31224908;-0.0238845;0.21890169;-0.03451938;-0.0252087;-0.00262379;0.02939398;0.07604876;0.00712998;0.11743738;0.05420457;-0.03935012;-0.07451454;-0.08983723;-0.04789417;0.0470666;-0.0458207;-0.09055667;0.05530383;-0.08720404;0.04310682
256	-0.15922716;0.05774091;0.05410384;-0.08870899;-0.05109255;0.01669813;-0.04686462;-0.08590103;0.03870622;-0.03301482;0.23505855;-0.03184445;-0.17089052;0.34240704;-0.19135996;0.10898139;0.06189919;-0.20210678;-0.15365563;-0.08915165;0.03001288;-0.03442145;0.03937001;0.1552112;0.0355842
864	-0.06795822;-0.07728957;0.04030644;-0.13768514;-0.05384441;-0.01176116;-0.04798999;-0.02076353;-0.01135872;-0.05960715;-0.01661797;-0.0700109;0.05766737;0.1204335;-0.07021612;0.24521223;-0.0170438;-0.06362802;0.19592883;-0.00136842;-0.06463701;0.08930619;0.40994372;-0.00106502;-0.02829703
658	-0.12034097;-0.03951038;0.19601698;-0.26995956;-0.06278326;-0.12811088;-0.08138977;-0.04385066;-0.10567875;-0.07196888;-0.00588021;0.30762517;0.07553961;0.01820375;-0.03340417;0.10236499;0.01493938;-0.05429715;0.19090935;-0.05864219;0.02044463;0.01985042;0.04582657;-0.04940844;-0.01768219
951	-0.12873586;0.22787439;0.4702784;-0.45796395;-0.17716321;-0.31478587;0.1590689;-0.10469409;0.22816636;0.06852734;0.04165926;0.14802916;-0.12371864;-0.0727953;-0.05085123;0.03359259;-0.03227895;-0.02320362;-0.04709444;-0.01658672;0.0616623;0.04764082;0.0200931;0.0218769;-0.05273552
809	0.01142132;-0.16009165;-0.11301951;0.03050275;0.26391973;-0.229029;0.11166261;0.23886125;0.02530668;0.06151105;-0.01470781;-0.0376738;-0.03568978;0.07195667;-0.02653392;-0.07881253;-0.00518364;0.01747686;-0.0141762;-0.07591683;0.14205148;-0.03990693;-0.07823905;-0.01171527;-0.05066413
817	-0.05036758;-0.07125416;-0.03001633;-0.04406054;0.03607692;-0.03854997;-0.05469493;0.21776292;-0.00746827;0.01456111;-0.0230302;-0.0106077;-0.11960993;-0.01273664;0.28155507;0.12282911;0.08396405;0.1862695;-0.10297981;-0.18428398;-0.23657382;-0.04698289;0.0584119;0.03765448;0.06050514
371	-0.44342949;0.59864417;-0.06185009;0.16015274;0.050156;-0.05768876;-0.0523124;-0.02292959;-0.0662286;-0.04075948;-0.05277083;-0.10399144;0.0851937;0.00322343;0.04481051;0.02221187;0.01808351;-0.13405905;-0.07742075;0.10537095;0.0117936;0.14014881;-0.13025034;-0.01789436;-0.15263303
121	-0.2630138;0.29261446;0.07361788;0.04543311;-0.01655984;-0.06156829;-0.01771173;-0.02951631;-0.03004654;0.03949371;0.05404047;0.0975686;-0.04032095;0.07301403;0.03215778;-0.00976496;0.04923719;-0.01890341;0.04049703;0.01290161;0.0268989;-0.02567121;-0.02233355;0.01347587;-0.00792723
204	-0.02649654;-0.16809067;0.50066517;0.16340236;-0.11030677;-0.16330739;0.12482719;0.21526107;0.06482373;0.14670467;0.01947942;0.00192667;0.01431437;-0.0193149;-0.01369742;0.01002023;0.05614324;0.01226963;0.07762028;0.02833283;-0.036934;0.0234974;0.09111066;0.04103495;-0.09520626
420	0.12496436;0.00582496;-0.04769076;-0.05149048;-0.00358676;0.01692081;-0.09366179;0.00037037;0.0018119;-0.00531877;0.01014253;-0.00953544;-0.05092475;0.00970081;0.05792867;-0.00666892;-0.00302385;0.04067195;0.06485635;0.05915814;-0.01891932;0.01935494;0.03829292;-0.07573181;-0.05304029
49	0.49664688;0.2098586;0.17749618;0.01081431;0.15625731;0.25237861;0.07755568;-0.03358996;-0.03647051;0.01944193;-0.00690278;-0.02177878;0.05868743;-0.02333312;0.03835677;-0.00634342;0.01134269;0.01985831;-0.03870495;0.02515312;-0.03939722;-0.03063177;0.01563418;-0.00102505;-0.04682245
50	-0.0583165;-0.07601804;0.05965345;-0.14717672;-0.03159595;-0.03887542;-0.00689764;-0.03027348;0.00500907;-0.00144565;-0.00820553;-0.00706811;-0.06120742;-0.01837375;0.0278293;-0.0172934;0.01037716;0.03217119;0.04029844;0.05893394;-0.03446956;0.02580494;0.01819935;-0.05546041;-0.06424705
29	-0.03816724;-0.12198255;-0.08840193;-0.10886203;-0.07862087;0.05551115;-0.19724069;-0.06764008;-0.05146161;0.56443098;-0.11552245;-0.01555154;0.11546781;-0.0237289;-0.00714019;0.01309579;-0.04975226;-0.04387541;-0.03734372;-0.03457314;0.00707755;0.00527288;0.01273739;-0.01979321;-0.00088528
519	-0.12715466;0.50752858;0.00367445;-0.0029044;0.09162176;0.13351797;0.00407884;0.13836102;-0.08144907;0.23102305;-0.11743374;-0.06967626;0.32850577;0.09956802;-0.21487829;0.06078563;-0.22456685;-0.05258876;-0.08228491;-0.14467581;-0.07252124;-0.01086054;0.09539426;0.10820144;0.10007906
340	0.00837653;-0.1802715;0.18135548;0.23512958;-0.09415262;0.03131562;-0.05099836;-0.02305833;-0.00064314;0.02523839;0.0685613;-0.04053219;-0.03786007;0.13771454;0.05472779;-0.1239351;-0.01390237;-0.01959883;-0.01269152;0.05335249;0.01656631;-0.08737133;0.06856579;-0.243569;0.11200001
1010	-3.51757035e-01;4.55004020e-01;-2.95282434e-02;1.23546280e-01;-5.37338106e-03;-4.72578501e-02;-9.94406069e-02;-3.77152553e-04;-1.81735704e-02;-7.96105728e-03;-1.98077163e-03;-4.18659126e-02;-2.03131540e-01;-9.31332739e-02;8.67700130e-02;5.82712806e-02;-1.07636421e-01;4.93535649e-02;-9.92519180e-02;1.58066747e-02;-6.75067052e-02;-3.42099387e-02;1.27362269e-01;9.32780842e-02;9.33028955e-02
117	-0.03745412;-0.12219714;-0.06289754;-0.04323016;-0.04845216;-0.00481484;-0.10759276;-0.04377045;-0.0172706;0.00223013;-0.04715307;-0.08433352;-0.10634267;-0.03101064;0.04441566;-0.17458886;0.00718272;0.06888244;0.28469798;0.19971134;0.0798039;-0.15943719;0.19204752;0.47957227;-0.16801212
1034	-3.09913504e-02;-1.02634695e-01;-6.36882712e-02;-3.85906302e-02;-1.98190200e-02;1.22578632e-02;-4.77827908e-02;-2.52158274e-03;1.21504359e-02;1.25845408e-02;4.36779308e-02;-4.77707270e-02;-7.88872665e-02;5.34954939e-03;8.55756553e-02;-7.68171976e-02;8.14945749e-05;3.92998383e-02;7.25886543e-02;1.20085089e-01;-2.95051200e-02;1.04405965e-02;5.30196775e-02;-6.35929624e-02;-2.50582254e-02
391	-0.06815567;-0.05738669;-0.02359339;-0.06053746;-0.00806368;0.04194629;-0.1092652;-0.00721684;-0.11397436;-0.0869803;-0.08647937;-0.17413562;0.07712631;-0.00836871;0.25207755;0.13872796;0.15672572;-0.24443979;-0.07957944;0.23303129;-0.05891099;0.22470493;-0.25242707;-0.0453349;-0.26753809
526	-0.09446794;0.00848994;-0.23851575;0.00415862;-0.2833097;0.01127728;0.30307149;-0.0730762;-0.11242247;-0.08724005;0.01571138;-0.0361142;0.17860356;0.12705948;-0.01611458;0.30257027;-0.00970179;-0.12133925;0.1711333;0.00591689;0.0167673;0.01861433;0.31851905;-0.06196276;0.11739956
645	-0.00837651;-0.10620836;0.13983619;0.11264752;0.0368603;0.12276136;0.02316211;-0.04477057;-0.06868369;0.00404482;0.0086394;-0.02452432;-0.02499679;0.01011762;0.01847986;-0.02536883;-0.02106404;0.03755954;0.03900114;-0.08255741;0.02815017;-0.02192182;0.02997869;-0.01110878;-0.06509978
258	-1.90481561e-01;1.65651410e-01;-8.33399957e-02;2.95821574e-02;-7.87464627e-03;1.54414532e-02;-5.95646078e-02;-2.40817417e-02;-1.06726922e-02;-2.80327359e-02;2.40778875e-04;-6.14309210e-02;7.18055731e-02;1.36658737e-01;-8.70555860e-02;1.99487935e-01;-4.43875817e-03;-4.56349371e-02;1.39196740e-01;-8.68292517e-03;-1.78854722e-02;8.67762232e-02;2.86456518e-01;-3.56084210e-02;6.16442314e-02
758	-0.02486323;-0.11605601;0.05953194;0.06861888;-0.02199172;-0.0116466;-0.07987313;-0.02550679;-0.08173489;-0.05547932;0.00279681;-0.02469474;-0.01254056;-0.0468479;-0.05310735;0.02475696;-0.18721341;-0.0010241;0.06068912;-0.125549;-0.08822436;-0.0061998;-0.0742518;-0.01769261;-0.10135275
653	-0.04080037;-0.09794494;-0.14472769;-0.01133782;-0.15176264;0.02502492;0.09079345;-0.03103048;-0.05240326;-0.06221795;-0.03862478;-0.08026196;-0.1118172;-0.14635708;-0.13179169;-0.17939106;0.16301677;-0.02236472;0.10221636;-0.05036265;-0.07127865;-0.01929534;0.01841583;-0.24604768;-0.09135796
611	-0.01674581;-0.13806204;-0.12512653;0.02736502;0.26440187;-0.27420003;0.03785441;-0.13976373;-0.02520629;0.02937224;-0.06329947;-0.01506689;-0.04118672;0.04119258;0.00953954;-0.04504237;0.0201467;-0.02653843;0.06252781;0.0600359;-0.03870319;0.01240559;0.09955935;0.05105959;-0.05935764
47	0.05916604;-0.25520708;0.16491145;0.42382162;0.28242916;-0.35391878;0.12625469;-0.21483128;-0.027112;0.085556;-0.05358996;-0.04223157;0.05465868;0.01534848;-0.0051839;0.00364768;0.03933446;-0.03182928;-0.03045699;-0.00635754;0.00173492;-0.00948339;0.01754094;0.00217093;0.005836
192	-0.0220854;-0.12498902;-0.03350443;-0.02749144;-0.05962503;0.04306251;-0.09018561;0.00903647;0.03439372;-0.00494949;0.07918745;-0.02606199;-0.10867884;0.23982057;0.07235599;-0.20012495;-0.06875724;-0.07579874;-0.03089467;0.0948929;0.01504252;-0.18178276;0.07463723;-0.40157244;0.20668474
455	-0.01301011;-0.13372756;0.10088658;0.20535813;-0.30210865;-0.00840207;0.27447711;-0.10981795;-0.11692122;-0.02182729;0.04489632;-0.04489373;0.22781038;-0.06054276;0.23016954;0.21655819;0.07125314;-0.09075342;0.3417988;0.01698031;0.12623096;-0.37155424;-0.2396844;-0.05257399;0.27964262
577	-0.03898744;-0.08216268;-0.07685837;-0.06556633;-0.04041695;0.03607709;-0.05650127;-0.02762719;-0.03002299;-0.00951833;-0.02776414;-0.13437641;-0.08136364;-0.13766128;-0.13485977;-0.12115957;0.27341794;-0.08543959;0.01951368;-0.13412277;-0.03642982;0.02260739;0.02646251;-0.02232019;0.0474634
984	-0.05366616;-0.15628666;-0.15896827;-0.01834547;0.04191389;0.06226259;-0.10620738;-0.06464968;0.22433685;-0.01797199;0.69826781;0.09544201;0.36502197;-0.32263724;0.13600315;-0.14417187;-0.0219958;0.04587728;-0.04549846;0.00809295;-0.04300791;0.14789572;0.08451075;0.02211091;-0.00078897
1025	-0.0981534;-0.05567539;0.02130477;-0.20450422;-0.05571181;0.00161879;-0.08818701;0.00286638;-0.10390998;-0.28338762;-0.22235332;-0.32369116;0.53711232;0.2910737;-0.02518703;0.00145792;-0.03932585;0.00907731;-0.1190455;0.05692328;-0.04831445;0.12543843;0.2533156;0.00564814;0.11817035
354	-0.06069336;0.00085216;0.51009677;-0.49348581;-0.18053468;-0.25512584;0.17558239;-0.0652179;0.1266168;0.05501232;0.1357933;0.14396216;-0.11349312;0.15131262;-0.07065555;-0.03982786;0.09233115;-0.09519132;0.01353091;-0.04455253;0.06139972;0.081938;0.03861381;0.11976993;-0.02015041
373	-0.00623435;-0.16929643;-0.03624483;0.10705941;0.25430061;-0.25650906;0.00445584;-0.13927472;-0.08181564;0.00273238;-0.06256575;0.11804421;0.01998752;0.02026307;0.01076786;-0.02317705;0.02782754;-0.01848927;0.01276961;0.02554017;0.01945679;0.0008291;0.03091797;0.00876875;-0.00208782
902	4.16445341e-02;-2.08855734e-01;-2.11246201e-01;1.06478498e-01;5.98672332e-01;-5.67658408e-01;1.70937872e-01;-2.88814974e-01;3.66651145e-04;7.51344623e-02;-8.86182544e-02;-1.63957018e-02;1.90127251e-02;4.28695518e-02;-1.54653089e-02;3.84405068e-04;1.18496561e-02;-6.97785668e-02;-4.57926405e-02;1.66269337e-03;1.54279361e-02;-2.68639197e-02;-1.90175848e-02;-5.67571404e-03;2.90055267e-02
571	-0.04767345;-0.0505119;0.01253924;-0.10517659;0.00578506;0.03223972;-0.0750657;0.03192166;-0.04273223;-0.08051657;-0.05900357;-0.14573696;0.10317227;0.05243878;0.23052769;0.01301677;0.08977392;0.04115324;-0.05091419;0.01313803;-0.09111465;-0.06394839;-0.10624942;0.01052163;0.002578
440	4.49869782e-02;2.53971314e-01;3.91836238e-01;-3.59223758e-01;1.99466581e-01;8.77878193e-02;3.14125153e-01;-1.51107689e-01;4.94469135e-02;1.08520875e-01;3.33097536e-02;8.73700632e-02;-6.16922919e-02;-1.20442603e-02;-2.32738538e-02;7.95035935e-05;-8.20204453e-03;5.59137779e-02;6.12358184e-02;2.40699566e-02;-3.54824830e-03;9.35292661e-02;2.73370404e-02;-5.18056004e-02;-6.73912925e-02
987	-0.08071668;0.16259086;0.24669208;-0.02842708;0.33327017;0.45568499;0.21569768;-0.10653589;-0.21622548;-0.03327033;-0.04437151;0.09565997;0.1304666;0.02098123;-0.06566307;-0.04275214;-0.07452051;0.05207919;-0.01856835;-0.03491148;-0.05841358;-0.09110214;0.05511238;0.01685501;0.04543681
185	-0.06937225;-0.13084172;-0.05385387;-0.00616;-0.01047136;0.10464999;-0.03098436;0.12195702;0.25520121;-0.07679839;-0.20860103;0.001302;0.07592586;-0.0251784;0.15262134;0.067646;0.08084113;-0.16898465;0.0563745;0.14335878;0.06464303;0.03032776;-0.14297055;0.17252362;-0.12169096
559	-0.27792628;0.33595288;-0.12197791;0.13178724;-0.07522102;-0.01437526;0.03725683;-0.02778064;-0.03966783;0.00418976;0.02352832;0.00728322;-0.0694356;0.03754816;-0.03580573;-0.07067571;-0.10261667;0.01164929;0.03919415;-0.00216082;-0.02006193;-0.00946231;-0.01566377;-0.0951412;0.02327403
786	-0.02851727;-0.09326777;-0.0449098;-0.03983154;-0.00645363;0.01486042;-0.08027538;0.01432952;-0.01198449;0.00186899;-0.00748623;-0.05175424;-0.0466472;0.03060079;0.0535943;-0.01777048;0.00511979;0.05538928;0.07313993;0.05553235;-0.02908868;0.00909536;0.10152368;-0.0210326;-0.09963083
279	0.04596816;-0.16444235;-0.29599798;0.06279279;0.03119322;-0.241672;0.37048613;-0.11551488;-0.07227827;0.01999505;-0.02501865;0.01026567;-0.04116022;0.08499028;0.03593016;-0.0919263;-0.04440453;0.01357943;-0.06225835;-0.05450669;0.14302619;-0.07216843;-0.11563968;-0.04756506;-0.06425284
264	0.00345342;-0.05475674;0.01432334;-0.07825797;0.12769354;0.21060107;0.06277765;-0.04774819;-0.05425542;0.02136668;-0.00770868;-0.02710199;-0.08542761;0.02239978;0.07551917;-0.00730856;-0.029886;0.10027841;0.08040204;-0.04503456;0.1294854;0.20625089;-0.04274284;-0.0148375;0.06610595
529	-0.19507836;0.16598468;-0.03023887;-0.02487688;-0.06795619;-0.03135804;0.00368947;0.00099486;-0.06819929;-0.10962012;-0.06979694;-0.12847864;0.0869462;0.00116719;0.07559941;-0.08043404;-0.09562849;-0.00468256;-0.24527735;0.08498097;0.12779254;-0.04466382;0.03263391;0.01407453;0.06785296
131	-0.00633845;-0.14395418;-0.28329651;0.03817285;-0.25555235;-0.05250326;0.60897959;0.53998086;-0.09433035;0.08943904;0.00451301;0.0914679;0.05851388;0.01062361;0.04111214;0.02348108;-0.02552142;-0.07508747;-0.03505528;0.02384927;-0.03785615;-0.04233343;-0.00640276;0.03450646;-0.00114778
101	-0.0241328;-0.05098002;0.00725345;-0.13385347;-0.0135914;0.0024007;-0.03805334;-0.01445338;-0.04395484;-0.14325507;-0.15180813;-0.21591376;0.3252478;0.15964176;0.00493545;-0.31351794;-0.05809939;0.18121871;-0.15328902;0.00106298;-0.03872174;-0.06464219;0.00394626;0.01620987;0.08967666
207	-0.20931333;0.17026105;-0.0493627;0.02076468;0.01708372;0.01757379;-0.12882333;-0.00856112;-0.14967868;-0.07814132;-0.02709666;0.18716724;0.09142168;0.11352065;-0.06926393;0.11741499;0.03107746;-0.03854251;0.13501945;-0.02311008;0.01165388;0.05851889;0.19972144;0.01351044;0.01719454
78	-0.0263829;-0.11385711;-0.02737016;-0.02790976;0.0349914;-0.00553039;-0.00326351;0.22779862;0.02830669;0.03485276;0.02460192;-0.01537486;-0.03164842;0.00516702;-0.00339965;-0.01484429;-0.02855121;-0.02095456;0.02750658;0.02615953;-0.0344293;-0.0385021;0.01981635;0.03077134;-0.02824887
943	0.32433899;0.35622615;-0.01074812;-0.05678601;0.07015896;0.21851036;0.10185298;-0.04946032;-0.12410915;-0.04580245;-0.06037286;-0.1130534;0.06247111;-0.05226839;0.12273742;0.08271702;0.1729859;-0.22045147;-0.06813822;0.15723956;-0.08959729;0.14087008;-0.18589032;-0.02741972;-0.16208808
179	-0.24734625;0.29738482;-0.06750118;0.07685503;0.02835606;-0.05487452;-0.10348056;0.03079519;0.017585;0.02370401;-0.00457803;-0.01789274;-0.16362071;-0.00395064;0.32747135;0.12598134;0.09781317;0.25541887;-0.13036958;-0.22093736;-0.2578059;-0.06185761;0.06161533;0.03070885;0.09891539
469	-0.06329487;-0.05213583;0.14733888;-0.21032063;-0.06511636;-0.11022817;0.01646125;-0.04355102;0.06907867;0.07034804;0.02009308;0.03216958;-0.05982671;0.00670818;0.01231196;-0.01648466;0.01477341;0.03754677;0.08024736;0.02874032;-0.02013911;0.02469661;0.01079009;-0.0339398;-0.06717778
4	-0.04763524;-0.04138053;-0.04150698;-0.05582443;0.00871512;-0.04067509;-0.12278447;0.04213882;-0.00627472;-0.00829605;-0.03121214;-0.04084425;-0.20493801;-0.0221669;0.46918857;0.18171304;0.14460981;0.31732745;-0.17416969;-0.27840262;-0.37265529;-0.07864195;0.08742521;0.05793257;0.1133056
444	-0.07534991;-0.11349698;-0.05979578;-0.09341443;-0.00286054;0.06034356;-0.04439278;0.10627506;0.03857976;-0.17513237;-0.09525562;-0.046795;0.20765685;0.15316645;-0.17883587;0.39367774;-0.08980465;-0.16970496;0.17594159;-0.09069308;-0.04190985;0.16455008;0.44679092;-0.02770911;0.05462892
586	-0.05474551;-0.12979398;-0.11846248;-0.0363947;-0.01852304;0.1716823;-0.03966466;-0.06861393;0.35318323;-0.16540219;-0.22597053;0.09521206;0.13133721;0.1493859;-0.09052238;0.3147587;0.02042095;-0.13263452;0.1195676;-0.07045374;-0.00054567;0.09071134;0.287498;-0.00687127;0.04819595
381	-0.02281516;-0.12224999;-0.02816509;0.06965496;-0.09199712;-0.00406281;0.04861791;-0.04723436;-0.06069775;0.00551953;0.01765778;-0.008305;-0.01947333;0.03462674;-0.02574609;0.04297307;0.03503921;0.11275639;0.02017924;0.09347045;-0.02357058;-0.02449156;0.04927215;0.01919939;-0.10450409
510	-0.0110934;-0.06749964;0.0097617;-0.08706466;0.08666471;0.10784635;0.03705176;-0.04686403;-0.04395717;-0.0443265;-0.04476942;-0.08700128;0.0758244;0.06183397;0.0027274;-0.12099762;-0.05411611;0.09560808;-0.04067197;0.01522337;-0.03337066;-0.02903461;0.01850394;-0.01545107;-0.0064002
1044	0.08177579;0.20556269;0.54016756;-0.37249991;0.16173513;0.15267801;0.33927756;-0.13487667;0.04185838;0.11544407;0.06275052;0.11263139;-0.04813852;-0.05509029;-0.04236513;-0.00408777;-0.00838517;0.04409308;0.01724547;0.01494817;-0.05441172;0.02048642;0.04529894;-0.05608881;-0.08261192
572	-0.06572436;-0.17797479;-0.17142055;-0.08972876;-0.06537524;0.11265767;-0.21476408;-0.09504533;0.05269167;0.41831769;0.30892779;0.02677502;0.28555664;-0.20982226;-0.21115789;0.15323112;0.01285267;0.1485591;-0.20749032;0.07953056;-0.01592512;0.04933836;-0.03662123;0.00872413;0.00485242
1072	-0.05351652;-0.09443338;0.03270897;-0.13655936;-0.07702198;0.00932528;-0.08927112;0.01405229;-0.01274707;-0.161541;-0.1005802;-0.20739185;0.26902252;0.33668224;0.0469869;-0.40345022;-0.12145837;0.09640166;-0.20437654;0.07450646;-0.02272103;-0.18214753;0.06354014;-0.26031848;0.27259367
766	0.03663985;-0.0361021;0.06923162;-0.02833171;-0.01844474;0.00103337;-0.06775374;-0.03215121;-0.02752952;-0.03443674;-0.00731904;-0.05943537;0.0908031;-0.01426874;0.20104269;0.18144089;0.07569359;0.03560616;0.27295584;-0.05600335;0.01849509;-0.32540406;-0.19838612;-0.04707331;0.20170165
162	0.20669338;0.02944056;-0.04099095;-0.01690465;-0.02245644;0.02746937;-0.0538927;0.00169939;0.01696779;0.01065984;0.00230893;-0.03106637;-0.05236946;0.04866407;0.07336303;-0.00492133;0.00969998;0.10349518;0.10341547;-0.06311803;0.12776517;0.25223106;-0.07153051;0.01801438;0.08029811
299	0.34748263;0.07063437;-0.05804772;-0.03367653;-0.0368339;-0.03713359;-0.12424452;-0.02693488;-0.00145875;-0.03405759;0.08612605;-0.02092993;-0.01674364;0.01776947;-0.29805189;0.25980344;0.05415692;0.27938874;-0.12746036;0.1925554;-0.00670135;-0.08322313;-0.11543363;-0.03028963;-0.11759993
652	-0.10666677;0.14996375;-0.15953776;0.05021579;-0.12471874;0.23489972;0.48683256;-0.1075798;-0.16409332;0.03334254;0.01807383;0.07981502;-0.06219297;0.02671332;0.04155818;-0.05828404;-0.11222189;-0.02969132;-0.02837551;0.09454352;-0.09301608;-0.04923111;0.02762197;-0.03208735;0.07068737
315	-0.02986195;-0.11184816;-0.04399443;-0.02692648;-0.00741667;-0.01219955;-0.07632358;-0.0538586;-0.01244943;-0.05310678;-0.01569127;-0.0410678;-0.11418351;-0.04787968;-0.04531493;-0.005661;-0.1564083;0.0211623;0.11128253;0.17765042;-0.06176353;-0.00907811;0.02698541;-0.02042565;0.08846333
637	0.01791814;-0.13658215;-0.16892452;0.13807388;-0.34073012;-0.01843604;0.38898098;-0.11505715;-0.12903776;0.02948999;-0.01050802;0.02640416;0.01974067;0.00656717;0.10735871;-0.06153787;0.00414824;-0.00663317;0.0680454;0.05837816;0.02507923;-0.11052237;0.06936644;0.12924794;-0.10902939
12	-0.03913605;-0.09931351;-0.01844602;-0.05212041;-0.01390011;0.00629453;-0.11435298;0.00601267;-0.11691502;-0.14714186;-0.01160893;0.00752778;-0.03110382;-0.09491404;-0.12052388;0.04103178;-0.38549708;0.02349733;0.11550429;-0.32527919;-0.11615283;-0.00645193;-0.16207455;-0.01068951;-0.20285273
787	-0.13603622;0.44352795;-0.05182166;0.10919764;0.0422993;-0.04916318;-0.03404316;0.21838478;-0.00331052;0.04174859;0.01408826;-0.01339663;-0.02195778;0.0210808;0.01075063;-0.01195389;-0.00841719;-0.02356292;0.05428684;0.12063733;-0.01806605;0.01305857;0.0686316;0.03039618;-0.08936021
300	-0.05939609;-0.05676712;-0.03371247;-0.06261422;0.00643578;-0.01376986;-0.11666698;0.01779746;-0.01840287;-0.00858888;-0.02178456;-0.04975016;-0.15337311;-0.02137822;0.34834714;0.11920803;0.0791873;0.21966297;-0.05947422;-0.17149452;-0.25252215;-0.06305451;0.08200249;0.06453124;0.01527705
633	-0.03794352;-0.11658411;0.08753806;0.04082999;-0.04243921;0.00954011;-0.14511751;0.00345394;-0.18462562;-0.11194111;-0.02583409;0.16538898;-0.02595204;-0.05282566;0.04824107;0.0151484;-0.04012762;-0.02755722;-0.06166322;-0.02433451;0.03556281;-0.00461938;0.01226336;0.06151242;-0.01953064
883	-0.07454614;-0.0381054;0.08525366;-0.16080022;-0.02347797;-0.0671826;-0.01915747;-0.00656812;0.06706701;0.02578103;-0.00858736;0.01363961;-0.16481223;0.00343364;0.28657569;0.0887997;0.10327619;0.21787503;-0.06273952;-0.17183766;-0.22206269;-0.03818286;0.04901987;-0.01376214;0.05499866
1002	-0.19756215;0.21518305;-0.05710792;0.03626265;0.0206484;-0.06054106;-0.11302982;0.04139421;0.00690861;0.01675318;-0.0219785;-0.03332819;-0.2074319;-0.01157684;0.46598638;0.18761876;0.14596507;0.33640085;-0.19681377;-0.29355896;-0.37661566;-0.08147435;0.08173608;0.07869987;0.13214281
672	-0.48250849;0.72346299;-0.09655282;0.25351135;0.0263852;-0.03160466;-0.02435725;-0.0163963;0.03646784;0.08881975;0.04083559;0.00885913;-0.02377551;0.05453284;-0.04902108;-0.03193654;-0.01188563;0.04989329;0.01630598;0.01326502;0.0346847;-0.00089966;-0.00728231;0.01706654;0.00742174
973	0.00838605;-0.12157495;-0.14780349;-0.01190852;-0.12294059;0.04951222;0.1232636;-0.05141674;-0.04758103;-0.01863304;-0.00712726;-0.00699853;-0.07349596;0.09211808;0.05164342;0.01719841;-0.08171964;0.10904381;0.10980734;-0.05833416;0.15677572;0.18768161;0.0076959;-0.02511392;0.03549953
316	-0.15733277;0.28959326;0.20196289;0.06122004;0.32115316;0.42054574;0.222617;-0.08752576;-0.11889225;0.05260589;0.01598806;0.01046187;-0.07044812;-0.10252294;0.00852536;0.00328353;-0.06233131;0.00832239;-0.08596821;0.01985888;0.05780396;-0.05931626;0.09133929;-0.03979439;0.00969352
1026	-7.62593963e-02;-4.29366317e-02;4.68964870e-02;-1.77269303e-01;-1.52427195e-01;-7.83507765e-02;1.47750541e-01;-4.16548839e-02;-3.92168741e-02;-2.81381186e-02;-5.50659007e-03;7.13824984e-02;-3.69861281e-02;-1.88155328e-02;5.99938897e-02;-1.46823040e-02;-7.13391240e-02;-1.64059780e-02;-8.54951448e-05;9.18711920e-02;4.80285837e-02;8.36256734e-02;5.97997557e-02;-1.14748582e-01;-1.14306256e-01
597	1.59987027e-04;-4.53841864e-02;6.78386813e-02;-8.81291961e-02;4.22599568e-01;3.62353901e-01;2.51958325e-01;-4.45498129e-03;8.98040251e-03;2.63134383e-02;-8.05699487e-02;5.84695631e-02;-1.54599217e-02;-6.01288389e-02;-2.94028161e-02;1.94698828e-02;-2.29782682e-02;-4.77046422e-02;-6.02064936e-03;1.13153833e-03;-3.48126072e-02;-4.06212333e-02;5.99540134e-02;1.15663271e-02;-2.09659116e-02
307	0.47011549;0.13830171;-0.13992032;-0.00293624;0.03575705;-0.1784319;0.12933628;0.1191784;-0.03650345;-0.01145184;-0.01346969;0.02676289;0.05004103;-0.01225992;-0.03832293;0.05120713;-0.11289896;-0.07982554;0.01271478;-0.01462517;-0.06276946;-0.01638783;-0.00635607;0.00523894;-0.03493425
422	-0.48250849;0.72346299;-0.09655282;0.25351135;0.0263852;-0.03160466;-0.02435725;-0.0163963;0.03646784;0.08881975;0.04083559;0.00885913;-0.02377551;0.05453284;-0.04902108;-0.03193654;-0.01188563;0.04989329;0.01630598;0.01326502;0.0346847;-0.00089966;-0.00728231;0.01706654;0.00742174
365	-0.02410384;-0.134743;0.04758801;0.04072852;0.04393665;-0.04108919;-0.0521703;0.00350792;-0.06563827;-0.075226;-0.03800099;-0.08198667;-0.12095644;-0.09874225;-0.03997279;-0.0979797;-0.06159465;-0.05692867;-0.01551813;0.03877139;0.01869214;0.00284562;0.10012351;-0.14301599;0.04436322
805	-0.01901384;-0.1526769;-0.21974273;0.02538257;-0.19840196;0.11497843;0.1881128;-0.08438896;0.19292329;-0.07980271;-0.08403031;0.10913478;-0.00623184;0.00198917;-0.18901037;0.11996156;0.09707804;0.167645;-0.10183141;0.11872053;-0.02773649;-0.084452;-0.12629941;-0.08864005;-0.06920417
905	-0.00979541;-0.06929166;0.07069932;-0.0928776;0.15670413;0.26988259;0.06099356;-0.06000344;-0.10435262;-0.03522774;-0.00770547;-0.05494912;-0.0478919;-0.09381967;-0.02253542;-0.01377146;-0.11789067;0.02690857;0.1518167;0.03944763;-0.11535528;-0.08443116;-0.15485855;-0.01964547;0.06945626
940	0.03412239;-0.16084391;0.17871138;0.23839519;-0.07643474;0.03466441;-0.0381469;-0.00636621;-0.03011699;0.00311433;0.01817792;-0.07560927;-0.04694554;0.05769813;0.0161037;-0.10366535;0.00234571;0.08999255;0.01006004;-0.08989195;0.1604379;-0.01137151;-0.07482445;-0.05782834;-0.09160731
359	-0.18738167;0.09541892;0.25117363;-0.23236417;-0.00088391;0.01518916;0.0809159;-0.11492045;0.20267812;0.05921734;0.27589057;0.08750934;-0.18354865;0.48058116;-0.06849501;-0.02005655;0.04019758;-0.24811769;-0.08783117;-0.09545458;-0.06359789;-0.01458525;-0.05849331;0.15929192;-0.06153065
191	-0.12071505;0.00254974;-0.03363539;0.00078241;0.13335856;-0.07872945;-0.20467112;-0.03512816;-0.38180495;-0.13309761;-0.12637086;0.51249922;0.12366592;0.04634272;0.11857242;-0.02760002;0.25870403;-0.16786135;-0.06439494;0.16574613;-0.01002845;0.15576841;-0.15736398;-0.00642438;-0.06196121
130	-1.71507276e-02;-1.06007564e-01;7.87897311e-02;-5.09729309e-02;2.23781803e-01;1.41956878e-01;1.73038690e-01;4.92116687e-01;-2.09612952e-02;7.38733671e-02;-2.32933513e-02;2.17957369e-02;-1.90069115e-02;-2.66584828e-02;-2.77476036e-02;-3.00477914e-02;-3.58340480e-02;1.17196074e-02;4.03923430e-04;4.54798037e-02;2.36808075e-02;-1.92681698e-02;5.09917453e-02;-8.16477377e-03;5.77005742e-02
186	-0.03460498;-0.12047003;-0.02130262;-0.00572787;0.00166834;0.01409296;-0.09972149;0.02725401;0.0174512;-0.00123183;-0.05770639;-0.03024615;-0.19410834;-0.03915941;-0.00384964;-0.07138949;-0.12356829;0.0715014;0.08715971;0.24701248;-0.07795368;0.09221996;0.01753332;0.09975269;0.22384937
692	-0.0316197;-0.09207276;-0.07367243;-0.04772151;-0.0242893;0.02972274;-0.060101;-0.02144876;-0.00977749;-0.0294617;-0.00599484;-0.06830515;0.03862862;0.10433139;-0.05575637;0.151931;0.00105661;0.00963341;0.10738061;-0.01554278;0.01064855;0.05544392;0.23530601;-0.07730631;0.03007971
1009	0.30798676;0.02161077;-0.12248862;0.01019173;0.2238136;-0.25741806;-0.00988787;-0.10902637;0.02358943;0.03836153;-0.04713974;-0.03861064;-0.00478724;0.0148353;0.01950568;-0.04922124;0.03203948;0.00737974;0.08425781;0.05188163;0.07309315;-0.08021598;0.05049167;0.19256281;-0.07764269
806	-0.02630378;-0.10647325;-0.04946559;-0.04368364;-0.05172154;0.03415199;-0.0849195;-0.03000693;-0.0258356;-0.04635159;-0.0332501;-0.07464719;-0.15795491;-0.13241932;-0.12913301;-0.08328319;-0.08054389;-0.08678276;0.06454652;0.05956075;-0.20601517;0.00614988;-0.10420517;0.14709116;0.12926367
418	0.00798004;-0.09805335;-0.28350782;-0.00309853;-0.33462905;0.03942634;0.38556871;-0.0711952;-0.13289305;-0.05541699;-0.03632999;-0.01847746;-0.03632203;-0.06592514;-0.03570186;-0.07157616;0.18061099;-0.06599019;0.011554;-0.08262661;-0.03563803;0.01969327;0.02730549;-0.03346498;0.0165419
1076	0.06155329;-0.18374214;-0.23661633;0.08606645;0.40069707;-0.4171637;0.26289291;-0.25713136;-0.0585851;0.03662592;-0.08030792;-0.02698759;-0.00082445;0.0598252;0.01181259;0.00094248;-0.07065952;0.02336525;0.03503679;-0.14571422;0.12521154;0.23176386;-0.14250429;0.07690712;0.12982601
842	0.34086106;0.56268331;-0.05966138;0.07153142;-0.05335945;-0.0789801;-0.14521498;0.00056746;0.03503582;-0.03799274;0.00670285;0.02640874;-0.04860537;-0.06352775;-0.1253716;-0.02342973;-0.22220637;-0.07795585;0.0610914;0.05488086;-0.13749106;0.0019336;-0.117947;-0.0059305;0.03465269
125	-0.0755027;-0.05508636;-0.01870869;-0.06336359;-0.00537245;0.05184573;-0.11954857;-0.01050836;-0.13996355;-0.10379508;-0.10515755;-0.20024127;0.10119235;-0.0135484;0.29825816;0.17646518;0.19831536;-0.30944175;-0.10751725;0.2588919;-0.09454649;0.25502465;-0.33853614;-0.04306145;-0.2981447
474	-0.27054073;0.31347146;0.16722833;-0.17485622;-0.00915591;-0.03085636;0.1050066;-0.0849626;0.00378442;-0.03441052;-0.02297977;-0.13315594;-0.03043557;-0.13958709;-0.16473476;-0.15165639;0.20645271;-0.08809085;-0.12455737;-0.11973683;0.00729444;0.01809592;0.06851273;0.00414049;0.04883452
26	-0.03540114;0.31237036;-0.06029421;0.0592826;0.04237069;-0.04773666;-0.02537637;0.21121699;0.02874595;0.03860301;0.01404085;0.00578075;0.00703667;0.01632362;-0.02515352;0.00773661;-0.04209556;0.01351955;0.05520873;-0.02571818;0.00220053;-0.00642013;0.02119202;0.00467672;-0.07744888
777	5.97609542e-02;-2.58513567e-01;5.62495462e-01;6.75837782e-01;-1.55497164e-01;1.27303660e-03;1.12811171e-02;-6.13060124e-02;-4.32796624e-02;7.63213577e-02;4.57830004e-03;-6.51091836e-02;7.26987215e-02;-2.18747154e-02;1.39211074e-02;2.33020877e-03;5.85652195e-02;1.74060827e-02;3.67575760e-04;-2.75092312e-02;-1.37290125e-02;2.09113518e-02;4.45357673e-02;-6.54961248e-03;-1.11759963e-02
90	0.25504533;-0.16235124;0.19101233;0.4504856;0.21948657;-0.29076901;0.09076091;-0.18836885;0.11177343;0.05250621;-0.07977432;0.00250937;0.08553974;0.01639769;-0.01718066;0.02737838;0.0424527;-0.05953339;-0.04499876;-0.01805795;0.00389563;0.00131404;0.01149071;0.00332941;-0.00125127
989	0.41927884;0.09478784;-0.20738044;0.01038285;-0.02377119;-0.20324817;0.15163333;-0.12224769;-0.02336665;0.03031638;-0.03062096;-0.00157615;0.02619213;0.00458568;0.04761792;-0.07066953;0.04363703;-0.04280071;0.09061403;0.05924439;0.06103567;-0.13658935;0.0639869;0.20014846;-0.1225354
715	-0.03166039;-0.18347038;0.04653987;0.19111848;-0.04092484;0.15187544;-0.05453541;-0.08701067;0.45686137;-0.10675527;-0.11117702;0.17116148;0.11553954;-0.07188372;0.00826771;0.0185288;-0.05941098;-0.06638631;-0.05301839;-0.0893657;-0.0226531;0.00620935;-0.05326611;0.05745652;-0.05764354
139	-0.02772298;-0.09965658;-0.05124296;-0.0381761;-0.00923903;0.02422362;-0.04298574;-0.01780499;-0.0280458;-0.03339135;-0.01006545;-0.06457661;-0.08821447;-0.05809941;-0.07125642;-0.09521848;0.03774945;0.04498137;0.12980571;0.01267539;-0.09502401;-0.0090407;0.00574573;-0.27160495;-0.12280967
593	-0.08169795;-0.02950778;0.09827912;-0.14419267;0.04923697;0.11446076;-0.05970327;-0.05230237;-0.17193672;-0.18390673;-0.01742824;-0.13164094;0.05759434;-0.21892295;0.24461255;0.2973003;-0.04775388;-0.26873404;-0.00375739;0.05258537;0.21136442;-0.16252869;-0.22511203;-0.06246688;0.07314591
324	-0.05066362;-0.08777988;-0.06484494;-0.08608498;-0.04161129;0.01444884;-0.0785829;-0.02607556;-0.10005205;-0.14699003;0.00409086;-0.12250399;-0.03823761;-0.2138514;-0.25428519;-0.07544317;0.05261966;-0.11320095;0.05988789;-0.34990451;-0.12506348;0.01437675;-0.10905142;0.02971616;0.00611846
328	-0.01311738;-0.10049206;-0.15063005;-0.01122169;-0.16136742;0.01812889;0.16855473;-0.02900313;-0.09035395;0.00620028;0.00182817;0.04202883;-0.05558502;0.03586898;0.09714983;-0.01723231;0.00443011;0.02027771;0.03350179;-0.00679959;-0.02717406;-0.00416136;0.02333318;-0.02058203;-0.05414355
402	0.04637995;-0.03445827;0.13182562;-0.12136999;0.5878818;0.37811074;0.24923703;-0.17034718;-0.32342191;0.01749135;-0.0633566;0.36991578;0.03729784;-0.00152239;0.00413425;-0.07163476;0.09780907;0.0099823;-0.04003877;0.04277103;-0.00303682;-0.04324134;0.02908982;0.0028073;0.04122363
57	0.40720163;0.03126704;-0.13684261;0.0541253;0.43004548;-0.49930818;0.05763544;-0.20785947;-0.00395433;0.00809606;-0.05718282;-0.01660966;-0.04318338;-0.06516129;-0.01782344;0.05786118;-0.07011941;-0.12473273;-0.17469379;0.02643509;0.1198916;-0.07317669;0.0376085;0.00189963;0.03809681
221	0.33174719;0.05291063;0.04666858;0.12727188;-0.09012782;0.04684702;-0.10828217;0.00057089;0.2452479;-0.06245477;-0.06587876;0.05011177;-0.03275734;0.08854154;0.00833503;-0.10158619;-0.05648315;-0.04782208;-0.01028722;-0.02662728;0.10423722;-0.07043254;-0.04695177;-0.25587733;-0.04704865
198	-0.04598941;-0.14020513;-0.13302683;-0.0317982;0.04165867;0.04757447;-0.09479288;-0.05036228;0.16748941;-0.01366736;0.51122726;0.05835314;0.25311945;-0.23382599;0.1085902;-0.10177538;-0.00494158;0.07273094;-0.02496506;0.016119;-0.05884519;0.10227648;0.05940169;0.00200239;-0.00564238
772	-0.01199117;-0.14664262;-0.08666129;0.00979748;0.00227556;0.10718953;-0.05409404;-0.03120709;0.25870085;-0.03835552;-0.16508696;0.02680149;-0.17238104;0.02449369;0.0157058;-0.01961092;-0.09015544;0.10382892;0.11204831;0.13985186;0.04912181;0.30371507;-0.10499911;0.18862429;0.31103147
408	0.45307801;0.18905406;0.07094189;-0.11430045;0.21968797;0.33724098;0.12604676;-0.02061713;-0.05338291;0.0181344;0.03860412;-0.03069464;-0.07199232;0.04913784;-0.00536342;-0.1218486;-0.02951843;0.08921659;-0.01316107;-0.07122717;0.16657767;-0.06558547;-0.06697345;-0.04584206;-0.09314481
535	0.00643196;-0.21284091;0.27824813;0.37221032;-0.08377212;-0.00192713;0.03211152;0.1439708;-0.03384073;0.01473204;0.01237261;-0.11352613;-0.01917272;-0.12574158;-0.13254093;-0.0431328;0.09447906;-0.02381178;0.0384485;-0.08479048;0.0199833;0.03412059;0.07155744;-0.03166594;0.00084728
818	0.02979731;-0.09557441;-0.12961766;-0.02494535;-0.08491745;0.07153523;0.14644105;-0.0448999;-0.05000981;0.00635053;-0.01888333;-0.03945508;-0.1045892;0.11019677;0.12257177;0.02490852;-0.02684394;0.19322348;0.16713186;-0.1361931;0.28281539;0.50681724;-0.14423657;0.05812877;0.21758852
187	0.13773812;0.05696262;0.19600609;-0.0881605;0.15050968;0.25514728;0.03954283;-0.07870578;-0.14357564;-0.07352177;0.08329359;-0.11379902;-0.04309905;0.0882778;0.12698284;0.11610903;0.05416857;-0.3495661;-0.26978032;0.04045544;0.01099024;0.03643265;-0.11832021;0.0660986;-0.13125753
242	-0.06764484;-0.07356052;0.00787175;-0.08512744;-0.04072697;-0.00916496;-0.13382849;-0.00030464;-0.10697192;-0.14319127;-0.01427972;-0.01032006;-0.25472273;-0.14679455;0.11435644;0.05271602;-0.2953655;-0.06724824;-0.19162706;0.00311893;-0.00358355;-0.06145059;0.09108891;-0.0293282;0.17981275
994	0.46375597;0.13340515;-0.16521763;-0.01200641;-0.19728446;-0.00184547;0.14457422;-0.00128382;-0.04698397;-0.02402998;0.01689217;-0.03549278;-0.08226833;0.01195425;0.00969964;-0.07499721;-0.03590531;0.10876376;0.12536301;-0.07867423;0.11584465;0.23185258;-0.14010565;-0.09308725;0.02999455
509	-0.04472383;-0.07549989;-0.00582175;-0.04950157;0.01569422;0.03447755;-0.05986064;0.01449029;-0.03587698;-0.02104009;-0.01258496;0.00083559;-0.0531086;-0.03081961;0.02920871;-0.0224514;-0.0448427;0.02538942;0.03899761;0.03710182;-0.01483859;0.01886468;0.06023481;-0.10385336;-0.05808326
969	-0.06296459;-0.11700423;-0.10177911;-0.05339265;0.13360026;-0.13398898;-0.03263756;-0.05500105;0.01861694;-0.0548309;0.12259762;-0.08035448;0.17938028;-0.09881961;0.10649196;-0.07703414;0.0225366;-0.03838286;-0.01941084;0.16338121;0.1799807;0.09342406;0.11417784;0.21239836;-0.20258555
861	-0.40662537;0.56313912;-0.08140569;0.16752589;0.00343627;-0.0106183;-0.04651595;-0.03012129;-0.04483498;-0.01623218;0.01771282;-0.02995954;-0.0279603;-0.08201571;-0.17635831;-0.06165245;0.00418542;-0.04658216;0.02489767;-0.17384918;-0.03906758;0.02231423;-0.04819913;0.01637253;-0.0012463
389	0.00550496;-0.15754256;-0.03092508;0.08954873;-0.12343596;0.03242116;0.11074937;0.16376462;-0.01513641;0.01300926;0.0150307;-0.04773826;-0.06602131;0.09008307;0.08016667;-0.10638583;0.02068086;0.02289801;0.01943238;-0.00378633;0.06069611;-0.03688669;-0.03617691;-0.13950853;0.01185061
799	0.02029156;-0.18346493;-0.15807887;0.07558597;0.40656919;-0.4029251;0.06869208;-0.22069774;-0.00271357;0.04931187;-0.08359821;-0.03103457;-0.10705473;-0.02303984;-0.05320061;-0.06212224;-0.09887743;-0.06967048;0.01872826;0.19395316;-0.11573259;0.01309386;-0.05771501;0.10785807;0.17152383
955	0.00136818;-0.05401814;0.04594055;-0.11631795;0.30422924;0.40815225;0.16158381;-0.09731635;-0.02474839;0.01235974;0.25198853;0.00141551;0.07277063;-0.19190382;0.02477479;-0.12517732;-0.0152585;0.05636176;0.02005696;0.07197545;-0.07189285;0.03027803;0.05849426;-0.12038245;-0.03085439
361	-0.00239463;-0.1205801;-0.21131706;-0.00065411;-0.21111896;0.03822188;0.20490497;-0.03256859;-0.0480588;0.00532176;-0.01735381;0.0180893;-0.05634886;0.02888625;-0.02630397;-0.01193658;0.03781882;0.0006875;-0.02759768;0.00592548;-0.03141689;-0.05071345;-0.02477338;0.03152589;-0.00516164
296	-0.04411094;-0.08456278;-0.05664933;-0.07629489;-0.03414973;0.02901459;-0.05288453;-0.04425556;-0.03935982;-0.08156877;-0.03279692;-0.12539415;-0.1463819;-0.16420081;-0.07800561;-0.09207873;0.18951386;-0.06511458;-0.03184921;-0.07507409;0.09189291;-0.04117414;0.09022562;-0.0013108;0.11059132
378	-0.05133243;-0.08607831;-0.02946039;-0.04160284;-0.03930478;0.0054654;-0.13404773;-0.00984968;-0.04098439;-0.10624778;-0.02844319;-0.01311513;-0.15560954;-0.10615758;-0.10856833;-0.05568149;-0.34871429;-0.02039857;0.12861458;0.00947722;-0.13615091;0.03930423;-0.16617521;-0.07278772;-0.04290582
85	-0.02118482;-0.09434822;-0.04391785;-0.03893283;-0.00367035;0.03310519;-0.06357213;-0.00716012;0.00761383;0.00154;0.01888647;-0.02944415;-0.04624691;0.02145808;0.01766329;-0.00982129;0.00651859;0.04463367;0.03886699;0.00789209;-0.00893953;-0.01740857;0.01158395;-0.02285175;-0.03521234
826	0.09364744;-0.13644391;0.01946588;0.17181612;-0.05618304;0.07443065;-0.09556192;-0.07831772;0.23026579;-0.09090731;0.36892073;0.04554752;0.19773916;-0.29282698;-0.04476732;-0.15896141;-0.05175616;-0.05763961;-0.0230346;-0.06153523;-0.06791132;0.12209125;-0.0130449;0.07406167;0.07496772
475	3.92582581e-01;1.47188316e-01;5.97411461e-02;-1.13765545e-01;1.54514104e-01;2.07352041e-01;-4.94231927e-04;-5.04218554e-02;-1.21835316e-02;-2.65035006e-02;2.14562709e-01;1.33801661e-02;-3.13212765e-02;-2.05958162e-01;7.19235373e-02;3.20481358e-02;-1.41154511e-01;-8.33922984e-02;-1.98211278e-01;6.28971801e-05;1.48053236e-01;-1.19060415e-01;9.61331286e-02;5.73609895e-02;2.45176980e-02
134	-0.0382894;-0.12130746;-0.05166463;-0.02294;-0.0423796;0.03155986;-0.10440452;-0.01451269;0.01328143;-0.03419988;-0.01995056;-0.03324676;-0.21756023;-0.08521909;-0.10428152;-0.09848174;-0.20110415;-0.04991834;0.09634678;0.36757408;-0.29166895;0.09397563;-0.08059286;0.19926145;0.28290358
149	-0.02059773;-0.11192546;-0.03630349;-0.05585456;-0.00346761;0.00834614;-0.10181465;-0.00310096;-0.05077033;-0.03248162;0.05795974;-0.0589391;-0.17444984;-0.07510391;0.07474879;-0.00808668;-0.18679773;0.01091649;-0.03336505;-0.07515979;0.18049096;-0.09604631;-0.01364497;-0.02916764;-0.10410786
54	-0.04503193;-0.14483645;-0.00318026;-0.04864774;-0.02151413;0.09623682;-0.11333798;-0.04743677;0.0496528;0.01444577;0.39411412;-0.04783754;-0.23283222;0.67624076;-0.00103459;-0.11805178;0.01773584;-0.3446082;-0.14973127;-0.0657211;-0.04103464;-0.13158136;-0.06895439;0.01099513;0.08769118
650	-0.02274022;-0.12332086;0.12744696;0.19197421;-0.06401755;0.01524485;-0.06352043;-0.0205782;0.01255436;0.00418398;0.00044621;-0.01788065;-0.01690687;-0.02459294;0.01173538;-0.02591013;-0.0056205;0.02328918;0.04881768;-0.02042416;0.0146538;0.01341316;-0.00905836;-0.18025044;-0.09797889
432	-0.04521753;-0.09346048;-0.04726407;-0.03579166;-0.01508308;0.00729082;-0.12280776;0.00656424;-0.04222933;-0.02229219;-0.02044746;-0.00603687;-0.10622781;0.00131545;0.0193762;-0.09292795;-0.07224311;0.04168866;0.1187227;0.20335872;-0.14957703;0.04496525;0.10151825;0.09076407;-0.00835075
386	-0.17555721;0.13343943;-0.01937045;-0.02578022;-0.05189456;0.00154305;-0.08070983;-0.0145515;-0.07331094;-0.12043493;-0.01146975;-0.10535632;-0.2466911;-0.32309842;-0.07931487;0.02613882;0.03371567;-0.20204341;-0.31265303;-0.07539331;0.29246265;-0.07499622;0.16148662;0.04275278;0.15954085
626	0.225677;0.2524829;0.18097631;-0.13560075;0.45500706;0.5903313;0.31083015;-0.10848934;-0.12675897;0.08042767;0.01457133;0.0148921;-0.01598192;-0.03904134;0.00453549;-0.01494574;-0.01739972;0.04319373;-0.01450834;0.04120148;-0.036071;-0.0704805;0.05193243;-0.01058803;-0.01548879
215	0.003935;-0.12138891;0.10686467;0.02940884;0.16820365;0.2513222;0.18326681;0.25274041;-0.05219989;0.07374597;0.01423802;-0.03408637;-0.00663507;-0.01827409;-0.18793146;0.11642896;0.08393988;0.07361705;-0.08972672;0.04516912;0.00400157;-0.11672403;-0.08095551;0.01705362;-0.00298076
17	-0.01491139;-0.07926211;-0.10321298;-0.04716175;-0.10059211;0.15910214;0.24645295;-0.06011778;-0.24929153;-0.04861161;-0.03130619;0.14820923;0.04056803;0.02863289;0.1722559;0.03550721;0.11796517;-0.1213177;-0.05758092;0.10692095;-0.06347373;0.04030244;-0.11885785;0.00621437;-0.08482214
1013	-0.05130566;-0.11987115;0.17658231;0.03967077;-0.05730443;-0.0105711;-0.04444356;0.12200623;-0.04216532;-0.16336199;-0.19486126;-0.24036283;0.38525125;0.15173373;0.0434215;-0.21421237;-0.03470328;0.12043025;-0.18376101;0.01602765;-0.05665514;0.01232984;-0.06830304;-0.03532244;0.02796057
848	-0.03053059;-0.08583214;-0.05797781;-0.04132142;-0.02704791;0.02249746;-0.06356241;-0.01128008;-0.01555832;0.0086744;0.00046513;-0.03283822;-0.09838481;0.00541746;0.07812745;-0.03959272;0.01128997;0.04015459;0.05026783;0.0777081;-0.00210185;0.01344078;0.06663257;-0.03476943;-0.00458446
188	0.10501076;0.00891963;0.07555574;-0.12956776;-0.01904559;0.05846893;0.06836363;-0.03019782;-0.0126452;-0.04169461;-0.02265692;-0.03669382;0.09510676;0.0990873;-0.05611691;0.10717972;-0.04104647;-0.01656871;0.08429891;-0.0313677;-0.03241834;0.05662453;0.19788579;-0.02628795;0.00166517
434	0.28489955;0.09947915;-0.00359378;-0.0760828;-0.05549497;-0.03398329;-0.11071849;0.00805446;-0.02283356;-0.06652574;0.01846054;-0.03112341;-0.12436581;-0.12954792;0.06360142;0.07838763;-0.0825916;-0.08708673;-0.2158269;0.03317289;0.22186676;-0.08363948;0.1199991;0.01164578;0.05649015
14	-0.05105462;-0.14613632;-0.03097981;-0.02672632;0.14474271;-0.07842483;0.14201462;0.82792513;0.01972217;0.08962599;0.0194166;0.01183206;0.04100618;-0.02746458;-0.08141639;0.04086664;-0.05362328;-0.0648702;0.03170714;-0.03622511;-0.02304822;-0.03763652;-0.04447052;0.05483603;-0.02633777
788	-0.07258063;-0.13495692;-0.1175101;-0.04599518;0.0210236;0.04588065;-0.09834354;-0.07491356;0.19946792;-0.04302536;0.65643091;0.05682967;0.40925305;-0.32720912;0.19332265;-0.0208641;0.01588017;-0.00709981;0.10719126;0.01592009;0.03684438;0.00077024;-0.0110004;0.00431918;0.12849516
854	-0.33415709;0.45518625;-0.09062898;0.13676235;-0.00316563;-0.00326317;-0.03508503;-0.02505346;0.01681785;0.02671261;0.0114307;-0.06354096;-0.06011401;-0.0268461;-0.09465542;-0.08851942;0.10705392;0.009112;0.04040947;-0.04013097;0.01817625;-0.00332448;0.01583454;-0.03627543;0.04048139
985	-0.02891981;-0.09177073;-0.04999318;-0.04952578;-0.00762794;0.02361057;-0.07372126;-0.00337184;-0.04204716;-0.04407469;0.01370507;-0.01555019;-0.02331359;-0.03109139;-0.01934197;0.00951907;-0.12484731;0.02867207;0.04745982;-0.13294404;-0.04861059;-0.00546343;-0.07621732;0.01518067;-0.07601448
1083	0.42655443;0.15559743;0.23888033;0.02394211;0.31777815;0.51641493;0.2447892;-0.11583226;0.0974338;0.02661835;-0.08983959;0.06681349;0.05106201;-0.04046489;-0.00259515;-0.01440801;0.00325844;-0.0068108;-0.05023903;0.01189964;-0.0348951;-0.06513424;0.02456946;0.01298286;-0.01866259
113	-0.03013877;-0.08929933;-0.05082699;-0.0215082;-0.00636927;0.02010704;-0.07676776;-0.00612318;0.00872843;0.01363168;-0.01208685;-0.02373432;-0.06243474;0.00580599;0.03686173;-0.01695629;-0.02777353;0.04597831;0.07510004;0.02021861;-0.01757095;-0.01498027;0.01665683;-0.04902485;-0.08407637
415	2.36839072e-04;-2.15265127e-01;2.14512846e-01;2.82656460e-01;-3.45049809e-02;-1.46060017e-02;7.10665172e-03;1.89327429e-01;7.15847365e-03;3.10009189e-02;2.89773005e-02;-2.63888819e-02;4.82357015e-02;2.38928672e-02;-1.80779365e-01;1.77769812e-01;5.38310556e-02;1.66792637e-01;-6.65674211e-02;4.90609366e-02;-6.59088553e-03;-1.39614652e-02;-1.41966988e-02;5.41397568e-02;-1.67276035e-02
649	-0.02361069;-0.17094886;0.03791484;0.08378356;-0.01237378;-0.00457173;-0.04427658;0.14800645;0.01987865;0.01369392;-0.02976883;-0.06900659;-0.13154942;-0.04170599;-0.05671273;-0.01787759;0.03634249;0.08636438;0.01153121;0.16155385;0.05539666;-0.03279342;0.07569756;0.13998332;0.12936123
208	0.03454476;-0.15791226;0.42015609;0.3051716;0.08417765;0.22663434;0.10607861;-0.0719901;-0.14730028;-0.0276414;-0.00405898;-0.0148085;0.07411728;-0.08768295;-0.07609408;0.0556623;-0.18382521;0.02342913;0.03603857;-0.22766918;-0.1030343;0.01428486;-0.05656465;0.03652846;-0.08663714
556	-0.0407842;-0.07625986;-0.04038574;-0.04607137;0.03783459;0.04660563;-0.06850542;-0.00695261;-0.03253828;-0.01997552;-0.00761342;-0.04707076;-0.05826383;-0.02690589;0.05505948;-0.02775157;-0.04991978;-0.01413003;0.05318046;0.12812941;-0.04811647;0.04692373;0.05435051;-0.08014251;-0.06466609
619	-0.18524505;0.24188104;0.11423332;-0.0963178;0.21461877;0.22142865;0.14625367;0.12649239;-0.06919399;-0.0618868;-0.12760907;-0.13488941;0.25261907;0.08119086;-0.0218311;-0.21213488;-0.05924514;0.09706782;-0.15936357;0.02132159;-0.02512164;-0.05266078;0.01805263;-0.08208648;0.00950283
990	-0.03929248;-0.11641966;-0.07133968;-0.06081398;-0.04638385;0.01772961;-0.11806269;-0.04012578;-0.06149593;0.02035885;-0.05779903;0.00148145;-0.00784839;0.00106474;0.07148655;-0.18142425;0.11890039;0.06967831;0.26880367;0.06338561;0.21178714;-0.23527785;0.1496285;0.52035791;-0.2875534
722	-0.10986404;-0.02748288;0.17209344;-0.24965123;-0.02596771;-0.020398;-0.00164698;-0.0721027;0.00648511;-0.10669539;0.07648229;-0.09473104;0.29400534;-0.09093454;0.20369931;0.17294703;0.02249311;-0.00729644;0.34478153;-0.04241708;0.08012334;-0.38848344;-0.26570805;-0.07243935;0.33603955
1042	2.91803795e-01;5.44894367e-02;-1.13644430e-01;-8.47519003e-02;-1.61327277e-01;-1.66245174e-01;3.13526272e-01;-1.42570625e-01;1.66981985e-01;1.64990201e-02;-8.83321910e-02;1.66903627e-01;2.39719690e-02;2.00380617e-02;3.67503652e-02;3.89740619e-02;3.99118344e-04;-4.66479150e-02;-3.96490634e-02;1.44855605e-02;-2.44557583e-02;1.88800752e-03;-4.14292933e-05;-5.84902695e-04;-2.69344612e-02
480	-0.14449789;0.05804421;0.12298062;0.09463052;-0.01377414;-0.0448136;-0.0749577;-0.01044526;-0.08405819;-0.07217867;-0.01504804;-0.09201571;-0.01967001;-0.09800941;0.066552;0.04388702;-0.09145942;-0.06810351;-0.11232363;0.10449263;0.19719617;0.04852646;0.1165346;0.0439749;-0.12996671
79	-0.02798064;-0.09710237;-0.03795657;-0.03349371;-0.01909832;0.03216683;-0.0422886;-0.01932938;-0.02051195;0.01007515;0.02988156;-0.01734722;-0.04613563;0.04037267;0.06761415;-0.00040581;0.03091997;0.01379938;0.03804405;0.02230651;-0.01093872;-0.02444505;-0.00486407;-0.01846275;-0.03417747
362	-0.03494259;-0.14173772;-0.05585425;-0.02644828;0.03548838;-0.00839433;-0.02715751;0.18529063;0.0143904;-0.00061159;0.05873762;-0.0468984;-0.06459835;-0.01025561;-0.00961161;-0.03592741;-0.09215597;0.09774153;0.08843574;-0.03883064;0.03165377;0.0102702;-0.03301499;-0.08830006;-0.10633945
495	-0.06717528;-0.08388271;0.18627157;-0.05855252;-0.00581543;0.06439771;0.0406698;0.02199638;-0.1203879;-0.12660182;-0.07130228;-0.17679323;0.23816861;0.09190826;0.07714695;0.41952602;0.05157871;-0.22422659;0.24947208;-0.00308305;0.09158301;0.27825122;-0.02014478;0.01699052;0.10577055
1040	-0.04962869;-0.18998244;-0.11467598;-0.01580812;0.09453226;0.03529044;-0.09248781;-0.10708315;0.17890351;0.00370443;0.67608119;0.03064975;0.08922723;0.25380367;0.04397833;-0.10445209;0.01995793;-0.19670202;-0.1397208;-0.08330059;-0.05407377;0.0614566;-0.03547902;0.15004953;0.01232061
530	-0.06459606;-0.13226824;-0.03206076;-0.08699628;-0.03285968;0.09139002;-0.09962423;-0.05131217;0.01291928;-0.06841962;0.27974417;-0.08587447;-0.04657254;0.63068413;-0.11075414;0.19476084;0.01716474;-0.34876691;0.01216296;-0.10230927;-0.05867668;0.02086878;0.26155846;0.01883033;0.12504265
169	0.36750074;0.08119707;-0.15214614;-0.01940012;-0.18233551;0.00884578;0.15923648;-0.01360098;-0.0542791;-0.02557673;0.01576955;-0.01870478;-0.09735915;0.00324659;0.10192942;-0.00614451;-0.10297735;0.09957321;0.01862911;-0.05126499;0.20314221;0.25147087;-0.062601;0.00421468;0.0910758
1059	-2.58851890e-02;-1.22959283e-01;-4.74743458e-02;-1.40188217e-02;-3.07972564e-02;8.25712111e-02;-5.78730375e-02;-3.91750894e-02;1.61726129e-01;-7.41261475e-02;-1.01212408e-01;8.00965191e-02;-7.62919263e-05;2.55570150e-02;-3.70612081e-02;4.14604384e-02;-1.52619049e-01;-3.34777146e-02;1.26005950e-02;-1.32735278e-01;-4.86618897e-02;-1.09618290e-02;-5.24283651e-02;5.52581397e-02;-7.91944261e-02
311	-0.02933905;-0.10627934;-0.22611155;-0.03415176;-0.26256494;0.00799183;0.22734664;-0.10344138;-0.11034008;-0.03575397;-0.06597655;-0.09913954;-0.05915741;-0.13267257;-0.06270719;-0.20341013;0.2684835;-0.08681255;0.15116144;-0.07034875;0.05867465;-0.11695834;0.12752075;0.35843337;-0.10822157
500	0.34238355;0.08041967;-0.12520019;-0.01367785;0.00936397;-0.16686272;0.17593559;-0.08389805;-0.01057556;0.01215487;-0.02333791;0.00683639;0.02194908;0.01910891;0.0123932;0.00068878;0.00869572;-0.08057451;-0.07548992;0.01932707;-0.04351068;-0.04790338;-0.02480605;0.01662213;-0.0402027
251	-0.0089497;-0.19185776;-0.31448646;0.06264884;-0.06241559;-0.03068869;0.27629091;-0.14875311;0.21608273;-0.02475406;0.28288354;0.16286772;0.24626718;-0.16604373;0.12205093;-0.05436687;-0.05487579;-0.01702318;-0.07910161;-0.02305353;-0.03096379;0.07614154;0.0145898;0.01258622;-0.01365118
995	-0.1317367;0.01978725;-0.04504612;-0.01594342;-0.00822311;0.00632598;-0.1944555;-0.00538978;-0.17961982;-0.14123239;0.11808613;0.36143197;-0.02757943;-0.15633386;-0.0322368;-0.15678255;-0.06413479;-0.04348931;-0.06178938;0.07853348;0.10562424;0.04199863;-0.00118634;-0.0275423;0.09898056
733	-1.72482992e-01;9.96585574e-02;2.32878968e-01;1.82499125e-01;-4.73865585e-02;-6.66366654e-02;5.14504781e-02;1.17361149e-01;2.01964792e-01;5.98374518e-02;-6.09897029e-02;4.49020092e-02;-3.45487841e-02;6.70663560e-04;7.45018707e-02;5.57475965e-02;6.94088539e-02;6.95124325e-02;-5.17335160e-02;-9.39185755e-02;-7.75075142e-02;-6.13058642e-03;3.52197987e-02;2.34229559e-02;9.61892918e-05
367	-0.01126616;-0.1147531;-0.04677762;-0.03518523;-0.01506184;0.03243996;-0.08642534;0.01730096;-0.03405936;-0.07222557;0.02239161;-0.03831087;-0.06052577;0.00580312;-0.05272835;-0.06820418;-0.17032572;0.04720704;0.06199433;-0.15455228;0.04017004;-0.01726212;-0.13448899;0.02664667;-0.09365646
824	-0.04937613;-0.06791701;-0.01824827;-0.05944683;-0.00039758;-0.00225961;-0.14188515;0.01517056;-0.11361371;-0.06001417;-0.05400586;0.1654157;-0.11626988;0.01007316;0.25810821;0.0874813;0.08639044;0.17135347;-0.08535024;-0.20938953;-0.23709275;-0.05214897;0.08650364;0.06822231;0.04358069
1070	-0.05465111;-0.08716352;0.10834619;-0.08523993;-0.05648793;-0.02323974;-0.08126931;0.00833899;-0.07339262;-0.19404028;-0.20461581;-0.23414073;0.41939823;0.21350514;0.01761882;-0.33813515;-0.07189887;0.23160059;-0.190315;0.03083641;-0.0517789;-0.05341988;0.06190521;0.03993587;0.10350132
903	0.28383708;0.07090266;-0.06736016;-0.04538362;-0.00917886;-0.01358651;-0.086509;0.00383851;0.05310326;-0.00096465;0.02824027;-0.02005668;-0.01485975;0.02047399;0.01393216;0.00370184;0.03793693;0.07856632;0.02038835;0.04520976;-0.04253968;-0.00509085;0.00985385;-0.01995213;0.0057098
417	-0.0344108;-0.18629688;-0.1580943;0.00933541;0.09966777;-0.02483862;-0.03686757;-0.08563946;0.21179034;-0.05035926;0.13916354;0.04597471;0.04979284;-0.04399698;-0.05887219;0.20878635;0.11217962;0.33005362;-0.18042428;0.02879321;-0.08479239;-0.00499505;-0.11277742;0.04175894;0.01099474
770	-0.39231572;0.52843384;0.06123457;0.02751959;0.07552523;0.00455586;0.05648963;-0.04405499;0.06006813;0.02339109;0.10736397;0.00122221;0.14653601;-0.00631413;-0.03202294;-0.10597888;-0.05690316;0.07906609;-0.06382037;0.04203221;0.02922235;0.06107865;0.03860364;0.05188478;0.01614269
800	-0.0284683;-0.12356193;-0.06238478;-0.01011924;0.03263379;0.02261489;-0.0650765;0.0018129;0.06266216;0.01486011;-0.04446738;-0.02522326;-0.1109057;0.01903188;0.0388789;-0.00817141;-0.00447373;0.12505126;0.08661553;0.11189932;0.05016386;0.04435505;0.07915798;0.02869779;0.12210873
312	-0.01916128;-0.15096207;0.10755758;0.1928781;-0.03138057;0.12079178;-0.02336924;-0.0392462;0.27811632;-0.04519024;-0.15238953;0.05895168;0.04742442;-0.00625887;0.08146652;-0.00306623;0.04250843;0.00370745;-0.02546359;-0.02155655;-0.01019217;0.00468038;-0.01418932;0.01311839;-0.02572554
957	-0.01422369;-0.09933984;-0.01442948;-0.02266933;0.01753919;0.02408802;-0.0688873;-0.01513973;-0.01915462;-0.02124025;0.03730901;-0.01331905;-0.05559872;-0.01586965;-0.04101327;0.01109338;-0.06068497;0.01417004;0.03087456;0.0526961;-0.0577247;-0.02458836;0.02631141;-0.04169707;-0.0625425
936	-0.15437685;0.10279621;-0.03399348;-0.01532509;-0.00789173;-0.00190995;-0.07631676;0.00161565;-0.05678247;-0.01637886;-0.03094581;-0.08496945;0.02364237;-0.01409845;0.05140897;0.03508655;-0.01670979;-0.06374806;-0.0301444;0.02869499;-0.00532102;0.08945264;-0.02288213;-0.00266977;-0.12273127
721	-0.03882848;-0.12217592;-0.03635182;-0.05542003;0.07217209;-0.01356131;0.07712911;0.52638926;-0.03404039;0.01775788;0.01450869;-0.05145706;0.03577906;-0.01488578;-0.00854347;0.0564803;-0.01140025;-0.09214059;0.01560778;-0.05470032;-0.06672678;0.00385835;-0.13091252;0.03972602;-0.05088387
291	-0.0045541;-0.10147666;-0.01926931;-0.03284131;0.20518178;0.27888718;0.16496431;0.18377258;0.22481788;0.03106274;-0.14115149;0.08279943;-0.03822599;0.02987606;0.06343591;0.00195229;0.02111675;0.06032315;0.06451176;-0.09028057;0.14795749;0.19032645;-0.10429179;0.06961774;0.1324917
370	-0.01177543;-0.12645955;-0.07812131;-0.02593726;-0.01594797;0.02611798;-0.08115237;0.01461697;0.00263737;-0.02208313;0.05185857;-0.056119;-0.11678975;0.06716173;-0.14315736;0.04653043;-0.01078645;0.28245108;-0.01084724;0.04970309;0.17715369;-0.0245063;-0.12724236;-0.02337503;-0.09727548
387	-0.00652581;-0.1017292;-0.17407632;0.00431852;-0.19321607;0.02556869;0.19461002;-0.04231524;-0.06408281;0.00987488;-0.01092838;0.02816587;-0.04238768;0.01050562;0.07695127;-0.01816825;-0.04682758;0.02866911;0.03063472;0.02472246;-0.02523869;-0.01303194;0.01380207;-0.02883734;-0.05960132
470	-0.02004194;-0.10123075;-0.04937445;-0.02271664;-0.00387146;0.02765961;-0.05053072;-0.01335286;-0.00138762;0.004104;0.04731644;-0.04189494;-0.03920398;0.01845108;0.04073936;-0.06386969;0.02050754;0.05012163;0.03936753;0.03323327;0.00931944;-0.00450617;0.03010537;-0.064857;-0.02328611
218	-0.01964528;-0.11443102;-0.0134742;-0.01632909;-0.03074178;0.03957707;-0.10024869;0.00545588;0.03818278;0.00121657;-0.06103352;0.02433854;-0.18438542;-0.02978074;-0.04879252;-0.07171245;-0.18040469;-0.04806073;0.06631044;0.20472866;-0.1830316;0.00663106;-0.06426329;0.16878255;0.18024476
271	-0.07498384;-0.03607441;-0.04541583;-0.02485655;0.0807146;-0.06881688;-0.10722344;-0.01650647;-0.18560866;-0.04859831;-0.03675656;0.29164369;-0.01362041;0.06136614;0.03265186;-0.06627202;0.05629868;0.00925592;0.05348526;-0.00113199;-0.03623988;0.02032681;0.02533299;0.01981801;-0.05244259
348	-0.04749131;-0.12800988;-0.01542237;-0.04732567;-0.00794003;0.0655698;-0.14329317;-0.02787067;-0.14901679;-0.03699425;0.16496237;0.28094886;-0.07995475;0.38445268;0.00701876;-0.0734238;0.10320866;-0.16376131;-0.06454556;-0.05321951;-0.01824806;-0.01453893;-0.04067798;0.09001499;0.02485675
152	-0.01006307;-0.1340651;-0.19566207;-0.00858684;-0.20026042;0.02953849;0.17138767;-0.08220522;-0.06865907;-0.03375771;0.05110655;-0.01126354;-0.0369986;0.03550322;-0.13539764;0.17857843;0.04467929;0.20857118;-0.0727578;0.14921214;0.02580012;-0.05117998;0.01237551;-0.05762469;-0.03595201
964	-0.40053213;0.49640935;-0.12307241;0.18793124;-0.00558836;0.06623475;-0.04728043;-0.03684198;0.26905272;-0.04999815;-0.13702599;0.03762235;-0.05253021;-0.10682549;-0.19022501;-0.07409007;0.12659794;-0.12267333;-0.00676778;-0.11963647;0.00349702;0.02124796;-0.02462162;-0.090828;0.00128225
802	-0.13830535;0.10881239;-0.15221928;0.07036973;-0.10735542;0.03152001;0.11118233;-0.04140456;0.05730949;0.00229248;-0.01856568;0.03866975;-0.02336336;0.02768675;0.01731138;-0.00728911;-0.03133212;0.02885754;0.01541004;0.01543113;0.00921522;-0.01042448;0.00674521;-0.02370464;-0.04478646
1082	-0.19251432;0.35790427;0.07438862;0.01662125;0.30760855;0.37517461;0.20152294;-0.08318422;-0.07862924;0.08771226;0.02153674;0.0077556;-0.03125417;-0.00210377;-0.01041425;-0.02780228;-0.01738048;0.05856576;0.0020569;0.02771438;-0.00576663;-0.04423717;0.03106685;-0.00383653;-0.00805586
287	-0.20671336;0.42657676;0.12967041;-0.00821029;0.41462617;0.49601089;0.28181157;-0.10442639;-0.1182605;0.0846114;0.01027459;0.01551111;-0.01825584;-0.01987232;-0.02491994;-0.01546296;-0.05659804;0.0440179;0.00389792;0.0269873;-0.03149338;-0.04325773;0.06574551;-0.00651517;-0.02674782
682	0.0920818;-0.04825686;-0.17873527;-0.07665524;-0.16619293;0.04171107;0.04813411;-0.0610195;-0.06565839;-0.11723274;0.03659328;-0.08869708;0.13368838;0.12088575;-0.36929324;0.43104815;0.16549227;0.04948158;0.01453467;0.0302917;-0.03190302;0.06467232;0.28438891;-0.01644203;0.07149639
108	-0.10337504;0.02944512;-0.16151163;0.12335706;0.38519655;-0.30906379;0.10079223;-0.18111838;0.0240314;0.06348972;-0.02189821;-0.00659716;-0.00798292;0.0104012;-0.01496132;-0.02313232;0.02646119;-0.00451113;-0.00066547;-0.00063763;0.01404941;-0.01659986;-0.01031805;-0.00939803;0.04905458
3	-0.04195633;-0.13520438;-0.10179335;-0.00663506;-0.03473488;0.14130661;-0.0474403;-0.04397413;0.35604219;-0.11227054;-0.20666912;0.09325183;0.08200598;0.10550496;-0.01718982;0.14991796;0.00570918;-0.06269766;0.02915249;-0.0517558;-0.01740117;0.0433652;0.13584146;-0.00063366;0.01072468
297	-0.04229304;-0.14668094;-0.12462819;-0.01932328;0.01805228;0.0204172;-0.04777923;-0.03400454;0.12161871;-0.01515219;0.40311352;0.03074218;0.1861609;-0.18038506;0.11019856;-0.11008664;-0.05463536;0.02470564;-0.01011072;0.02317572;-0.0358797;0.0690449;0.05815399;-0.02835756;-0.04525589
74	-0.14613695;0.12045481;-0.07451157;0.02326579;-0.03266718;-0.00453643;-0.06428704;0.00573334;-0.02013129;0.00287068;-0.00530488;-0.07488074;-0.11996946;-0.02059179;0.05273208;-0.05594069;0.09522279;0.06100774;0.06592038;0.01942929;-0.0895081;0.0376294;0.10582695;-0.00886093;-0.03596936
338	0.36725271;0.13565809;-0.03524841;-0.05764244;-0.02956898;-0.00496443;-0.10106668;0.03012525;0.01761035;-0.00582753;0.01670634;-0.04019782;-0.00507763;0.0144248;0.05529963;0.0186214;0.04696251;-0.03512905;0.0148952;0.04356083;-0.04216583;-0.00403854;-0.03327004;0.00320897;-0.04048701
21	0.03551043;-0.21043962;-0.20633963;0.09528937;0.53901449;-0.51405691;0.15522527;-0.27931757;0.0098903;0.0530444;-0.07856205;-0.01997386;0.00917416;0.03962699;-0.02128891;0.00571974;-0.01271758;-0.04791567;-0.02149634;0.02602786;0.03273026;-0.02237638;0.02048563;-0.0132739;0.05846867
917	-0.01579166;-0.16003373;-0.07694929;0.01179411;0.12080159;-0.11185811;-0.02485082;-0.08028236;0.02335241;-0.02693398;-0.03898136;-0.03060611;-0.11647162;-0.0319714;-0.04674498;-0.05201774;-0.13962718;0.00801882;0.06374458;0.19515;-0.06933983;0.04511774;0.04309993;0.04076192;0.19574715
882	-0.03464168;-0.09061219;-0.04736566;-0.04442948;-0.01374759;0.02301015;-0.07559833;-0.01127859;-0.01353711;-0.00106747;0.0042908;-0.03681292;-0.06572687;0.03141334;0.06702792;-0.01356781;0.03326243;0.02021211;0.04378688;0.0524274;-0.00846885;0.0160003;0.03500356;-0.03764968;-0.05380204
599	-0.02734058;-0.10006317;-0.04935435;-0.05149534;-0.01549168;0.02052367;-0.06788103;-0.02851503;-0.03893393;-0.06447905;0.00034132;-0.0255515;-0.03297531;-0.02692791;-0.0099831;0.00823756;-0.12443233;0.04819594;0.08117722;-0.07184954;-0.03604281;-0.02216405;-0.01552661;-0.00618383;0.00263832
158	-0.06284496;-0.15083176;-0.07949733;-0.04751839;0.02390885;0.0753908;-0.12052256;-0.06375653;0.0922641;-0.04735767;0.5710512;0.03451555;0.07535819;0.17906672;-0.00794992;-0.06147211;-0.07170772;-0.17976317;-0.07855265;-0.12883467;-0.09090248;0.03382737;-0.0500281;0.17304096;-0.05256219
293	-0.31163106;0.40389062;0.21229644;-0.17892397;-0.06068265;-0.17183888;0.06385584;0.05724272;0.09622686;-0.0613356;-0.05945541;-0.08288858;0.2422077;0.01796283;0.01803346;-0.03271076;0.01803802;-0.02420087;-0.02441435;0.06864289;0.07540767;0.00967817;-0.09498044;0.0307985;0.02007606
170	-0.01948417;-0.1776173;0.1320922;0.11981962;-0.02353892;0.07530913;-0.09441254;-0.06762471;0.01763946;0.04616086;0.35621421;-0.06614627;-0.1790089;0.5266275;0.00610818;-0.03404037;0.02988212;-0.28792832;-0.10938674;-0.12552142;-0.03201275;-0.08657017;-0.09873684;0.16655946;-0.03009827
1066	0.41600541;0.1459273;-0.05170363;-0.04976337;0.16292619;0.00097756;0.03535871;-0.06945808;-0.01905929;-0.00846638;-0.01045032;-0.07354564;-0.01596027;-0.05522711;-0.08765991;-0.08527654;0.06603154;-0.01773606;0.00850014;-0.05278395;-0.00767155;-0.01763668;-0.00174775;-0.02519144;-0.01669545
520	-0.05586315;-0.05399958;-0.03815057;-0.02713063;-0.00774136;0.0131312;-0.10663691;0.00575068;0.03657163;-0.02948732;-0.03322802;0.003507;-0.06141467;0.00387468;0.00778138;-0.03702633;-0.05209633;0.01549554;0.07284587;-0.02912103;0.01465055;-0.02459492;-0.00935477;-0.29085545;-0.10980517
971	-0.22935406;0.28272857;-0.06313194;0.08724131;0.00882578;-0.003616;-0.05304447;-0.00526749;0.01624096;0.04376851;0.01913425;-0.01326752;-0.03884332;0.04889157;-0.00032736;-0.02682936;-0.00608879;0.05669178;0.04825527;0.00578993;0.00864935;-0.01617011;0.02706603;-0.07574766;-0.01049333
255	-0.11136352;0.0512561;-0.07040659;0.01120716;-0.01222593;0.01580893;-0.03729305;-0.01123933;-0.00302352;0.01847823;0.00987696;-0.02282558;-0.05481714;0.0247486;0.03117952;-0.01872997;0.01116001;0.04944306;0.04417822;0.04659534;-0.0092246;-0.00174693;0.03016068;-0.02564485;-0.0323897
511	-0.09882606;-0.04213048;0.19738238;-0.33257442;-0.11293422;-0.11651479;-0.00547163;-0.03610497;0.00482627;-0.16580654;-0.20841766;-0.2410784;0.43008131;0.20602316;0.00823231;-0.40611041;-0.04162629;0.24593065;-0.12250603;0.03467667;0.02256272;-0.12676889;0.06174712;0.23660268;0.0292164
463	-0.09278616;0.03800282;-0.37905649;0.03934763;-0.46306909;0.05516739;0.43082968;-0.12953005;-0.16804288;0.30378859;-0.08665849;0.01031147;0.04169982;-0.08907599;-0.07411506;-0.06183787;0.10205204;-0.12994872;-0.11922156;-0.10752415;-0.0461874;-0.03610632;-0.03124403;0.01811977;0.05225647
254	-0.22014371;0.14466964;0.49097883;-0.49855957;-0.18688211;-0.31850342;0.18054019;-0.11193922;0.18914456;0.08760956;0.07297365;0.09879885;-0.10268873;-0.08791987;-0.11316553;-0.00514049;0.04063201;-0.01793333;0.12019947;0.00075057;-0.07733724;0.06809217;-0.07372719;0.0106856;0.01887659
234	4.16445341e-02;-2.08855734e-01;-2.11246201e-01;1.06478498e-01;5.98672332e-01;-5.67658408e-01;1.70937872e-01;-2.88814974e-01;3.66651145e-04;7.51344623e-02;-8.86182544e-02;-1.63957018e-02;1.90127251e-02;4.28695518e-02;-1.54653089e-02;3.84405068e-04;1.18496561e-02;-6.97785668e-02;-4.57926405e-02;1.66269337e-03;1.54279361e-02;-2.68639197e-02;-1.90175848e-02;-5.67571404e-03;2.90055267e-02
797	-2.28325410e-01;1.71733039e-01;-1.49826612e-01;7.95370436e-02;-3.38061469e-04;-4.40013087e-02;1.67740513e-01;3.72420897e-01;5.31564663e-02;4.12844096e-02;1.77836927e-01;-4.14889436e-02;6.53787908e-02;-1.48559884e-01;-4.61087266e-02;-1.39268076e-01;2.36064787e-02;-7.55857767e-02;-2.01716060e-02;1.12258056e-01;-4.93732050e-02;6.68771810e-02;1.24438622e-03;5.29259844e-02;8.54788696e-02
290	-0.01251294;-0.23217438;-0.23453538;0.04307618;0.29498525;-0.22909686;0.00874764;-0.2145586;0.13474284;-0.00096472;0.48139283;0.05161738;0.2646767;-0.15500564;-0.20539589;0.16288045;0.08642437;0.26098945;-0.21779323;0.1551706;0.01164514;0.01636965;-0.08571654;0.03391017;-0.0204809
792	-0.0062572;-0.12626344;0.20366743;0.12825182;-0.0870322;-0.01314702;-0.07561161;-0.03665017;-0.07753341;-0.0823838;0.00473988;-0.05207403;-0.19175309;-0.20078818;0.05058977;0.11546839;-0.16166772;-0.12276727;-0.33596981;-0.00990148;0.33790041;-0.1298161;0.18624387;0.08216952;0.08180491
339	-0.0076844;-0.18890694;0.07943808;0.13102668;-0.1166791;0.07763027;-0.14273633;-0.03952719;-0.02555538;0.45573431;-0.11059394;0.00474422;0.10286449;0.01988374;0.00868883;-0.00266598;-0.03211006;-0.03474952;-0.0448696;-0.05662944;0.0240585;0.01248367;0.00333159;-0.03165914;0.03568322
884	-0.02648186;-0.18982412;0.14524539;0.1279001;-0.0731044;0.08672632;-0.11346623;-0.06602498;0.03526316;0.01930789;0.34645294;-0.06396102;-0.26780328;0.55977037;-0.04672345;-0.14165631;-0.06268485;-0.34862394;-0.11817251;0.0797478;-0.15669984;-0.07672895;-0.09820476;0.09974835;0.21207761
1064	0.01317879;-0.11458018;-0.0586948;-0.02502542;0.01172637;0.07318974;-0.00582958;0.005456;0.01325442;0.01049069;0.00690853;-0.06985701;-0.09236957;0.0846063;0.0911159;0.00208959;-0.01354307;0.2192463;0.1549246;-0.14248444;0.24016187;0.44684881;-0.17490679;0.04618143;0.16907152
746	1.29676692e-01;1.92441746e-02;2.77259312e-02;-8.66745283e-02;9.45750411e-02;1.40228088e-01;7.57186618e-05;-2.71273370e-02;-5.92585119e-02;-4.04886847e-02;-1.05436544e-02;-1.30228688e-03;-5.36909822e-02;-4.38531874e-02;-4.33068287e-02;1.08045109e-02;-1.46920668e-01;1.05530090e-02;8.07879814e-02;-5.64380595e-02;-3.98381991e-02;-1.50387152e-02;7.57563853e-02;-3.51735772e-02;-9.86889842e-02
946	-0.14505934;0.04240789;0.02248301;-0.07588915;-0.01322947;-0.01554236;-0.01911234;0.0893124;-0.02076586;-0.05180189;0.05722398;-0.10354554;0.25738225;-0.0182617;0.15522443;0.33687731;0.08703363;-0.12541144;0.47743591;0.01073506;0.17653539;-0.40018751;-0.19982382;-0.06117409;0.36926499
148	6.59279084e-02;-2.12997595e-01;8.87087178e-02;4.89492935e-01;-4.77803597e-01;-7.63185104e-04;5.23757336e-01;-1.19697768e-01;-1.65623911e-01;5.07767128e-02;-3.38950666e-03;4.74678639e-02;7.67234038e-02;1.44447852e-04;9.65460046e-02;3.87507907e-03;-3.49224055e-03;-1.99385138e-02;-4.40738943e-02;1.06925527e-03;-4.86940391e-02;-7.14551723e-03;3.66501640e-02;-3.60760352e-03;-2.15312539e-02
427	-0.03031856;-0.13114674;-0.07634109;-0.06369485;-0.03302086;0.04863693;-0.08917653;-0.05197306;-0.08924735;-0.13004962;0.05630764;0.01419771;0.01268902;0.00307326;-0.34980385;0.33193702;-0.10328231;0.25926292;-0.06124711;-0.04915633;-0.05001773;-0.06290333;-0.20819386;0.0468221;-0.12013663
582	-1.36600203e-01;4.49710954e-02;-5.98863628e-02;6.28321674e-05;-1.32196002e-02;5.60302231e-02;-1.02277205e-01;-2.67104472e-02;-1.16241836e-02;2.26679611e-02;8.43981674e-02;-9.36314950e-02;-8.73672785e-02;2.15655425e-01;5.94702308e-02;2.90091847e-02;1.01494814e-01;-1.97066689e-01;-8.47219593e-02;1.87327156e-02;-3.68190582e-02;2.02843196e-02;-1.49198575e-01;6.00837472e-02;-1.34735922e-01
1024	-0.31136056;0.34459858;0.1847304;-0.14403364;-0.02090982;-0.19606902;0.11033814;0.13684912;0.14477173;0.10915029;0.04524613;0.07920618;-0.08750256;0.02280749;0.0528685;0.08186051;0.07929296;0.13290956;-0.00851433;-0.06981511;-0.10644411;0.01806014;0.02190204;0.02416959;0.01282755
614	-0.02966162;-0.15154323;-0.1019015;-0.04030792;-0.05732752;0.05022794;-0.08352887;-0.05868474;-0.01929613;-0.03320188;0.142378;-0.02803927;-0.01083266;0.06925671;-0.44037708;0.41630711;0.17529702;0.49298502;-0.23579883;0.27235941;0.04991332;-0.11686185;-0.20193634;0.00697612;-0.09035443
347	-0.02003947;-0.12415657;-0.07931863;-0.01970568;0.10601093;-0.09588965;-0.02202296;0.06644597;0.00719572;0.01458801;-0.00777044;-0.02067279;-0.09282802;-0.03653632;-0.01068722;-0.05089219;-0.06724162;0.01121343;0.05124435;0.17706141;-0.14480959;0.01106417;-0.04500965;0.04850998;0.12704882
372	0.14413768;0.04987567;0.04540738;0.0562464;0.13646367;-0.03820468;0.05988189;0.16406251;-0.06947845;-0.00703664;0.01769876;0.00282026;-0.01897398;-0.03764104;-0.11120156;0.13260511;-0.11219177;0.06753862;-0.06420112;-0.06956886;0.10072709;0.06909757;-0.04167231;-0.02040965;-0.00770981
565	0.2036852;-0.0572804;0.08597832;0.20597262;-0.14625377;-0.12646213;0.15676873;-0.09856737;-0.14025622;-0.09665408;-0.07800866;0.00564397;0.1113241;-0.03306449;-0.07847479;-0.02518886;-0.22983283;-0.03497389;-0.02746714;-0.06229762;-0.16718308;0.00353886;-0.04707198;0.09036352;0.02872185
273	-0.0210219;-0.11927253;-0.05138186;-0.01687127;-0.0162875;0.02464093;-0.09902919;0.00638074;0.03946646;-0.01406419;-0.00339864;-0.06350433;-0.11843304;0.0895335;0.01715667;-0.04977084;0.00649517;0.04503899;0.03473079;0.03039467;0.02590609;-0.0318624;0.11110016;-0.18848105;0.09020609
114	-2.82762426e-02;-2.24222918e-01;1.06320708e-01;1.79621264e-01;-4.39355510e-02;7.32017941e-02;-9.53339219e-02;-6.00894940e-02;1.39512034e-01;1.43496332e-02;5.82807437e-01;-1.00929169e-02;5.53518457e-02;2.59252451e-01;7.49490554e-02;-1.90321851e-01;-1.08770593e-02;-2.03917267e-01;-1.29014268e-01;3.46110701e-04;-4.44429261e-02;-4.25190871e-02;3.26667378e-02;-8.73724017e-02;9.40795683e-02
259	-0.17107213;0.05408291;-0.12957452;0.0466277;0.04115922;0.03260745;-0.12086225;-0.04157797;0.19545179;-0.02141912;0.47551948;0.08487088;0.23593553;-0.24133468;0.09212729;-0.116169;-0.05759062;0.03823077;-0.0353008;-0.00232925;0.00854028;0.09873829;0.04840552;-0.09845493;-0.04838547
501	-0.04515491;-0.14323808;-0.11940606;-0.02049797;0.04295924;0.06791846;-0.08561079;-0.03844955;0.14573283;-0.02290323;0.53291412;0.06770894;0.24378114;-0.24300409;0.06591372;-0.10333061;-0.02166124;0.04984616;-0.02329451;0.03343829;-0.05056163;0.09313644;0.0650074;-0.02936386;0.01426585
1071	-0.03031344;-0.13168379;-0.0778013;-0.02199791;0.0017608;0.01682079;0.01285261;0.18731203;0.01353072;0.01238355;0.01691123;-0.08150454;-0.09415397;-0.0829325;-0.13223116;-0.1433893;0.09729913;0.02561452;0.07413174;0.03034444;-0.073218;-0.07604348;-0.06661531;-0.21384077;-0.04099667
405	-0.01857333;-0.06893104;-0.00124521;-0.06656515;0.38263643;0.01800153;0.15115;-0.12816146;-0.07838414;0.00648581;-0.04392855;-0.05841037;0.01398657;-0.029939;0.04753521;0.00102858;-0.009404;-0.04318819;-0.0221745;0.11415837;0.04630009;0.0680862;0.07418716;-0.00341965;-0.05997831
527	-0.0871186;0.15645444;0.54667414;-0.52771439;-0.07817774;-0.17790635;0.20905039;-0.08926434;0.08703152;-0.04755727;-0.07156926;-0.04287659;0.18922365;0.03569967;-0.0486946;-0.16442844;-0.04942896;0.08556045;-0.15954556;0.02161984;0.01144805;0.05882586;0.03916952;0.02792083;-0.01649777
890	-0.01448021;-0.12756382;-0.12504919;-0.01379286;0.02464145;-0.08034001;0.10721422;-0.09022082;-0.04432711;0.03118112;0.08819549;0.02582288;-0.10246295;0.20733041;0.05536235;-0.02577939;0.03443585;-0.09498368;-0.00033322;-0.03030893;-0.05708876;-0.0220486;0.00405906;0.06284876;-0.03876052
282	-0.07706219;-0.10159681;0.16371447;-0.20813537;-0.06157615;-0.02162675;-0.00815338;-0.08436313;0.08831029;0.05532287;0.35104846;0.00705439;-0.20502339;0.51801947;-0.01370543;-0.03034048;0.07082539;-0.26013565;-0.09135375;-0.07833959;-0.05528029;-0.03401432;-0.09794657;0.14004888;-0.03346002
492	0.34369283;0.13141951;0.07843538;-0.12680964;0.27578315;0.351853;0.18138645;0.06225506;-0.07035175;0.0548111;0.0237182;-0.01451202;-0.08251404;0.02595684;0.05085412;0.11061822;0.05342509;0.23253004;-0.01256029;-0.04868008;0.035125;0.14907086;-0.06175859;0.04921419;0.10134821
857	-0.09042971;0.03070368;-0.10281191;-0.01531662;-0.05363455;0.0203847;-0.06362822;-0.0458859;-0.01993645;-0.00158352;-0.03882408;-0.1403725;-0.05419177;-0.04481711;-0.03800208;-0.28024453;0.1888808;0.05720579;0.22756087;-0.05418969;0.25474727;-0.22055845;0.08751856;0.48312818;-0.24840428
301	-0.02312993;-0.13510109;0.09439169;0.09690371;-0.01682889;0.01308265;-0.04185217;0.03814903;-0.0366998;-0.01631924;-0.0352237;-0.02082823;-0.07350454;-0.04060149;0.00568892;-0.02730538;-0.02792091;0.02575679;0.02737533;0.06213088;0.00043167;0.03383639;0.09237672;-0.09734394;0.01551956
827	-0.03770991;-0.08904685;-0.05305343;-0.06236429;0.00857795;0.00393074;-0.04390133;0.06423396;-0.03556512;-0.01092751;0.00201271;-0.01789526;-0.06218683;0.01962232;0.03829603;0.03660362;0.05636627;0.01805339;0.05571088;-0.09814691;-0.09953347;0.00398017;0.06697818;0.00467445;-0.01391035
400	-0.12742124;-0.01078716;0.06200927;0.22931502;0.04636385;0.02667689;0.09208836;0.4597568;0.27138335;0.07061076;-0.11541847;0.10376771;0.04663962;0.01754543;-0.0295504;0.02165596;0.02515871;-0.05627568;-0.01654504;-0.02166104;0.02101564;-0.02399257;-0.04319435;0.0476669;0.02101434
677	-0.20638027;0.16077178;0.0235982;0.1872301;-0.01590951;0.03083035;-0.07407874;0.00897384;0.12077122;-0.02143057;-0.1029655;0.05695258;-0.09777829;-0.02723908;-0.0509156;-0.02976225;-0.10325222;-0.00489476;0.03039155;0.13633723;-0.01330392;0.08150168;0.03301174;0.01107216;0.10805574
56	0.00352923;-0.19724016;-0.12934061;0.05601295;0.26093608;-0.19058384;0.14969215;0.18408144;0.14871947;0.02042325;-0.12958142;0.024645;-0.02074942;0.01177334;-0.03612746;-0.02585731;-0.00767807;0.01203749;0.03514647;-0.02955775;0.06229182;0.12725483;-0.06830294;0.01901988;0.09453476
534	-1.12720919e-01;2.71147352e-02;3.80344766e-02;1.66838207e-01;-5.55969320e-02;7.35839577e-03;-4.03216716e-02;-5.92686795e-02;-3.18491438e-02;7.73270024e-03;-2.87892807e-02;-1.18611653e-01;-4.68506308e-02;-9.80299003e-02;-8.49333845e-02;-1.44439282e-01;2.05350366e-01;5.73706101e-05;1.16788112e-01;-7.14618556e-02;1.18900501e-01;-4.89106050e-02;8.11488178e-02;2.04232955e-01;-8.19626030e-02
804	-0.01248858;-0.13153906;-0.17771536;0.00148372;-0.1928462;0.04380465;0.16278678;-0.06642399;-0.06451599;-0.01107042;0.07590945;0.01185108;-0.01484964;0.03406413;-0.12036897;0.1568646;0.05544758;0.21892129;-0.08642056;0.12131268;0.01794291;-0.06470366;-0.05483561;-0.01562141;-0.08804392
167	0.59634926;0.24217572;-0.09312518;-0.07170638;-0.10531673;-0.01785666;-0.12289657;-0.01739261;0.02205799;-0.06632225;0.06794345;-0.1013419;-0.0202919;-0.10102119;-0.38685211;0.12424676;0.33659544;0.11679749;-0.1317823;0.02924403;-0.02183518;-0.04659687;-0.08369089;0.01573927;0.01630636
505	-0.01649773;-0.11823731;0.13877795;0.02986902;0.07462673;0.10720443;-0.13034618;0.00653985;-0.31262092;-0.08079943;-0.08779515;0.54919926;0.03602449;0.03352749;-0.00734524;-0.12257849;0.14590778;0.02437126;-0.00833785;0.04212732;0.04570716;0.02949544;0.03176058;0.01110957;0.06949045
570	-0.00576508;-0.08628007;-0.02123889;-0.07049651;0.12129337;0.14557101;0.08362128;0.13393093;-0.02531502;0.01454307;-0.0088919;-0.09303835;-0.06751809;-0.03146237;-0.04841901;-0.04832536;0.10124201;0.04793263;0.07379907;-0.08729981;0.07079629;0.17393849;-0.03932051;0.06032878;0.0999416
887	-0.02658815;-0.10517329;-0.09691587;-0.02960162;0.00249438;-0.02757967;0.02514591;0.03039964;-0.00224782;0.01518169;-0.00441768;-0.01095774;-0.03850774;0.01799661;0.02810916;-0.01224998;-0.00508301;0.01855721;-0.0017396;0.03182641;0.0134622;-0.05871187;-0.04647184;-0.04245466;-0.03080507
203	5.15772858e-05;-1.27056830e-01;-9.33587944e-02;3.34139885e-03;1.70996190e-01;-1.43691594e-01;7.06660045e-03;-1.04347868e-01;-8.17799482e-03;2.29137246e-02;-3.27935249e-02;-3.55226264e-02;-4.45033536e-02;2.43116947e-02;3.42202274e-02;3.05244961e-03;1.02317808e-02;-3.27569030e-03;6.26029664e-02;3.83112993e-02;-2.51575475e-02;3.52405346e-02;3.76337349e-02;-1.37039970e-01;-1.00421359e-01
265	-0.03122313;-0.09747758;-0.04823977;-0.03943828;-0.00405047;0.02477658;-0.07963427;0.0057953;0.00404056;-0.00434475;-0.00400792;-0.04842095;-0.06190535;-0.00064698;0.0422135;-0.02120924;0.01660526;0.04480559;0.05088107;0.04617672;-0.00047226;-0.0013227;0.06868601;-0.02952211;-0.06007239
925	1.65167658e-03;-1.38680949e-01;-1.21617334e-01;2.52494772e-02;2.56484867e-01;-2.35190729e-01;4.46147589e-02;-1.31892594e-01;-4.03610921e-03;4.04777877e-02;-3.67189448e-02;-2.29849022e-02;-2.13712194e-02;3.29629983e-02;2.88577683e-02;-5.34704934e-03;1.52859041e-02;-3.78269426e-04;5.28295771e-03;2.19265397e-04;9.95307290e-03;6.26410826e-03;-6.57269271e-03;-1.38794142e-02;9.20462765e-03
518	-0.26778695;0.29313811;-0.0659834;0.10231592;0.00423341;0.01013783;-0.06156935;-0.01586825;0.04198267;0.02540887;0.12803255;0.01979908;-0.0984257;0.21275612;-0.06281138;-0.03105614;-0.01482407;-0.07068395;-0.02279865;-0.0200487;0.01682297;-0.03240164;-0.06299619;-0.02445491;-0.04844003
180	-0.09178221;0.00066579;-0.04474556;-0.02043344;-0.01146729;-0.00059123;-0.05951198;0.00759281;-0.00935555;-0.01329288;-0.00695511;-0.0367649;-0.04448034;0.00739439;0.03767907;-0.01824741;-0.04061184;0.02279288;0.02175385;0.08278029;0.05071163;0.04195654;0.05066309;-0.03555207;-0.02621409
1079	-0.04098272;-0.15227774;-0.07296178;-0.0459877;-0.03475574;0.03153854;-0.16732872;-0.03538669;-0.22575106;-0.09705615;0.06422104;0.37380916;0.04168288;0.08112361;-0.35075085;0.26283052;0.25690044;0.38308458;-0.19868107;0.23537387;0.05075527;-0.06664522;-0.1726768;0.0259086;-0.01934709
922	-0.02908242;-0.05245596;0.07907282;-0.1326991;0.22644597;0.24314555;0.18189167;0.24910545;-0.05439788;0.01143839;0.03018323;-0.05049143;0.09870627;-0.03735674;0.11131016;0.17981753;0.09435184;-0.0889503;0.1669739;0.0285189;0.04869892;-0.1586298;-0.11379638;0.00053302;0.09766733
663	0.72511406;0.28518595;0.09307556;0.09693331;-0.08736302;-0.06393222;-0.13741043;0.02629084;0.01777783;-0.03884879;0.0183878;0.004651;0.05678867;-0.03478065;-0.05453096;0.04939552;-0.08472165;-0.0360449;0.02004019;-0.10500642;-0.07571968;-0.01062786;-0.0456578;0.01582887;-0.04495059
524	-0.02200623;-0.14948241;0.10342947;0.1200312;-0.08682108;-0.00519521;-0.09276054;-0.05092077;-0.09014135;-0.09613608;-0.04983017;-0.10023694;-0.19834508;-0.24155874;-0.25756037;-0.10974367;-0.15902749;-0.13556358;0.07824976;0.1078824;-0.32509451;0.08532527;-0.1396337;0.18204336;0.22685969
238	-0.15201065;0.09480394;0.04823775;0.05984995;0.05247602;0.09285914;-0.07797409;-0.01640528;-0.25585783;-0.10415624;-0.07015777;0.3052475;0.05951411;-0.01158288;-0.16199647;-0.06151348;0.30137322;-0.09064452;0.00838111;-0.01931583;0.02817407;0.10604176;0.13677413;0.04589586;0.11336458
161	0.00067988;-0.182016;0.34466885;0.35740618;-0.11854827;0.00515792;-0.00536689;-0.06382286;-0.03710161;0.0205415;0.0581327;-0.06988989;0.11229461;-0.0328988;0.11288533;0.11362857;0.08620696;-0.04000203;0.15957803;0.0020713;0.06094136;-0.13271324;-0.06915159;-0.02209876;0.10968099
578	-0.00853112;-0.11700371;-0.17220471;-0.04656333;-0.15497559;0.05555266;0.14626935;-0.05788441;-0.06766689;-0.05158851;0.02923766;-0.03471597;0.02503951;0.14251515;-0.12945803;0.29719767;0.03156479;0.19492166;0.04216108;-0.02847461;0.11813478;0.23800259;0.03850153;0.02928181;0.09868425
844	-0.42693051;0.5883836;-0.08899614;0.21772068;0.0625441;-0.05409861;0.03014915;0.21329991;0.04354531;0.1078113;0.04630676;0.00916123;-0.00795904;0.04450246;-0.05330588;-0.02987051;-0.014473;0.01226891;0.01021408;0.02383042;0.02677217;-0.00603185;-0.01539847;0.00617111;0.01069196
1029	-0.15109598;0.19621019;-0.37730668;0.15265122;-0.44956842;-0.00958085;0.60724692;-0.10487664;-0.15446031;0.03696899;0.00836511;0.10773573;0.01959287;0.04064363;0.09519643;-0.01180472;-0.05225139;-0.01310988;-0.04025429;0.03066378;-0.03605898;-0.02648142;0.0100935;0.00204713;-0.01968943
697	0.00202605;-0.12862635;-0.17490912;0.01273231;0.01987235;-0.11640734;0.18962928;-0.11672654;-0.0402902;0.011689;-0.0299948;-0.0080654;-0.01622849;0.01611476;0.06406773;-0.04101782;0.0126335;0.0210264;0.02684769;0.03389358;0.01837266;-0.05192838;0.00733847;-0.0393328;0.03175919
392	6.49429864e-01;1.24484408e-01;1.08179941e-01;2.69888407e-01;2.11096352e-01;-3.31177921e-01;9.01793850e-02;2.47993395e-01;5.94384779e-02;1.02080188e-01;-1.31041999e-02;-6.35748990e-04;1.04880231e-01;1.77428765e-03;-5.71299667e-02;3.76345008e-02;3.75564925e-02;-9.75541240e-02;-4.05364397e-02;1.03934688e-02;-1.27954414e-02;-2.41071966e-02;-3.38658293e-03;3.43641816e-02;2.29978771e-02
360	-0.02754222;-0.12355223;0.15327005;0.0997921;-0.05359874;-0.03518987;-0.08596569;-0.03874196;-0.09922721;-0.13349044;-0.03086913;0.0140367;-0.062444;-0.15620017;-0.06809703;0.08160784;-0.31457573;-0.10655034;-0.0942721;-0.18895342;0.04805023;-0.06594034;-0.00135353;-0.04013142;-0.12668387
906	-0.01646544;-0.10845113;-0.17851078;-0.02671765;-0.1030985;0.03156415;0.07826149;-0.03462336;-0.00926568;-0.07545221;0.15030202;-0.01603383;0.05175249;-0.14099979;-0.06246709;-0.13414687;-0.03592244;-0.00848911;-0.02047084;-0.20140135;0.01020565;0.01082926;-0.09231058;-0.08013284;-0.0823128
1014	-0.03055774;-0.09715289;-0.05803786;-0.04113293;-0.00587069;0.02546704;-0.04782377;-0.03067552;-0.00432909;-0.01549145;-0.02364806;-0.01114427;-0.05035442;0.02373859;0.032396;-0.00178228;0.01710398;0.02510436;0.07806753;0.00563067;-0.00318291;0.02115371;0.05052448;-0.00132924;-0.03543187
102	-0.01640984;-0.09245529;-0.05655558;-0.02500249;-0.02039111;0.03240924;-0.06215561;0.01158727;-0.00618289;-0.01282743;0.00079591;-0.04392851;-0.07120117;0.04383932;0.0324471;-0.0636567;0.01127917;0.06755041;0.02773691;-0.01342063;0.08907472;-0.01099093;-0.01604854;-0.05171118;-0.06977893
1060	0.13485025;0.23503435;0.08106155;-0.06336599;0.51392062;0.33064765;0.2846064;-0.16438867;-0.10553006;0.07459653;-0.00775572;0.00947521;-0.0054318;-0.02750927;-0.00916163;-0.00666404;-0.03146335;0.02806526;-0.0089836;-0.00270266;-0.02311971;-0.06357095;0.03297695;0.02576525;-0.03930036
448	-0.11890908;-0.03412885;-0.00802945;-0.0589965;-0.03381864;0.07339199;-0.06741926;-0.08512312;0.23693763;-0.12081985;-0.15962381;0.04776357;0.17077254;-0.0663635;0.10858104;0.14052826;0.00696458;-0.12543702;0.31342921;-0.04847309;0.16969942;-0.30936076;-0.09066038;0.22475297;-0.00818312
105	-0.22786189;0.2452711;-0.05873102;0.07499797;0.00294386;0.00102346;-0.0741893;-0.0175191;0.01303213;0.02458045;0.00960789;-0.02604029;-0.09986854;-0.01458652;0.006895;-0.03973061;-0.08311399;0.01865166;0.06181956;0.13142559;-0.07431881;0.02134628;0.00566166;0.01934551;0.0405871
496	0.01394716;-0.18790888;-0.29405341;0.07305697;0.11037592;-0.30887203;0.49205779;0.22268011;-0.05474945;0.08854017;-0.04161376;0.05489505;0.04483822;0.02601085;0.01158252;0.01588505;-0.02163741;-0.08422846;-0.06856551;0.02615429;-0.00471331;-0.07268307;-0.05485791;0.00731559;0.00895847
81	-0.11742412;0.01148802;0.53652466;-0.53807616;-0.03749621;-0.16594659;0.27912271;0.07269032;0.15332497;0.09845456;0.06927542;0.11640563;-0.12591155;-0.07119185;-0.01061991;0.02173224;-0.02376942;-0.04490368;-0.03367165;0.03109518;0.10517418;-0.05872864;-0.00121722;-0.11677458;0.01789397
742	-0.2046159;0.10939683;0.41806356;-0.4862549;-0.16060939;-0.24733796;0.14832961;-0.08999778;0.17257084;-0.0319527;-0.04306804;-0.03304954;0.15902522;0.09029222;-0.10973292;-0.07899721;0.06158794;0.05188392;-0.02180242;-0.0347788;-0.05538485;0.09149423;0.0874748;-0.02320857;0.03411739
981	-0.04813382;-0.08243426;-0.10674513;-0.0744418;-0.0700561;0.0437501;-0.02517224;-0.04159041;-0.04768987;-0.10248326;-0.03734576;-0.2413084;-0.15665142;-0.29845071;-0.34259804;-0.27846802;0.50427223;-0.13942136;0.05283563;-0.22684626;-0.10422586;0.01481711;0.00369518;-0.13565268;0.09454317
404	-0.45914201;0.64777723;-0.04930133;0.1795624;0.0202542;-0.04979212;-0.06674204;-0.00996911;-0.03176663;0.01902126;0.02995661;0.06016068;0.06853317;0.01756119;0.10875618;0.07576213;0.07011932;0.03782934;0.09138197;0.00297105;0.05933076;-0.11676464;-0.0865206;0.02103523;0.13297417
10	-0.03659891;-0.09563997;-0.04167537;-0.05643334;-0.00057087;0.02490149;-0.05293887;-0.00433093;-0.0132064;-0.03834674;-0.02734072;-0.10742838;-0.04102393;0.0148147;0.06545582;-0.04578854;0.02793721;0.067232;0.0484528;0.06053587;0.16922341;0.22575383;0.00615943;-0.03101197;0.00173962
343	-0.04369804;-0.14556545;-0.12963831;-0.14002078;-0.12213057;0.10938716;-0.26418077;-0.0995421;-0.0800527;0.83549538;-0.16970729;-0.02420259;0.18854875;-0.04989614;-0.03503816;0.0230444;-0.08437711;-0.07904301;-0.11919413;-0.07664031;0.01519844;0.00995902;-0.01174732;-0.02064078;0.04678525
698	-0.01443841;-0.08218531;-0.06141313;-0.03906698;-0.00842394;0.00958229;-0.05703127;-0.01871615;-0.00380821;0.00954058;0.00162605;-0.03345083;-0.05142849;0.00577784;0.04003082;-0.02907197;0.03790497;0.01890761;0.05409355;0.01384514;-0.00810233;-0.02131037;0.0247503;-0.03017392;-0.04141317
216	-0.16865009;0.04085779;-0.12881533;0.11098555;-0.00855635;0.20963582;-0.04696826;-0.07686533;0.7025955;-0.13668627;-0.3526551;0.26426548;0.03127188;0.0090258;-0.0080284;0.03542165;-0.02172963;-0.10893789;-0.05693339;-0.05453303;0.04136433;-0.020546;-0.0850471;-0.05617407;-0.07049441
363	-0.02197557;-0.11484805;0.02999915;0.02288277;-0.04983129;0.02662283;-0.05144122;-0.01269349;-0.01050322;-0.02038497;-0.04548315;-0.07539617;0.05391729;0.05712763;0.00832367;-0.08332044;0.0040945;0.05857418;-0.02833945;-0.01014324;-0.01208381;-0.02772731;0.00171166;-0.00717117;0.00494493
136	-4.03562806e-02;-6.98369833e-02;5.22890492e-01;6.86652690e-01;-1.40695601e-01;-5.83199794e-03;8.71227960e-03;-6.92004833e-02;-2.48119436e-02;8.35150491e-02;4.23439571e-03;-4.27855384e-02;5.97684038e-02;-3.78635826e-03;-2.49729056e-02;6.13045876e-03;1.52308116e-02;3.67644353e-03;-1.18835154e-02;-3.90870354e-02;-2.10199268e-02;-6.11368790e-04;4.62425327e-02;4.79561093e-02;-1.22254195e-02
73	-0.07976859;-0.089586;-0.06388679;-0.07403097;-0.00331198;0.03076231;-0.06748828;0.12964605;-0.04291861;-0.13887136;-0.04395166;-0.07241471;0.16175291;0.12670358;-0.2016568;0.37221076;-0.10282858;-0.15724354;0.20263068;-0.15161194;-0.06822155;0.12486052;0.36862876;-0.10351069;0.05379049
632	-2.39088881e-02;-9.11811436e-02;3.10897345e-02;-7.96441338e-02;1.05441392e-01;2.01076248e-01;-4.00278690e-03;-6.44756242e-02;-1.65713545e-02;2.77121140e-02;2.41743757e-01;-3.64024693e-02;-1.54451941e-01;3.86063828e-01;-3.01599772e-04;-4.28813032e-02;2.63244739e-02;-1.82375622e-01;-7.10196011e-02;-5.15505612e-02;-4.52699340e-02;-5.31853097e-02;-3.78070402e-02;1.03077278e-01;-2.79543898e-02
531	-4.20211885e-01;5.62280388e-01;-7.21571757e-02;1.76405170e-01;2.70116794e-02;1.12550768e-04;-8.49571363e-02;-1.42537691e-02;-1.74036964e-02;-1.07710431e-02;-3.45728439e-02;-6.17211778e-02;2.39511893e-02;1.58911897e-02;6.58483595e-02;5.00752429e-02;2.08097785e-02;-1.16100462e-01;-1.01879411e-02;1.11496780e-01;-4.20222678e-03;1.07687976e-01;-1.52200998e-01;-9.47960171e-02;-1.73027346e-01
317	-0.25480474;0.26000888;-0.23846597;0.18584473;-0.14289277;0.15693687;0.20344579;-0.10416753;0.46336284;-0.07134078;-0.25038111;0.2407499;0.04219066;0.05035282;0.00906353;0.06037178;-0.00667596;-0.06806471;-0.04751439;-0.02838632;0.0236001;-0.01491036;-0.0315931;0.053504;-0.01849688
728	0.30968441;0.06686121;-0.19392906;-0.01284238;-0.25065306;-0.04030369;0.21759927;-0.04354063;-0.12856755;-0.08501697;0.02207892;0.06741518;0.06351754;-0.05129302;-0.01403793;0.0392402;-0.24998798;-0.05681167;0.00563106;-0.15652104;-0.11821951;-0.01882223;-0.09659667;0.03771841;-0.09185234
660	-0.07624048;-0.07573916;-0.00427572;-0.08283508;-0.03742572;0.02695574;-0.10071117;-0.02677167;-0.06915052;-0.06173134;-0.02747047;-0.16411924;0.10830473;-0.06129757;0.25945901;0.14064636;0.1479848;-0.15320102;0.21822057;0.16395402;0.06073837;-0.09282832;-0.17491353;0.13002517;-0.123004
1033	-0.48250849;0.72346299;-0.09655282;0.25351135;0.0263852;-0.03160466;-0.02435725;-0.0163963;0.03646784;0.08881975;0.04083559;0.00885913;-0.02377551;0.05453284;-0.04902108;-0.03193654;-0.01188563;0.04989329;0.01630598;0.01326502;0.0346847;-0.00089966;-0.00728231;0.01706654;0.00742174
584	-0.03234222;-0.08935258;-0.05670229;-0.05167815;-0.01915218;0.0385998;-0.08893319;-0.01683204;-0.01661791;0.00681616;-0.0198556;-0.05150569;-0.00939087;0.06865999;0.01179271;0.06862529;-0.00051335;-0.01941656;0.08635525;0.01875272;-0.01422545;0.0182283;0.12413791;-0.03275546;-0.08129007
871	-0.30027294;0.38121571;-0.07014803;0.06930385;-0.04289956;-0.00682718;-0.05357344;-0.00881611;-0.01017079;-0.08453482;-0.00109325;-0.15271726;0.17389873;0.21407659;-0.25107623;-0.08219103;0.00160058;0.39355987;-0.23314949;0.05166888;0.16116437;-0.09595031;-0.16672595;0.02114805;-0.00285658
44	-0.03677296;-0.08724282;-0.04155116;-0.02559373;-0.00081768;0.01201642;-0.05658465;-0.00930938;-0.01183153;0.00664464;0.01882525;-0.03093994;-0.04352297;0.01642608;0.05288811;-0.0388607;-0.00688725;0.01219245;0.03178882;0.03896209;-0.00638501;-0.00012964;0.00406168;-0.08008089;-0.03665572
952	-0.18240509;0.16973917;-0.08686282;0.07315772;-0.00025409;-0.00090902;-0.06026306;-0.03107253;0.0056494;0.02110916;0.04364834;-0.03010133;-0.04382745;0.04260767;-0.12804662;0.10110964;0.05434452;0.17252927;-0.04146528;0.09712548;0.05567081;-0.03087825;-0.03383046;-0.02183102;-0.0609302
320	-0.02960682;-0.09252624;-0.04769899;-0.04766207;-0.00800985;0.04019046;-0.04358037;-0.02186661;0.00199327;-0.00621634;-0.00337455;-0.0481543;-0.04657691;0.00035866;0.05554493;-0.05136376;0.03241015;0.06750459;0.07450803;0.0371606;0.02848728;-0.04416981;0.01854172;-0.04006613;0.03087804
996	-0.21424715;0.24237829;-0.05704073;0.04779588;0.00598453;-0.04583952;-0.09978948;0.0186516;-0.00526103;0.01578505;-0.00892958;0.0126259;-0.14857846;0.0176295;0.29089742;0.11654952;0.10008385;0.24564476;-0.09580921;-0.17291215;-0.22294282;-0.03863781;0.05631437;0.02847371;0.08967455
837	-0.04647396;-0.09142423;-0.05566416;-0.06583575;-0.03199568;0.02696508;-0.0852652;-0.01948997;-0.03470968;-0.05484791;-0.01725917;-0.05599079;-0.03068225;0.07124868;-0.01332227;0.1082233;-0.00351393;-0.02141037;0.11744977;0.02586525;0.00443317;0.05970624;0.25731625;-0.08360683;0.01617698
34	-0.23350908;0.27065621;-0.07188993;0.10105114;0.10975632;-0.08566351;-0.0427823;-0.06050212;-0.02748416;0.00741234;-0.00941941;-0.00648666;-0.09251027;-0.01907777;-0.00745766;-0.00349866;-0.07328107;-0.0233745;-0.04242021;0.0553483;0.06043365;-0.02174311;0.10000357;-0.0026458;-0.02065405
248	-0.03092013;-0.15778424;-0.13724201;-0.10156193;-0.12750229;0.1100673;-0.1786466;-0.06995803;-0.04185289;0.51121163;-0.09290998;-0.045512;0.07097256;-0.02796148;-0.19782808;0.10658614;0.04641135;0.04557299;-0.17606897;-0.00589664;0.02218305;-0.07949755;-0.12440179;0.01471923;0.013566
947	-0.16124387;0.26054186;-0.19944417;0.09168057;-0.11405697;0.15619569;0.43626058;-0.09093048;-0.13738395;0.02247967;0.00718312;0.06168366;-0.02220836;-0.00696306;-0.02804195;-0.09320112;-0.03637525;0.02367365;-0.00436457;0.04824676;-0.04013763;-0.04479872;0.01532229;-0.08514948;-0.02617867
629	-0.05132083;-0.07918045;-0.04946213;-0.05429068;-0.0056226;0.03083498;-0.09205731;-0.01135071;-0.01016409;-0.04687616;-0.05377628;0.00744068;-0.05088234;0.01544414;-0.03555304;0.03867267;-0.04015997;-0.0096385;0.09168469;-0.07604439;-0.00145358;-0.01844525;0.08232347;-0.16199717;-0.15519207
493	-0.24669287;0.50218733;0.11287736;0.03380243;0.40370672;0.4827306;0.28210273;-0.1058825;-0.10083444;0.11018104;0.02632049;0.01730721;-0.02667733;-0.00805408;-0.02569409;-0.03077191;-0.02622071;0.06405059;-0.01042905;0.03022924;-0.00635924;-0.05425239;0.03382307;0.00396814;-0.00139271
70	0.11439422;-0.07229179;0.53527871;0.09424794;-0.17623804;-0.16300998;0.05740609;-0.04171409;0.08058545;0.08438456;0.00054343;0.02642388;-0.01445875;-0.03099557;-0.00102735;-0.07010722;0.0510488;0.05959837;0.09025949;0.0312053;0.05675971;-0.00906323;0.08933201;0.12518998;-0.07979963
413	-0.00503875;-0.10105879;-0.24443729;-0.01342566;-0.22727843;0.01837928;0.36302741;0.11725487;-0.09376409;-0.02946086;-0.03401745;-0.07447888;-0.04375192;-0.14240728;-0.11596975;-0.14350842;0.261803;-0.09489055;-0.0179107;-0.1398693;-0.0673086;0.0097383;-0.01542545;0.00086674;0.07335207
439	-0.32801654;0.35884181;-0.01810259;0.0818296;0.03785373;-0.05919379;-0.04754565;0.22725372;-0.01811437;-0.05824873;-0.03327515;0.03156115;-0.06867587;-0.1274512;-0.07125209;0.04937667;-0.14063713;-0.08256189;-0.08880459;-0.14055142;0.07196325;-0.03864183;0.02950152;-0.12061286;-0.0548436
678	-0.22076415;0.65851441;-0.12914962;0.20766714;0.03364077;-0.02874755;-0.0589585;-0.03160121;0.11995841;0.06749293;0.26614544;0.0437001;0.12067089;-0.0750243;-0.007352;-0.07415666;-0.00374452;0.03803459;-0.0020541;0.00853975;0.01726331;0.05055506;0.01973179;0.04848899;0.02002207
983	0.00402928;-0.09071049;-0.02296585;-0.0421576;-0.01601302;0.0585107;-0.09647329;-0.02701807;-0.00333187;-0.01097224;0.19898246;-0.0274578;-0.16569558;0.30308257;0.01274476;-0.03143387;-0.00615132;-0.09726643;-0.02976518;-0.07019329;0.00116841;-0.02135764;-0.01903305;0.02156259;-0.05079148
948	-0.23297766;0.24139067;-0.32273734;0.20691557;-0.28910134;0.13297556;0.39464056;-0.12281449;0.38610543;-0.05434388;-0.22747498;0.25356592;0.05625305;0.04081464;0.0477834;0.02840279;-0.03173654;-0.08204226;-0.08782607;-0.00938942;0.00122378;-0.02611483;-0.04301517;0.0559314;-0.01660747
181	-0.12143976;0.01351487;0.53869634;-0.56197786;-0.13635675;-0.25640039;0.22703018;-0.12036583;0.19831797;0.12692838;0.06524917;0.12504237;-0.13180784;-0.02685121;-0.05114215;-0.02274031;0.02975073;0.04380905;0.07317102;0.0701055;-0.07088363;0.09247445;-0.00813768;-0.0194797;-0.04500431
829	-0.20695137;0.28737957;0.00678766;0.08241002;0.02019262;-0.01063009;-0.08193368;0.11885801;-0.03431496;-0.06065946;-0.05344221;-0.09011852;0.03171869;-0.00126513;0.1240613;0.13310015;0.009561;-0.08358022;-0.08489936;0.07538471;-0.0651748;0.08710296;-0.0013165;-0.03051151;-0.06365551
419	-0.11788344;0.02467705;-0.07039299;0.00961661;0.00806977;0.06732728;-0.11134082;-0.03009036;0.12006344;-0.06977672;-0.12374748;0.00411743;-0.01154666;-0.02762976;0.05467917;0.02096601;-0.01017506;-0.12357303;0.03421975;0.05604393;-0.01008592;0.0598197;-0.11561359;-0.18644068;-0.16728849
1074	0.34629835;0.16709558;0.15841408;-0.15916673;0.4317387;0.49957561;0.29985985;0.08633126;-0.08896379;0.08539552;0.02402405;0.0153468;0.00701464;-0.04667966;-0.00477951;0.0032834;0.00133811;0.03446612;-0.01926502;0.04878566;-0.05451567;-0.07294743;0.03931324;-0.00496437;-0.00718256
965	-0.10496002;0.0852918;0.27969094;-0.22320692;0.00651023;-0.00735141;0.10633303;-0.09871696;0.04958372;0.03411963;0.01379818;0.09018942;-0.06692691;-0.00289961;-0.10376133;0.0256461;-0.15294972;-0.01662413;0.0189959;-0.09069994;-0.09146351;-0.03472629;-0.01284079;0.12232552;-0.08325648
859	-0.12242456;-0.00863625;0.44535348;-0.48934145;-0.15338878;-0.2850935;0.16590517;-0.08667176;0.18738155;0.10458911;0.06655888;0.11952372;-0.09538763;0.0127638;-0.0318431;0.01537514;0.05554494;0.05316198;0.07233768;0.01104757;-0.02170018;0.08212875;0.01636761;-0.03360795;-0.07406432
260	0.56260935;0.20598864;0.01647606;-0.05793481;0.42507803;-0.05689749;0.20422855;0.18712771;-0.02159056;0.06528994;-0.0291772;0.03854944;0.07799597;-0.02281982;-0.06995664;0.05270574;-0.04390627;-0.09141083;-0.026562;-0.03811172;-0.05011317;-0.0605705;0.02768445;0.03403701;-0.02289058
970	2.07557144e-03;-1.68490597e-01;-1.61878516e-01;4.41923032e-02;4.13575895e-01;-4.22984612e-01;1.25924876e-01;-1.94313162e-01;-2.34841275e-02;1.07278192e-02;-6.88290764e-02;-5.33312324e-02;6.78603947e-02;7.46114757e-03;4.15183916e-02;-1.27855413e-04;-2.96801464e-02;-8.56428510e-02;-7.85934746e-02;6.10522638e-02;6.84896545e-02;5.32557130e-02;9.38552357e-03;2.23395797e-04;-6.19849380e-02
244	0.08202583;-0.29786048;0.39253445;0.64860453;0.17315821;-0.29607459;0.1174424;-0.19734828;-0.03560293;0.10012498;-0.04291614;-0.0564976;0.08694422;-0.002725;-0.00921346;0.00749226;0.0521618;-0.03224266;-0.0371363;-0.02826006;-0.00287523;0.0063504;0.02266364;0.00096084;0.01467818
1021	3.04459609e-01;-1.81890623e-02;-6.68460857e-02;1.80630519e-05;5.86824147e-01;-1.94890426e-01;2.87261679e-01;5.54178107e-02;-7.47701783e-02;5.11705773e-02;-5.69257539e-02;-5.22387145e-03;3.49512105e-02;1.25859438e-02;-7.43328962e-02;6.05209965e-02;-1.53746723e-01;-1.01972257e-02;3.39981928e-02;-1.92531131e-01;8.96057535e-02;2.15984354e-01;-1.81351256e-01;1.06095427e-01;1.22022218e-01
855	-0.04282499;-0.10808238;-0.06080607;-0.04083413;0.01587866;0.05513661;-0.04358478;-0.02471547;0.19756925;-0.03552598;-0.06065098;0.05522811;-0.01749029;0.01931926;0.02452099;0.04363978;0.03763341;0.04673738;0.01109172;0.0110045;-0.02597826;-0.00317389;0.01548394;-0.01251302;-0.01276464
396	1.52698815e-01;4.16821363e-02;5.13136161e-01;-2.17034356e-01;-1.32914407e-01;-2.81571346e-01;1.89712642e-01;1.94725699e-01;1.66866952e-01;1.48324196e-01;6.67534893e-02;1.11505654e-01;-2.83503223e-02;2.66868957e-03;-3.91435224e-02;1.01587938e-02;7.49479166e-02;1.73971783e-04;4.89326615e-02;2.33121404e-03;-4.81726768e-02;5.46089586e-02;2.01472479e-03;5.07653236e-03;-6.77218411e-02
175	0.01260163;-0.17763244;-0.14583984;0.06451347;0.35635196;-0.319712;0.05153538;-0.13718572;0.04130654;0.06388602;-0.08634155;-0.01931846;-0.05305508;0.04139696;-0.00499717;-0.00065968;0.00982983;0.03712339;0.01629961;0.08506281;0.04766315;0.03079897;0.02690927;0.03123981;0.10051012
241	-0.01332627;-0.09701166;-0.07104755;-0.04155546;-0.02504796;0.04638148;-0.05312855;-0.00070578;0.01301963;-0.00493953;0.00358074;-0.05128798;-0.1389248;0.05901193;0.07817908;-0.11491412;0.00677992;0.10270787;0.07287734;0.0030052;0.09378601;-0.00235571;-0.00316337;-0.05813487;-0.04081522
285	-0.10798997;-0.04229522;0.13948798;-0.22786117;-0.01146308;-0.16324791;0.04647098;0.2419499;0.05291086;0.04930677;0.00089434;-0.01764843;-0.06168106;-0.02219007;0.1950712;0.05420809;0.0842322;0.09385477;-0.06905124;-0.01197236;-0.10973771;0.08020146;0.10565071;0.03955428;-0.06821797
869	-0.04684676;-0.14985725;-0.1187656;-0.13007373;-0.13198673;0.10504178;-0.27337989;-0.10293917;-0.0745218;0.76244214;-0.17209496;-0.03284329;0.08123909;-0.10103267;-0.07948785;-0.02165281;-0.18144543;-0.10938311;-0.08004268;0.09953299;-0.11878031;0.05131221;-0.05949787;0.0785239;0.1905905
83	0.65744104;0.24306199;-0.10048925;-0.00967007;0.14055799;-0.19414266;-0.03639193;-0.06855701;0.05223388;0.00766536;-0.02242643;0.00217802;0.04183036;0.02988221;-0.02233999;0.00813371;0.02497525;-0.03237904;0.00740923;0.01087682;-0.00966258;-0.02450175;0.01075588;-0.00575352;-0.01110895
879	0.13178375;-0.04636078;0.1990394;0.14782505;0.02086836;0.12991216;0.00751133;-0.03598009;-0.05003309;-0.00597641;0.00608229;-0.03756719;-0.03314235;-0.05408737;0.02246345;0.05534892;-0.03638671;-0.00191516;-0.06008789;-0.01285164;0.08519808;-0.0506041;0.08904903;0.00135187;-0.00829455
1001	-0.01886183;-0.19631876;-0.06113141;0.08342279;0.09147188;-0.04659134;-0.06838674;-0.08011426;0.08387064;-0.04809283;0.43638294;0.02604059;0.19268147;-0.23324505;0.04282235;-0.11525523;-0.18572072;0.03917487;0.01828612;-0.11567475;-0.02713967;0.09650337;-0.04724391;-0.00885304;-0.0943023
521	0.0353601;0.08661704;0.35322021;-0.45229655;-0.13663009;-0.24145368;0.08579599;-0.05909919;0.0909315;-0.05591232;-0.06824115;-0.06453258;0.15488348;0.03900121;-0.05501785;-0.16163677;0.05915582;0.06022416;-0.10998644;-0.01183288;-0.04639881;0.0588316;0.03536202;-0.01327157;-0.01083958
95	-0.44726301;0.65881244;-0.08928256;0.21360554;0.03036015;-0.05662861;-0.0594224;0.00887629;0.03127816;0.07183779;0.01908319;-0.00450973;-0.10696485;0.03179142;0.17554127;0.06782921;0.05751764;0.18908439;-0.08897931;-0.13181806;-0.15122861;-0.03790437;0.02965204;0.05541349;0.07344957
409	0.01471904;-0.14931913;-0.15902978;0.04312352;0.3219716;-0.33097809;0.08896091;-0.19012447;-0.00754103;0.05232246;-0.03733293;-0.0237886;-0.00852595;0.02641053;0.01517831;-0.02130838;0.00325457;-0.04888493;0.01105258;0.0354635;0.00732544;-0.05026124;0.00217946;-0.044631;0.00231532
778	0.49644079;0.2174528;0.0433736;-0.09026105;0.13786582;0.19707805;0.03217855;-0.01467251;-0.01462955;0.01720608;0.05959741;0.0078574;0.00555196;-0.01405536;-0.02062907;0.00557347;-0.00654531;0.01546774;0.00160325;0.04264493;-0.04327276;-0.04366643;0.0296355;-0.02917888;-0.01585433
275	-0.0250297;-0.13518042;-0.22473246;-0.01138123;-0.21207623;0.00739718;0.23196631;-0.07886345;-0.05054739;-0.04092112;0.21717001;0.04485197;0.03337415;-0.1135669;0.02569757;0.0784565;-0.02120949;0.07138126;-0.17917011;0.11081298;0.09589608;-0.08976487;-0.00426882;-0.02121127;0.01390009
727	1.71953612e-01;-6.86660629e-02;-1.26104424e-01;3.12844796e-02;1.17013752e-01;-8.38687402e-02;2.24540596e-04;-4.57688107e-02;2.45923335e-01;-1.66776343e-02;-1.12820148e-01;9.65303139e-02;-2.49817572e-02;1.05702854e-01;3.29628550e-02;-6.43992611e-02;-2.79760172e-02;-8.04153914e-02;-4.06986579e-02;3.50211054e-02;3.92975589e-02;-1.18212763e-01;-4.15145122e-02;-1.21730252e-01;5.59941699e-02
456	0.1665632;-0.05659109;0.23685935;0.13667108;0.33253818;0.00053229;0.17947274;-0.18769636;-0.09165165;0.01688609;0.01180028;-0.07206508;0.10630146;-0.11368162;0.12479253;0.1479491;0.01189829;-0.10581939;0.09689341;0.02936212;0.17307231;-0.31132846;-0.11189982;-0.03312708;0.22299775
1018	0.34297026;0.09745484;-0.07960514;-0.02927313;-0.0617158;0.03257353;-0.12650429;-0.01440326;0.16254913;-0.09309782;-0.08031981;-0.00262033;-0.01802323;-0.03811944;-0.17058067;0.04274574;0.15778206;0.05279451;-0.05503379;0.00642;0.02118592;-0.01775137;-0.02790256;-0.11105303;-0.06850518
708	-0.16342595;0.16806913;-0.04870306;0.04223267;0.05146605;0.06593131;-0.01766876;-0.01191887;0.01314631;0.03361797;0.00852006;0.00168009;-0.03691006;0.02087048;0.0285556;-0.01325199;0.01196014;0.03481518;0.0486252;0.02253135;0.02718416;-0.02225468;0.00935191;-0.02407131;-0.00440299
119	-0.0019283;-0.15652678;0.31259311;0.31875835;-0.07170531;-0.00823609;-0.03098403;-0.01374603;-0.01444934;0.02030626;-0.0251575;-0.05357183;-0.01913706;-0.03203953;0.10213337;0.01111545;0.06124018;0.06205236;-0.05137949;-0.07428647;-0.08314352;0.00209973;0.02972337;-0.07901648;-0.01796264
24	0.14063854;0.08777561;-0.09382817;0.02092586;0.12816439;-0.0718922;0.0889305;0.72591589;0.17166361;0.10392664;0.33396487;0.06911713;0.23040067;-0.14700673;-0.02111535;-0.02828031;0.00290189;-0.05758058;-0.03244793;0.01466209;-0.01951835;0.03699752;0.01342023;0.06924294;0.02695785
356	0.07450609;-0.22551839;0.01461753;0.30287795;0.42230064;-0.42977296;0.15693691;-0.25117904;-0.01715566;0.07815468;-0.07152662;-0.04930002;0.06273517;0.02445046;-0.02195737;-0.04441826;0.0260099;-0.03961146;-0.04770019;-0.01879041;0.00406216;-0.02509425;-0.01288335;-0.00391229;0.0195631
331	0.33495764;0.14971045;0.06291511;-0.11896335;0.2037775;0.2808039;0.10295969;-0.03498403;-0.06677989;0.01272893;0.00907633;-0.06275689;0.02630783;-0.00412415;0.06394984;-0.02303644;0.05261204;-0.01937347;-0.02515355;0.0387459;-0.05436294;-0.03742822;-0.04612595;0.00101547;-0.05274245
465	-0.02220342;-0.13152961;-0.09682587;-0.01303744;0.10146856;-0.08731433;-0.03997215;-0.08478941;-0.04241623;-0.02874727;0.01140586;-0.07772755;0.01608497;0.04763343;-0.03303051;0.17045487;0.11261723;0.025297;-0.11067224;0.13942394;0.01389005;0.03289648;-0.09844792;-0.04368297;-0.11513275
412	-0.02608673;-0.0864054;0.24483067;-0.11741165;-0.20053922;-0.11032801;0.18782373;-0.08186345;0.05003161;0.05418655;0.02591765;0.07548278;-0.07288816;0.04075906;-0.01200468;-0.04308525;-0.02815263;0.03423097;0.01594838;-0.04738986;0.02831881;0.00694426;-0.01479778;0.0269053;-0.0838508
379	0.58979378;0.25234854;-0.04027491;-0.04869563;-0.04612762;-0.03965996;-0.12308191;0.01948996;0.04454478;0.00062603;0.01521494;-0.00689113;-0.00917198;0.01042739;0.02790799;0.01778052;0.0185491;-0.0038259;0.04069666;0.03640076;-0.04422094;0.00736254;0.03448896;-0.06659773;-0.06204263
40	-0.02773401;-0.10347292;-0.04400848;-0.03340124;0.00220738;0.00633177;-0.09096961;-0.00039838;-0.02681236;-0.01622535;-0.00391896;-0.052351;-0.10728784;0.0084736;0.02668002;-0.04426318;-0.06626052;0.08850915;0.08749637;0.01150369;0.00106826;0.02351198;0.03277857;-0.07134602;-0.14023301
953	0.41024659;0.03499652;0.19607976;0.26977115;-0.1398846;0.00570465;-0.05719097;-0.00257985;0.02463908;0.05437307;-0.01200665;-0.05030697;-0.00692559;-0.02926866;-0.08097028;-0.00268646;0.09845023;-0.04290897;-0.04792874;-0.03580573;-0.0161964;-0.0629911;-0.05295069;0.02750947;-0.00307804
132	0.32997859;-0.03989597;0.38438373;0.42676865;-0.13383807;-0.01397292;-0.05918298;-0.04771671;-0.0006149;0.03413276;-0.0050765;-0.05013281;0.02201201;-0.00780004;-0.03275723;0.03029515;0.01172122;-0.02609196;-0.00663991;-0.0346968;-0.0291639;-0.01779906;0.09646762;0.01744986;-0.03668882
96	-0.04699424;-0.07350292;0.02082452;-0.08708064;-0.0440422;-0.00820658;-0.10373286;-0.00702772;-0.08264436;-0.10596214;0.01395769;-0.04579386;-0.24160363;-0.23229578;0.11392894;0.10222758;-0.14324747;-0.1247906;-0.3594493;0.01950079;0.37751119;-0.12127498;0.18495336;0.02600417;0.11586261
705	2.30573798e-01;6.01077216e-02;-2.75073089e-02;-3.89150584e-02;-2.71648378e-02;-3.85823200e-02;-1.15463874e-01;4.47953660e-02;-4.11091942e-03;1.66441192e-04;-9.22073435e-03;-5.05455285e-02;-5.39646193e-02;3.22087230e-02;5.38775625e-02;-3.29555313e-02;1.32510864e-02;5.28855855e-02;1.28279266e-01;1.18531557e-01;-7.11177763e-02;-1.76625582e-03;2.05628946e-01;4.55992328e-02;-1.80103341e-01
228	-0.02348193;-0.14290224;-0.11133533;0.02844823;0.32044837;-0.29693708;0.08049426;0.27099715;0.03367956;0.05811834;-0.05743611;-0.0186086;-0.07728666;-0.01181384;0.21156965;0.13285435;0.08902411;0.11868734;-0.123594;-0.2141175;-0.21244537;-0.06714076;0.01938301;0.04264792;0.090115
604	-0.06327978;-0.06368555;-0.09136418;-0.08424163;-0.05914648;0.0499494;-0.04272583;-0.02819794;-0.05228077;-0.09593778;-0.04801515;-0.21965224;-0.13944844;-0.30367703;-0.31629056;-0.19076107;0.46911017;-0.20751635;0.01981063;-0.2426855;-0.09063239;0.06054834;0.06458209;-0.01496717;0.12002118
762	-0.05171745;-0.0790597;0.03970699;-0.05492578;-0.0207618;-0.00090442;-0.09613625;0.03985418;-0.04517946;-0.07735666;-0.00578831;-0.02125823;-0.18312889;-0.15170452;0.08650652;0.02689716;-0.12851033;-0.03838531;-0.2248529;0.03653345;0.26279578;-0.04968219;0.15628635;-0.0265576;0.09855118
918	-0.00376277;-0.17725152;0.15162357;0.20160364;-0.06506443;0.03513174;-0.05021731;-0.00567192;-0.01491713;0.00248757;0.01365242;-0.06681933;-0.11253829;-0.0535152;-0.00058604;-0.05814203;-0.07884545;0.0789848;0.09669515;0.09119448;-0.08454975;0.05213196;-0.00236563;0.03492602;0.01597031
739	-0.28383326;0.31451319;0.19112343;-0.13654418;-0.06729043;-0.14814347;0.03450194;-0.06131019;0.05191027;0.06602966;0.04130304;0.12016953;0.00455437;0.02890191;0.00894139;0.02297715;0.06471976;0.03333706;0.14567536;0.02341787;0.05980403;-0.09335315;-0.12344747;-0.02709686;0.05385185
240	0.36522828;0.05114712;0.05722526;0.09739316;-0.04765946;-0.0019306;-0.04831577;-0.00611062;0.01716875;0.00253165;-0.02078509;-0.02168777;-0.07889685;0.07718814;0.0594441;0.03021137;-0.02784463;0.16949806;0.14043642;-0.03996475;0.25113296;0.41118984;-0.05259428;0.04395546;0.23630139
233	-0.03045246;-0.12724249;-0.10860533;-0.10403315;-0.08468134;0.08178776;-0.17834239;-0.07477159;-0.04889567;0.54206114;-0.09934832;-0.02161268;0.12061317;-0.02845266;-0.01820993;0.02619994;-0.05173176;-0.03741889;-0.0615023;-0.0510427;0.00736529;0.01131885;0.02010605;-0.03497031;0.02019428
489	-0.17302033;0.11286927;-0.02573738;-0.03873694;0.00190526;-0.04869139;-0.05894619;0.00972221;-0.06000545;-0.09300895;-0.0532308;-0.17332748;0.03204462;-0.10663003;-0.02907218;-0.0520402;0.11402432;-0.10696668;-0.08418813;0.1035694;0.1211634;0.16400308;0.06325482;-0.00136318;-0.13312753
561	0.00811493;-0.20615302;-0.17721989;0.05890943;0.46232624;-0.45410643;0.20169007;0.112993;-0.04015969;0.03024959;-0.0635859;0.01074596;0.05553844;-0.01464234;-0.10846713;0.04800864;-0.15347397;-0.10484322;-0.03561147;-0.12412337;-0.04287148;-0.05948597;-0.14332629;0.04479387;-0.01291251
309	-0.04837902;-0.10218417;-0.00278385;-0.05901814;0.01614702;0.00203238;-0.2474133;0.01646609;-0.37804043;-0.12155696;-0.0778359;0.7036925;0.0634198;0.07168554;0.02950352;-0.11221205;0.23116035;0.01702135;0.00905631;0.03921969;0.03838657;0.04455524;-0.00293337;0.00300896;0.07465881
153	0.34691892;0.1215285;-0.0347743;-0.09601959;-0.05717645;0.01138644;-0.11157223;0.04548175;0.13287172;-0.15576428;-0.14586616;-0.10170588;0.13318631;0.15756157;0.09711847;-0.20494723;-0.02166055;0.20790182;-0.18428501;-0.15845101;0.07487391;-0.07117148;-0.08839301;0.01785711;-0.00280005
453	-0.04127165;-0.08023061;-0.01533927;-0.06709809;-0.00906155;0.01562995;-0.06546673;-0.01882179;-0.02214361;-0.01262808;0.01564551;-0.05200397;0.04173543;-0.00505575;0.09758268;0.06104296;0.03170614;0.00748133;0.21060515;0.00574217;0.05074286;-0.19730301;-0.13813522;-0.05488473;0.10481138
344	-0.06371913;-0.03836179;-0.09904171;0.01948262;0.12933095;-0.11216387;-0.007788;-0.07434048;-0.00362113;0.01583554;-0.02549669;-0.05209193;-0.04863392;-0.02246594;-0.04295231;-0.02993331;0.08697704;-0.01530818;0.01757892;-0.01798205;-0.00987257;0.00884453;0.02050617;-0.02074221;0.00056373
250	-0.04709808;-0.15556043;-0.0385785;-0.01632741;0.14164299;-0.06023153;0.16149354;0.85523935;0.05925102;0.11903104;0.02086428;0.00355844;0.03786026;-0.00416636;-0.05370784;0.02804721;0.01606625;-0.03739456;0.01920558;-0.00450228;0.00350225;-0.01238979;-0.03876135;0.04366091;0.01487142
654	-0.06499833;-0.06740258;-0.02807351;-0.05328907;0.0031545;0.01550579;-0.07921978;0.01888421;-0.03181961;-0.02718009;-0.02275955;-0.0630651;-0.04339971;-0.05920165;0.02198972;0.01465749;-0.00012392;-0.04412952;0.01404355;0.0677652;0.01847443;0.06715679;0.09377409;-0.03796513;-0.06494315
941	-0.06730641;-0.06334263;-0.02568343;-0.06792006;0.02001726;0.02923648;-0.09141594;-0.00987476;-0.06735256;-0.05444892;0.00433315;-0.02459466;-0.04001007;-0.04232091;0.00658297;0.01003062;-0.11055285;-0.00817083;0.10864134;-0.03165007;-0.04161297;0.01010671;0.03821124;0.02475814;-0.11933303
541	-0.04326031;-0.07251135;-0.01499266;-0.06179314;0.01861912;0.04054221;-0.07417733;-0.01200726;-0.0721233;-0.05550941;-0.01155695;-0.0182729;-0.05445389;-0.0537654;-0.00136987;0.00916904;-0.12191071;-0.01782933;0.08592833;-0.00858949;-0.08384052;0.05597039;0.03014035;-0.1506864;-0.14524729
958	8.23486039e-01;3.87684666e-01;-3.67718630e-02;-4.89879099e-02;-6.30999263e-02;-6.36119439e-02;-1.40917122e-01;3.85811431e-02;6.82306059e-02;3.22507595e-03;2.73856757e-02;8.49972953e-03;2.51848990e-02;9.62216421e-03;6.21392864e-04;1.58616751e-02;1.95922280e-02;-2.75644810e-02;1.13232588e-02;3.92891934e-02;-2.28890896e-02;-1.63453336e-02;1.51794299e-02;-4.51063288e-03;-2.05494538e-02
686	0.44065128;0.114439;0.38076721;0.18178731;0.15297504;0.3005716;0.13201529;-0.07175388;-0.09553284;0.02883999;0.01603061;-0.01994617;-0.03039482;-0.1228283;0.03159731;0.03561528;-0.04268199;-0.04464168;-0.14859281;0.02080976;0.11025121;-0.09317483;0.10328553;0.03268134;0.02355226
579	-0.13784067;-0.00564576;0.41963855;-0.46297679;-0.13963191;-0.26947413;0.12795038;-0.08188194;0.19420456;0.07658412;0.0655513;0.11142944;-0.0943766;-0.02276301;-0.02281662;-0.0355092;0.0051625;0.02893903;0.09998799;0.01628357;-0.0167672;0.0607897;-0.00621557;-0.13347773;-0.15613843
549	-1.56862572e-01;1.03743081e-01;-6.28794124e-02;-9.67391896e-03;-3.78127730e-03;1.85558615e-02;-6.50460870e-02;-2.89182707e-02;-4.04289522e-02;-2.80693701e-02;6.92952436e-04;-7.98132362e-02;-7.49444521e-02;-7.82350405e-02;-6.68379633e-02;-7.34552746e-02;1.27906014e-01;-3.34843932e-02;7.32568533e-02;-7.54639147e-02;-1.50948337e-04;4.00675849e-03;6.68524088e-02;3.27467958e-02;-3.32780529e-02
190	-0.0341899;-0.1133516;-0.07220935;-0.05647438;-0.0504952;0.01531781;-0.08853856;-0.04529604;-0.01654874;0.02257559;-0.04713352;-0.07976845;-0.01880396;-0.01369939;0.0731512;-0.17793099;0.09838762;0.07580209;0.27990128;0.06618257;0.2164702;-0.25015115;0.15151405;0.55957416;-0.29445869
46	0.01652467;-0.17815453;-0.0843471;0.18943369;0.13079047;-0.27153941;0.22049202;-0.16890123;-0.06388981;0.0400704;-0.03258225;0.01405017;0.0072123;0.01820601;0.04064242;-0.0231061;-0.03054942;-0.0573384;-0.03088752;0.03571361;0.00398838;-0.00122645;0.01569847;-0.06896568;-0.00267527
423	-0.01833588;-0.15835152;-0.0241474;-0.03450458;0.00526485;0.06064067;-0.03544253;0.22227148;0.00738475;-0.03162766;0.17668388;-0.03686015;-0.13450356;0.23306474;-0.18683895;-0.0497044;-0.1290457;-0.15964869;-0.06956952;-0.20856774;-0.01807759;-0.08742751;-0.2065985;0.15110527;-0.03723979
560	-0.06558391;-0.04405577;0.055294;-0.16998617;0.0343313;0.09550412;-0.0083177;-0.02458031;-0.0690767;-0.1497476;-0.11714339;-0.20166226;0.26817367;0.07407362;0.09320269;-0.17125038;-0.02808516;0.12171218;-0.01270985;0.06198619;0.04448764;-0.08880571;-0.00690428;0.02529649;0.08359117
357	0.11476142;-0.03564024;-0.09615466;-0.0270015;-0.11270357;0.01642773;0.03084223;-0.03404457;-0.02677519;-0.01152119;0.00909676;-0.00732418;-0.06807267;0.07196699;0.07024844;-0.02469546;-0.00609248;-0.00739426;0.05423312;0.05507292;-0.03789418;-0.0023916;0.08705048;-0.23212996;-0.05488903
202	0.02137189;-0.19837404;0.3451699;0.38963396;-0.06677906;0.01064405;-0.04049931;-0.01489621;-0.01659097;0.02834784;-0.04556563;-0.03203754;-0.05949458;-0.01562852;0.11047078;0.04933686;0.02203923;0.12259973;-0.01502947;-0.04396028;-0.08428088;0.01567727;0.1013541;0.03965934;0.06010216
446	8.23486039e-01;3.87684666e-01;-3.67718630e-02;-4.89879099e-02;-6.30999263e-02;-6.36119439e-02;-1.40917122e-01;3.85811431e-02;6.82306059e-02;3.22507595e-03;2.73856757e-02;8.49972953e-03;2.51848990e-02;9.62216421e-03;6.21392864e-04;1.58616751e-02;1.95922280e-02;-2.75644810e-02;1.13232588e-02;3.92891934e-02;-2.28890896e-02;-1.63453336e-02;1.51794299e-02;-4.51063288e-03;-2.05494538e-02
473	0.00529643;-0.09042203;0.08584076;0.01262486;0.12325957;0.18878078;0.04912197;-0.03983161;-0.04010127;0.03828625;-0.01235353;-0.03162817;-0.06579168;-0.00945658;0.04863696;-0.01798441;0.00257697;0.07276536;0.04535625;0.05810962;-0.00799762;-0.00682696;0.04714939;0.03184369;0.02882865
269	8.23486039e-01;3.87684666e-01;-3.67718630e-02;-4.89879099e-02;-6.30999263e-02;-6.36119439e-02;-1.40917122e-01;3.85811431e-02;6.82306059e-02;3.22507595e-03;2.73856757e-02;8.49972953e-03;2.51848990e-02;9.62216421e-03;6.21392864e-04;1.58616751e-02;1.95922280e-02;-2.75644810e-02;1.13232588e-02;3.92891934e-02;-2.28890896e-02;-1.63453336e-02;1.51794299e-02;-4.51063288e-03;-2.05494538e-02
141	-0.05880743;-0.12454341;-0.0486975;-0.09051702;-0.03609059;0.05581685;-0.30873905;-0.03260546;-0.34746345;0.27502831;-0.13953601;0.56628464;0.16325136;0.01621066;-0.01283673;-0.08256638;0.14521157;-0.06161264;-0.06172691;-0.02255154;0.04240399;0.04576737;-0.01010243;0.00796356;0.08448124
247	-1.65627474e-01;1.59279728e-01;-1.31251990e-01;1.30170224e-01;2.87251716e-01;-2.93984074e-01;5.07940156e-02;-1.43743418e-01;1.35760629e-02;1.04592503e-01;-3.57696046e-02;3.94870911e-05;5.14834184e-03;4.48006062e-02;-1.78189594e-02;-1.00582690e-02;2.13721343e-03;-1.45612466e-02;1.55988779e-02;1.67260628e-02;1.81108356e-02;-1.26375153e-02;5.79003838e-03;2.31500403e-03;-9.59898264e-03
499	0.74639809;0.2649511;-0.11997286;0.02249335;0.24152628;-0.34247741;-0.01829353;-0.10604941;0.06097379;0.03604499;-0.02144147;0.00703734;0.04570348;0.02383274;-0.02011421;0.01918081;0.01871256;-0.06975747;-0.02651932;0.02967654;-0.01127638;-0.0254356;-0.00198591;0.00258007;0.00571306
397	-0.09023556;-0.02606861;0.19617646;-0.26338261;-0.08315644;-0.12231332;-0.03775899;-0.00893952;-0.007031;-0.06261882;0.01958277;-0.03434758;-0.26483821;-0.18941155;0.28763309;0.1805069;-0.01637292;-0.00665955;-0.36354075;-0.0790219;0.11431851;-0.08906423;0.12186886;0.06437365;0.09025519
332	-0.04044958;-0.09129509;-0.01610757;-0.07246058;-0.02265442;-0.00571873;-0.1153704;-0.01557464;-0.18226298;-0.19232024;-0.00207662;0.01807139;0.04121848;-0.11873786;-0.1859459;0.09595843;-0.47203963;-0.05086014;0.0843265;-0.40318474;-0.19301082;-0.00814715;-0.25461659;0.10009847;-0.13678336
104	2.68944998e-01;6.85862880e-01;-7.79528712e-02;1.21960927e-01;-1.03184671e-02;-5.74033425e-02;-7.49272416e-02;5.88721240e-03;6.12065780e-02;4.79987436e-02;3.52005830e-02;-1.69779730e-03;3.03700924e-02;3.42020529e-02;-4.57930508e-02;-4.90337176e-02;2.35153673e-03;1.48689166e-02;-1.99499792e-04;2.01307797e-02;2.66714802e-03;-2.07269361e-02;-8.44636694e-03;1.24591152e-02;-4.63376620e-03
349	-0.00462252;-0.0852481;-0.09140788;0.04012087;-0.08533587;0.06870629;0.01770366;0.08874223;0.15813045;-0.12343211;-0.10064273;0.01971049;-0.0868284;-0.04438446;-0.05584571;-0.02659428;-0.13265094;-0.00849402;0.07251432;0.01020411;0.19176735;-0.00487672;0.04698662;0.17563761;-0.05147042
1051	8.23486039e-01;3.87684666e-01;-3.67718630e-02;-4.89879099e-02;-6.30999263e-02;-6.36119439e-02;-1.40917122e-01;3.85811431e-02;6.82306059e-02;3.22507595e-03;2.73856757e-02;8.49972953e-03;2.51848990e-02;9.62216421e-03;6.21392864e-04;1.58616751e-02;1.95922280e-02;-2.75644810e-02;1.13232588e-02;3.92891934e-02;-2.28890896e-02;-1.63453336e-02;1.51794299e-02;-4.51063288e-03;-2.05494538e-02
853	-0.06060283;-0.10184807;0.12765976;0.02436569;-0.01375179;-0.01369462;-0.1667762;0.00130488;-0.31576779;-0.18035356;-0.0772837;0.37756818;0.0825949;-0.06760809;-0.11516728;0.03351283;-0.16137647;-0.07728471;0.04533991;-0.24087484;-0.10314422;0.03346267;-0.02495997;0.0379328;-0.07515813
155	4.15421636e-01;1.22932265e-01;-1.90390336e-01;-3.47868598e-02;-2.29753556e-01;2.09819252e-02;1.12589185e-01;-2.51080774e-03;-2.82493618e-02;-3.93315503e-02;-5.05849102e-03;-8.04268883e-02;-8.34690279e-02;-6.15137284e-02;-1.17083824e-01;-1.31449435e-01;1.76463486e-01;-4.86584943e-02;-4.34787836e-02;-1.76640675e-01;5.80027231e-02;-2.65239855e-02;-1.10089430e-01;-3.67069802e-04;-1.68640002e-02
171	-0.00896475;-0.15156339;0.09567707;0.13587311;0.04215306;0.14670269;0.00649309;-0.06851707;0.0505889;-0.00365027;0.28291763;-0.0379063;0.13026342;-0.23195321;-0.01249281;-0.12968785;0.11469609;0.01197674;0.00897284;-0.065058;-0.07222882;0.05163823;0.04139613;-0.05032336;0.00239086
651	0.09537775;0.1934644;-0.15068658;0.03146892;-0.19824721;-0.01142027;0.12574647;-0.03947989;-0.03954905;-0.02492603;0.00613062;0.00429333;-0.10930235;-0.08538853;0.00226355;0.03941312;-0.06200034;-0.06914989;-0.17098031;0.02577683;0.15602923;-0.09670908;0.06172525;0.02975045;0.07927738
696	8.23486039e-01;3.87684666e-01;-3.67718630e-02;-4.89879099e-02;-6.30999263e-02;-6.36119439e-02;-1.40917122e-01;3.85811431e-02;6.82306059e-02;3.22507595e-03;2.73856757e-02;8.49972953e-03;2.51848990e-02;9.62216421e-03;6.21392864e-04;1.58616751e-02;1.95922280e-02;-2.75644810e-02;1.13232588e-02;3.92891934e-02;-2.28890896e-02;-1.63453336e-02;1.51794299e-02;-4.51063288e-03;-2.05494538e-02
1011	-0.0215507;-0.1086175;-0.04956319;-0.03127561;-0.01244968;0.03656884;-0.06321793;-0.00485282;-0.02289513;-0.01606601;0.02172959;-0.03885546;-0.10316163;0.00986793;0.01375593;-0.03834995;-0.09412581;0.09911696;0.08116417;-0.03458818;0.06105004;-0.01753801;-0.01580301;-0.06007697;-0.13785107
277	-0.01502329;-0.13156735;0.09778277;0.12624344;-0.0432452;0.03874334;-0.03754582;-0.03595822;-0.01682818;0.00657674;-0.00249037;-0.04471344;-0.01057408;-0.01591738;0.04423659;-0.04129514;0.04372705;0.04422033;0.06026901;0.00845401;0.02262244;-0.02572016;0.02889085;-0.0331069;0.02930086
1030	-0.12750983;0.05393871;-0.09288903;0.08766776;0.14021637;-0.14694475;-0.03437709;-0.07340144;0.05567976;0.00514396;-0.05962143;0.01529177;-0.04683522;0.00363214;-0.02162252;-0.03157225;-0.05598441;-0.00672448;0.03112552;-0.03063263;0.04804812;-0.00250718;-0.05583033;-0.24937675;-0.12722813
124	0.2662048;0.00209889;0.19112448;0.17276837;-0.04722144;-0.02744703;-0.24050403;0.01448388;-0.34744542;-0.0919182;-0.06529229;0.65976156;0.12527472;0.05014004;0.00200571;-0.10180651;0.23554845;-0.02327399;-0.01636242;0.03576999;0.03004474;0.04201255;0.00335778;0.02398721;0.06969016
847	0.65497176;0.60102807;-0.05221038;0.0350532;-0.05168465;-0.07516062;-0.12824025;0.03396498;0.07682098;0.02621962;0.03691814;0.01594038;0.02702931;0.02114231;-0.02244275;0.00947023;0.01248052;-0.01970159;0.00616519;0.03782107;-0.0111676;-0.0145342;0.00846276;0.00693783;-0.01119737
878	-0.02654964;-0.09773079;-0.04083996;-0.04547312;-0.01669635;0.01458218;-0.08238109;-0.0055704;-0.04662151;-0.07266999;0.00105158;-0.01094175;0.00957836;-0.02785966;-0.03343996;0.03048201;-0.15589514;0.02697249;0.05064588;-0.14409291;-0.09080253;0.0018618;-0.06362776;0.0163568;-0.06723938
322	-0.07395335;0.06115341;-0.13834778;0.01700976;-0.08716539;0.02386777;0.13499882;-0.01043476;-0.0522706;0.01810467;-0.0005019;-0.05697709;-0.11351487;0.0827165;0.27475486;0.07269878;0.05192994;0.21349742;0.03417927;-0.17529512;0.08149813;0.36787932;-0.13114513;0.08602536;0.18901065
407	0.57238331;0.21215832;-0.29245299;0.02062904;-0.41186378;-0.04388927;0.41360574;-0.05297502;-0.08979484;0.00356624;0.01186953;0.09353748;0.04635541;0.02017655;0.08588645;0.01297763;-0.02758761;-0.04912726;-0.03633941;0.04429729;-0.05418506;-0.03098714;0.01766387;-0.00211646;-0.02738323
212	5.97305805e-01;1.71064652e-01;2.18148724e-01;2.33282919e-01;-1.08888779e-01;-5.10098775e-02;-9.67946908e-02;-1.17133684e-02;3.29240836e-02;2.73902798e-02;4.51245625e-03;-2.64696195e-02;8.11160069e-02;4.73032284e-03;1.24059960e-02;5.14401407e-02;2.07643944e-02;-1.88105227e-02;6.66416278e-02;-3.12450120e-04;-1.18320236e-02;-9.10398891e-02;-5.55115946e-03;-2.88938004e-03;2.93769465e-02
314	-0.03030962;-0.0843834;-0.04700186;-0.03697361;-0.00355314;0.02173765;-0.07641437;-0.00713591;-0.02521843;0.00731006;0.0015796;0.01464976;-0.04404368;0.01729116;0.05231506;-0.01652181;0.03112901;0.04642513;0.03446976;0.00364829;-0.01308221;-0.00555858;0.02577848;-0.03105766;-0.02210051
1038	0.11631857;-0.05860561;-0.04098961;0.04812197;-0.22596068;-0.0198826;0.12239676;-0.03018643;-0.17871517;-0.10837574;-0.04813846;0.0916951;0.04785396;0.02559969;0.06090644;-0.13956581;-0.06659406;0.04080027;-0.13694482;-0.0246041;0.13765179;-0.03585005;0.00930563;0.00126621;-0.00041187
2	-0.02060537;-0.09536906;-0.06186338;-0.01510719;-0.01932747;0.02293157;-0.10571393;0.03846465;0.02315396;-0.06973835;-0.00201122;-0.03530469;-0.14269505;0.02183018;-0.01907629;-0.1241071;-0.13743402;0.10487203;0.07660678;-0.18288341;0.17392335;-0.02050326;-0.1302074;-0.25135398;-0.21062962
261	-0.23584788;0.21658701;0.18561754;-0.1780066;-0.06705135;-0.13210226;0.04381698;-0.08022113;0.06652014;0.01381657;0.09327462;-0.02377062;0.13158586;-0.05535925;0.13721978;0.18605118;0.1063771;-0.06327891;0.33289224;0.03248137;0.13291848;-0.27554188;-0.21774453;-0.05912947;0.23955322
1075	-0.05202137;-0.08906983;-0.03173098;-0.06835853;-0.00038739;0.02289294;-0.09714721;-0.01185678;-0.08457209;-0.07102105;0.00984442;-0.02877212;-0.04548316;-0.04127989;-0.00593895;0.00069322;-0.19669418;0.03316672;0.14409756;-0.12143353;-0.03429061;-0.01432392;-0.0587095;0.03682813;-0.17423568
298	-0.05233377;-0.14393353;-0.13409309;-0.03137383;0.0295592;0.04637577;-0.095508;-0.03516386;0.16690306;-0.01628933;0.53547402;0.05350229;0.25928323;-0.24443683;0.11622246;-0.11489634;-0.01283019;0.05453845;-0.01032773;-0.01131332;-0.03870151;0.12060797;0.05857989;-0.00066638;-0.00426801
657	8.23486039e-01;3.87684666e-01;-3.67718630e-02;-4.89879099e-02;-6.30999263e-02;-6.36119439e-02;-1.40917122e-01;3.85811431e-02;6.82306059e-02;3.22507595e-03;2.73856757e-02;8.49972953e-03;2.51848990e-02;9.62216421e-03;6.21392864e-04;1.58616751e-02;1.95922280e-02;-2.75644810e-02;1.13232588e-02;3.92891934e-02;-2.28890896e-02;-1.63453336e-02;1.51794299e-02;-4.51063288e-03;-2.05494538e-02
851	0.04744019;-0.26049594;0.42220509;0.59902179;0.06869941;-0.17846035;0.04910145;-0.14796232;-0.09326175;0.03917384;-0.0728577;-0.13234721;0.13422382;-0.01922477;0.11131122;0.08535088;0.13034759;-0.15837726;-0.08326504;0.07815609;-0.04472526;0.11996108;-0.12173503;-0.01028392;-0.11059168
9	-0.02655242;-0.11898095;0.04846058;-0.07719409;0.14129194;0.21469382;0.05316895;0.14268499;0.01181187;0.05780524;0.31023912;-0.029005;-0.17112618;0.5124348;-0.01729543;-0.08722558;0.01130335;-0.27864631;-0.12579173;-0.0440281;-0.04106227;-0.1284783;-0.04844728;0.02088696;0.07443704
731	-1.37971609e-02;-1.45126444e-01;-1.32266766e-01;1.38771142e-04;1.42077613e-01;-1.28694247e-01;2.04793415e-02;-8.48051608e-02;-6.12249720e-03;-3.50402722e-02;-3.80001097e-02;-1.25958072e-01;-7.24423833e-02;-1.13868511e-01;-1.75337033e-01;-1.57505224e-01;2.07594205e-01;-5.81080522e-02;4.14159115e-02;-4.87309556e-02;-7.77552215e-02;4.51431698e-03;8.72079368e-04;-1.16036916e-01;5.77224206e-02
813	-0.0348496;-0.06938777;-0.05305885;-0.03299925;0.01027877;0.01882604;-0.06840863;-0.01447108;-0.02381483;0.00187471;-0.00265022;0.00152003;-0.05237345;0.0148375;0.02921747;-0.01372977;-0.00289414;0.03659577;0.04019312;0.01087754;0.00326878;-0.01467268;0.03301705;-0.03234148;-0.02808326
310	-0.02332525;-0.10315682;-0.05868391;-0.02406635;-0.00267846;0.05999257;-0.05328693;-0.03700045;0.10821602;-0.02056229;-0.06656909;0.00828086;-0.04855561;0.01651988;0.0478253;0.01044481;0.01088875;0.00338626;0.07060099;0.03446336;-0.02715424;0.04069089;0.03632941;-0.13301039;-0.11939945
126	-0.03024047;-0.09252513;-0.01117728;-0.02864083;-0.02436752;0.00064806;-0.0694622;0.02846776;-0.01548004;0.01210327;-0.0063746;-0.07071983;-0.07797313;0.00631756;0.06621917;-0.01734695;0.01231994;0.06140525;0.12658157;0.08100014;-0.04306006;-0.02713513;0.16999572;0.05600298;-0.1437224
481	-0.05456365;-0.10122649;0.01429337;-0.06790412;0.01373377;-0.00356504;-0.26777367;0.0177528;-0.43460603;-0.17273229;-0.08017771;0.73750643;0.05288009;0.00457723;0.00313016;-0.09105379;0.14412344;-0.04352114;-0.06881694;-0.01112186;0.09162701;0.01828641;-0.01550056;0.04215646;0.08493643
23	-0.05814369;-0.10527997;-0.00301765;-0.04682144;-0.00431163;0.01880143;-0.21262568;0.03885421;-0.20186054;-0.09871672;-0.05292433;0.46065486;0.04367797;0.10510329;0.08067019;-0.11486984;0.10893318;-0.05641241;0.10276012;0.0374467;0.09595561;-0.16917936;-0.11047838;-0.25835905;0.15933579
695	-0.13550253;0.08990557;-0.06089895;0.02728402;0.00016853;0.00810359;-0.08902921;0.0013301;-0.02749432;0.00565643;0.00701427;0.02056587;-0.02886086;0.03582887;0.02865309;-0.05656533;-0.0058691;0.06079248;0.06635689;0.05158015;-0.02805332;0.0063219;0.07062984;0.02277861;-0.04979102
568	0.26248603;0.07140817;-0.00874831;-0.08437776;-0.02052513;-0.02266385;-0.13332227;-0.01561223;-0.07010614;-0.07247647;0.04090729;-0.04006829;0.07093741;-0.04915475;0.0377299;0.11558205;-0.18463802;-0.06248453;0.21118624;-0.16919024;-0.00599834;-0.24589856;-0.25906399;0.02536474;0.02440618
58	-0.08096785;-0.03787259;0.05841872;0.07424002;-0.02981893;-0.02856742;-0.03087832;0.13701097;-0.03450095;-0.05850516;-0.04964581;-0.09570258;0.04359995;0.02668444;-0.06029267;-0.08991229;-0.10947457;0.09082201;0.04884954;-0.02977176;-0.06343989;-0.03607363;0.07739572;0.03725546;-0.12086753
305	0.6598344;0.3320463;-0.03588727;-0.05835201;-0.04383313;-0.08740316;-0.16604701;0.06118889;0.05457187;-0.00644861;0.00090791;-0.00945843;-0.08851633;-0.01275003;0.27771874;0.13369264;0.10231911;0.16008106;-0.11927677;-0.14753313;-0.24811693;-0.06037094;0.05865443;0.04570841;0.06596085
1065	-0.0489897;-0.07235435;-0.04348388;-0.04418664;-0.01602929;0.00560127;-0.07056557;0.00052776;-0.04230856;-0.03515545;-0.01510006;0.03929071;-0.0754961;-0.00569792;0.02632975;-0.01639266;-0.06969304;0.00127015;0.03330307;0.05214295;0.05741801;0.02928231;0.06365632;-0.08998837;-0.02104254
52	-0.01008728;-0.15051699;0.11252589;0.15369899;0.00063761;-0.01115167;0.02883417;0.24910927;0.00111716;0.06272629;0.01158685;-0.02578698;0.01341216;-0.00314235;0.00027217;0.0016956;0.02507677;0.00199682;0.0212856;-0.00500451;-0.00268421;-0.00546378;0.01070954;-0.0037137;-0.01447595
388	0.33140644;0.08376391;-0.05902933;-0.03225702;0.03705177;-0.06163832;0.02647609;0.44651514;0.05030957;0.04818009;0.02409276;0.02842201;0.02556883;0.02088548;-0.06046413;0.02764016;0.02183766;-0.04898794;0.01166203;0.03715439;-0.0255528;-0.02536642;0.0146728;0.04923863;-0.01015203
128	0.62535824;0.26451785;-0.08249132;-0.06572361;-0.030594;0.22861938;0.34864475;-0.06679314;-0.08936831;0.03553147;0.00602072;0.02685559;-0.01274572;0.04904232;0.08658533;0.01961301;-0.02986805;0.08376925;0.05242001;-0.04911116;0.13251549;0.2669033;-0.07585093;0.05243152;0.12847493
491	-0.02616958;-0.14585714;-0.08621603;-0.00995135;-0.00481238;0.08983485;-0.05492127;-0.01260822;0.16165359;-0.04682898;-0.01375585;-0.00071674;-0.01114638;0.02030796;-0.0803409;0.05459393;0.02602901;0.16544307;-0.01116181;0.01536458;0.00495521;0.02584765;-0.10552605;-0.00017985;-0.01593034
452	-3.30916133e-02;-9.11264498e-02;-3.36356269e-02;-4.78116129e-02;1.94718024e-02;-5.04835186e-03;-1.51424931e-01;2.67969368e-03;-1.80466134e-01;-4.84560477e-02;-3.37112195e-02;3.18539028e-01;2.88261031e-03;4.18869772e-02;4.98934706e-02;-6.40499378e-02;1.24357315e-01;1.63497981e-02;4.25487770e-02;4.47742376e-02;9.44996106e-03;-6.67215993e-03;1.55536067e-04;-3.78115518e-02;3.85076521e-02
110	0.0159781;-0.15706743;0.02891784;0.18435966;-0.22270722;0.00401816;0.19518006;-0.07520913;-0.13164849;-0.04940744;0.00939459;0.04724747;0.03330988;-0.0167657;-0.02054695;0.03039658;-0.22297084;-0.04513034;-0.00498042;-0.16158474;-0.1200669;-0.03878029;-0.05567557;0.08099898;-0.08080122
231	-0.03946436;-0.12146305;-0.02159249;-0.02836464;0.04295992;-0.0331675;0.01044999;0.39014781;0.00596366;0.05271943;-0.00594013;-0.05996044;-0.03466263;0.01262417;0.02823785;-0.00065929;0.01102256;0.02737956;0.1050045;0.08072113;-0.04418227;-0.0196503;0.15363864;0.05654055;-0.13080797
355	0.04731356;-0.25270495;0.51382011;0.61536195;-0.16235632;0.00537063;-0.0214504;-0.06765005;-0.0398694;0.05695239;-0.01203593;-0.07090776;-0.03617758;-0.07970377;-0.0384087;-0.04498641;-0.05938124;-0.02338566;0.03385294;0.16141104;-0.15772979;0.06500686;-0.01240093;0.10053097;0.15051533
159	0.66897478;0.31830281;-0.03809836;-0.05159762;-0.04787786;-0.06893602;-0.15335912;0.04750694;0.05207754;-0.00735264;0.01658917;-0.0127446;-0.04997143;-0.00971108;0.14131761;0.0787096;0.07156623;0.0699543;-0.0520571;-0.06041876;-0.12086466;-0.04212997;0.06689196;-0.01573783;0.01597647
627	-0.04905854;-0.08412591;-0.04284553;-0.03717029;0.00530851;0.03046726;-0.08312074;0.00646508;0.02410993;-0.02622053;0.00390815;0.02276221;-0.07026995;0.00608774;0.04560721;-0.03497205;-0.04496466;0.05046888;0.08664239;-0.02390805;-0.00085173;0.01894067;-0.02635573;-0.1944528;-0.12709042
680	-0.0220854;-0.12498902;-0.03350443;-0.02749144;-0.05962503;0.04306251;-0.09018561;0.00903647;0.03439372;-0.00494949;0.07918745;-0.02606199;-0.10867884;0.23982057;0.07235599;-0.20012495;-0.06875724;-0.07579874;-0.03089467;0.0948929;0.01504252;-0.18178276;0.07463723;-0.40157244;0.20668474
701	-0.01210367;-0.11979994;0.07702641;0.11189393;-0.03673475;0.01945203;-0.05136474;-0.01402604;-0.01430786;0.02176959;0.00246083;-0.04033079;-0.02329722;0.0128701;0.04483404;-0.01052784;0.02472741;0.0335148;0.03144879;0.01097773;-0.00045529;0.00440307;0.02287637;-0.0341567;-0.04010687
461	-0.16597636;0.11581898;-0.04331005;0.00356392;0.00068101;-0.00382585;-0.04874173;-0.00036195;-0.00327241;-0.00967125;0.01046673;-0.01315724;-0.00524576;0.066125;-0.05348483;0.11334042;0.00702518;-0.00880112;0.08615665;-0.0122749;-0.00680697;0.05402624;0.15299461;-0.02106706;0.01764487
1073	0.03982737;-0.21745377;0.40682739;0.48709822;-0.11383751;0.01504131;-0.01328985;-0.0570924;-0.04356938;0.04766561;-0.00454677;-0.06621789;0.03412134;-0.01156524;0.02849567;0.00466355;0.04297078;0.02229118;0.03334145;-0.00259983;-0.02008636;0.03729023;0.04205196;-0.07915639;-0.06871283
836	-0.02983893;-0.11484724;-0.0594401;-0.06206388;0.01396956;0.01801614;-0.00361022;0.13524337;-0.00764814;-0.0111468;0.02724923;-0.05108139;0.00368707;0.1084282;-0.11488511;0.21300561;0.05001422;0.13530273;0.06453657;-0.00225671;0.09606963;0.17561832;0.04954729;0.01674169;0.08039324
471	-0.14872273;0.0610898;0.02765495;-0.00200937;0.03010279;-0.03794818;-0.00585957;0.29608919;-0.01261194;-0.05092418;-0.08743393;-0.08338664;0.10520352;0.07014729;-0.03740978;-0.18623025;-0.13484306;0.13364536;-0.05375691;0.00981358;0.05238083;-0.01065626;0.02026483;-0.02331601;0.06197662
375	0.50168046;0.20220052;-0.03838903;-0.10518626;-0.05502826;0.00520252;-0.05952545;0.00192523;0.00186336;-0.08341184;-0.06212343;-0.16860346;0.06968445;0.06024408;-0.03059679;-0.13827571;0.10537106;0.11901137;0.03313419;-0.16047656;0.18511792;0.36234922;-0.08450202;0.0789272;0.25302363
543	0.43382978;0.44625138;-0.17707127;0.05947639;-0.21243689;-0.03883463;0.17133398;-0.0260369;-0.07856016;-0.03728444;0.01468793;0.03826209;0.01770485;0.03532401;-0.0131191;0.05430469;-0.19265516;0.04863779;0.07831942;-0.20070795;0.08542713;0.28257934;-0.1891839;0.10458466;0.09239291
43	-0.08568896;-0.04793807;0.0100858;-0.11004462;-0.01107526;0.05235723;-0.11189108;0.00982566;-0.13982791;-0.15910396;-0.13739526;-0.26697972;0.20729093;0.03862388;0.29293004;0.0893875;0.17361184;-0.24284984;-0.17134597;0.22719362;-0.08903964;0.21334309;-0.32105676;-0.00970889;-0.24931089
999	0.02042397;-0.15783998;0.12594998;0.21018725;-0.07416904;0.03026133;-0.03216514;-0.00766276;-0.00336809;-0.00962641;0.01312819;-0.08525454;-0.0795499;0.00363227;-0.05208711;-0.16733289;0.04173632;0.09423288;0.0496206;-0.07017193;0.09444612;-0.03107144;-0.08755738;-0.17695785;-0.10279123
243	-0.09100326;-0.09254852;0.03686606;-0.12002043;0.04088969;-0.03501917;-0.12654637;0.32258275;-0.29812114;-0.18228004;-0.18054869;0.29154804;0.34222786;0.11725863;0.05282199;-0.18257162;0.16193591;-0.03455256;-0.16895112;0.11811643;0.02411823;0.08463212;-0.06576105;0.04591241;0.03697666
533	-0.0329825;-0.09176063;-0.10053899;-0.02739021;-0.08389539;0.01988318;0.04793868;0.01120323;-0.00324117;-0.00655046;-0.03197943;0.04639953;-0.0371277;0.02722612;0.0624614;-0.00131037;-0.03794471;0.0237479;0.05790607;-0.02028149;0.00408729;-0.01345108;0.01544919;-0.05306967;-0.0559521
140	0.05355199;-0.09990398;-0.07586021;-0.03196816;-0.01043272;0.07011875;-0.00140229;0.01433354;-0.01134092;-0.00630364;0.01483913;-0.10195442;-0.16299382;0.16664084;0.07671519;-0.11577053;-0.03569865;0.24947696;0.13535258;-0.23121109;0.45530622;0.42268308;-0.24442265;0.02324682;0.1163611
514	-0.04273858;-0.02035059;0.20077737;-0.26643489;0.12773535;0.23072157;0.15102403;-0.09505899;0.10216557;-0.09785679;-0.17805313;-0.08816275;0.16486559;0.04937961;-0.00538065;-0.21655314;-0.04395647;0.06583492;-0.13049883;0.11591713;-0.12558119;-0.00340354;-0.06265467;0.07126503;0.09443494
283	-0.03396901;-0.12877276;-0.09390544;-0.09233971;-0.04022907;0.07121642;-0.18212734;-0.0588893;-0.04076599;0.3743088;-0.06199838;-0.04668369;0.04374022;-0.03167739;0.04518501;0.01001939;-0.0721198;-0.05083046;0.01396399;-0.04743048;0.0072669;-0.03958459;-0.05157145;-0.01911877;-0.04715054
334	-0.00153769;-0.13052197;-0.16627141;-0.04624368;-0.18557863;0.05554302;0.04233305;-0.068982;-0.05345808;0.28087661;-0.00656489;-0.01131235;0.02342877;0.13137207;0.04974388;-0.15391756;-0.08647336;-0.09694338;-0.07006959;0.04032901;-0.00821754;-0.13701128;0.0456131;-0.27551045;0.14390448
956	-0.01633005;-0.18956053;0.14759166;0.1880875;0.01955961;-0.03106576;0.09323059;0.45809484;0.0193025;0.08695496;0.02227272;-0.01636296;0.02452189;0.01755106;-0.01507332;0.02618195;0.00509435;0.01371086;0.02292149;-0.03224719;-0.00331556;0.01891498;-0.00171953;0.01177005;-0.02160344
819	-0.28933874;0.28635123;0.2075526;-0.1927025;-0.08046072;-0.18171541;0.06141632;-0.07378089;0.05913014;-0.0011601;0.0678504;0.00431908;0.10558273;-0.05771358;0.0775652;0.14143321;0.01512302;-0.07610498;0.21022513;0.04860963;0.13886755;-0.10829145;-0.08277778;-0.03913097;0.07953646
503	-0.03484139;-0.1593206;-0.02324036;0.02803781;-0.07289488;0.06770477;-0.08003685;-0.03951216;0.04248451;-0.10684653;-0.0127992;-0.06389581;-0.09880718;-0.0950444;-0.21646804;-0.02694885;-0.07339126;0.08823931;-0.00248852;0.07844391;-0.02139996;-0.04258325;-0.15688118;0.1313112;-0.05994701
630	-0.05791095;-0.1625977;-0.12556846;0.00380829;0.22199736;-0.08417646;0.0359073;0.12236874;0.27269403;-0.04999897;0.09572846;0.03964732;0.19769976;-0.12988726;0.09134018;-0.0457209;-0.01998846;-0.09982258;-0.10179438;0.11910435;0.03320931;0.09695637;0.03998182;0.00802282;-0.06983285
666	-0.00268125;-0.14031096;-0.10976114;0.02600645;0.21475611;-0.17915126;0.00325079;-0.0859559;0.02290246;0.03904445;-0.05599562;-0.0309726;-0.06512338;0.02626154;0.01201129;-0.00311304;0.01076312;0.04955806;0.0265764;0.07896434;0.02999177;0.02775935;0.01427769;0.00104251;0.04401498
601	-0.0379819;-0.13544141;-0.08532418;-0.02248895;0.07993337;-0.06918223;0.13131798;0.49027309;0.02642873;0.07526486;0.00251422;0.00325924;0.0037885;0.00774852;-0.019947;0.01049124;0.00171635;-0.02941513;-0.00979307;0.02657318;0.01241884;-0.06536903;-0.0558667;-0.00183152;-0.0079857
610	-0.0194273;-0.14191656;-0.19398809;0.00147355;-0.15570492;-0.00371186;0.27352918;0.25575068;-0.05807803;0.03328774;0.06987427;0.03437243;0.01946881;0.04376548;-0.17786336;0.20064055;0.06346363;0.18490507;-0.12497906;0.13504173;0.00587383;-0.07582034;-0.09827163;0.01755035;-0.04668592
606	8.23486039e-01;3.87684666e-01;-3.67718630e-02;-4.89879099e-02;-6.30999263e-02;-6.36119439e-02;-1.40917122e-01;3.85811431e-02;6.82306059e-02;3.22507595e-03;2.73856757e-02;8.49972953e-03;2.51848990e-02;9.62216421e-03;6.21392864e-04;1.58616751e-02;1.95922280e-02;-2.75644810e-02;1.13232588e-02;3.92891934e-02;-2.28890896e-02;-1.63453336e-02;1.51794299e-02;-4.51063288e-03;-2.05494538e-02
566	-0.0393658;-0.11407188;-0.03211234;-0.0421298;0.02060166;0.0312798;-0.17864193;0.02778684;-0.24079049;-0.10085577;-0.09120216;0.49847094;0.01847921;0.05759991;0.01085964;-0.04710167;0.16097927;0.00436875;0.04432969;-0.01457202;0.03939481;0.03132342;-0.00544064;-0.00435007;0.04181058
178	0.05251687;0.02692389;0.19672791;-0.17429812;0.49053002;0.64960479;0.34942967;-0.12550154;-0.15893942;0.07566125;0.00368745;0.00411768;-0.03567919;-0.04510669;0.02433436;-0.02138516;-0.0180934;0.05840757;-0.00649951;0.03558657;-0.03684173;-0.07116833;0.05701357;-0.02155133;-0.02080388
1031	0.0493752;-0.25629095;0.50545421;0.61705926;-0.14163098;0.00957855;-0.0030447;-0.05227014;-0.02306556;0.06032876;0.00607265;-0.06919164;0.05950752;-0.02229268;-0.00264932;-0.00678963;0.04147862;0.01734019;0.00965433;-0.00731588;-0.03409708;0.0351616;0.03224153;0.00399348;0.01079964
937	0.00191193;-0.13349475;-0.26259092;0.03442411;-0.27557729;-0.02846395;0.47217998;0.19133487;-0.09918281;0.04612329;0.00936269;0.07263768;0.03068788;0.0090149;0.08190796;0.00172061;-0.06692556;-0.02743545;-0.01513642;-0.00433663;-0.03089182;-0.0089993;-0.00119942;-0.01182024;-0.04913746
274	0.00130376;-0.13960166;-0.11800558;0.02712187;0.26943767;-0.24433205;0.04444812;-0.13738495;-0.00315938;0.04196869;-0.0367692;-0.02202127;-0.01871578;0.02875593;0.02089048;-0.0046319;0.01160816;-0.00767042;0.00788906;0.00564365;-0.00062727;-0.0229529;0.00305826;-0.01504866;-0.00507361
967	-0.02696764;-0.11765894;-0.04948396;-0.02157959;0.00218804;0.04711721;-0.05319661;0.01914693;0.02847559;0.00095712;0.0238215;-0.0341736;-0.04094607;0.01051116;0.03805214;-0.01413468;0.00016747;0.10435712;0.05888231;-0.03068262;0.00987971;0.05716171;-0.05149815;-0.02828379;-0.02564409
512	-0.39826273;0.5450929;-0.08577691;0.19473801;0.03062571;-0.00710547;-0.04996994;-0.01314253;0.073255;0.04518584;-0.00174937;0.0264339;-0.0488093;0.02401995;-0.0279339;-0.04196784;-0.03128668;0.04024294;0.03749882;-0.02142039;0.04036378;-0.0085822;-0.03324087;-0.1327095;-0.04177055
1049	0.03701374;-0.11232648;0.02754263;-0.03312521;0.38664422;0.00572533;0.12567521;-0.16353258;-0.1384293;-0.04669184;-0.03634499;0.00255764;-0.05582981;-0.06381995;-0.13441103;0.02030122;-0.32563547;-0.00464001;0.02793733;-0.16688246;-0.07720706;-0.06536299;-0.09583651;0.02960596;-0.15696713
1027	-0.03254275;-0.09281021;-0.06146811;-0.04031664;-0.01407815;0.03167158;-0.07484194;0.00770936;-0.01697341;0.0301355;-0.01043846;-0.02913262;-0.05793659;0.03646031;0.06627882;-0.02371173;0.01728681;0.05615779;0.06194191;-0.00189995;-0.00282048;-0.00687838;0.04472579;-0.05636691;-0.08542632
196	-4.98468635e-02;-1.02695242e-01;-1.56646633e-03;-5.31125527e-02;2.44356912e-02;5.49729276e-03;-2.56342616e-01;1.95325997e-02;-4.05224613e-01;-1.26443558e-01;-8.31009841e-02;7.52857894e-01;8.11609900e-02;7.05075293e-02;1.90333685e-02;-1.30694214e-01;2.44489922e-01;-2.83996013e-03;4.54116394e-04;4.44885840e-02;4.58764639e-02;4.26773063e-02;-8.29518350e-03;1.54629523e-02;7.48695408e-02
374	-0.03380032;-0.08718219;-0.05457954;-0.03418357;-0.02451352;0.02120159;-0.05547789;0.01044945;-0.03326255;-0.01750097;-0.01023983;0.00152743;-0.06045468;0.01275245;0.04043538;-0.03750003;0.00066655;0.03831195;0.03463897;0.0342629;0.02606705;0.00602789;0.05389057;-0.07459964;-0.02911925
482	-0.02563195;-0.0629169;0.02818316;-0.07090897;0.087994;0.11004221;-0.0068161;-0.00447969;-0.08159587;-0.01603114;-0.00157895;-0.04962334;-0.09379176;-0.02691953;0.13688273;0.06116354;-0.04029025;0.11705946;0.04175983;-0.09507846;-0.15898863;-0.06400382;0.07080185;0.07785639;-0.08732669
563	5.97609542e-02;-2.58513567e-01;5.62495462e-01;6.75837782e-01;-1.55497164e-01;1.27303660e-03;1.12811171e-02;-6.13060124e-02;-4.32796624e-02;7.63213577e-02;4.57830004e-03;-6.51091836e-02;7.26987215e-02;-2.18747154e-02;1.39211074e-02;2.33020877e-03;5.85652195e-02;1.74060827e-02;3.67575760e-04;-2.75092312e-02;-1.37290125e-02;2.09113518e-02;4.45357673e-02;-6.54961248e-03;-1.11759963e-02
60	-0.3051246;0.35907477;-0.03880329;0.11391928;0.03681998;-0.02155386;-0.2031025;0.0095827;-0.31131553;-0.05769631;-0.04696998;0.63303179;0.06884415;0.08290977;-0.02622248;-0.12012242;0.18999419;0.0137081;-0.00526131;0.03840129;0.05858555;0.03679463;-0.01724689;0.03244289;0.07587644
631	-0.03905322;-0.08410825;-0.05959789;-0.0408693;-0.00733809;0.02534267;-0.08054318;-0.01425395;-0.02312961;-0.02583369;-0.0232128;-0.00977391;-0.06970234;-0.02878192;-0.00737682;-0.04079261;-0.02567345;-0.0058595;0.08419758;0.0379012;0.00270697;0.01181971;-0.00359836;-0.14679792;-0.05292188
1057	-0.02832224;-0.13317588;-0.08649086;-0.03806048;-0.00564794;0.04494148;-0.05522354;-0.02393389;-0.00550647;-0.03447734;0.11374102;-0.0489749;-0.04886897;-0.03056385;-0.25725954;0.10775035;0.12672229;0.28797003;-0.05275069;0.16432456;-0.06066973;-0.08223514;-0.10936693;-0.15899042;-0.04352876
908	-0.00643289;-0.1556661;-0.09762387;0.01426855;0.2857298;-0.25765128;-0.0711221;-0.11325549;-0.22371826;-0.0472634;-0.09836922;0.39762033;0.06318721;0.06943828;-0.00070255;-0.08468084;0.13886825;-0.00785119;-0.03204183;0.0274017;0.04155708;0.00721634;-0.00730245;0.00178578;0.05012391
55	-0.01979587;-0.13686306;-0.09500556;-0.01081441;0.20585429;-0.15583294;0.01168426;0.14204148;0.01321146;0.05385432;-0.01638432;-0.01834756;-0.09804581;0.00305961;0.1850587;0.06372655;0.03295624;0.10320236;-0.04330437;-0.11608005;-0.11209016;-0.06953899;0.00451306;0.07930112;0.02534353
1068	-0.05725195;-0.06197246;-0.08709079;-0.06121274;-0.12477147;-0.0048285;0.1275767;-0.01942338;-0.11451548;-0.07176973;-0.04562355;0.00351713;0.03812559;-0.04086339;0.01888078;0.05304151;-0.09087791;-0.08225783;-0.00325121;-0.03054175;-0.02863907;0.05125482;0.09055066;0.00162334;-0.12676477
830	-0.05081172;-0.07822183;-0.03973752;-0.07641917;-0.03973728;0.0314167;-0.05829182;-0.03688583;-0.02036753;-0.05479124;-0.00082676;-0.13006224;-0.01623006;-0.12834712;-0.03327859;-0.0117065;0.23107157;-0.07147104;0.17244626;-0.07884411;0.03512242;-0.13274753;-0.08278729;-0.042198;0.15017488
575	0.24430521;0.0625595;-0.03559279;-0.04893053;-0.05614238;-0.00246538;-0.1341632;0.00991708;-0.05847585;-0.10931485;-0.0157157;-0.04221269;-0.14207171;-0.19740547;-0.2318548;-0.07164789;-0.25716809;-0.08660065;0.12556847;0.08099291;-0.3091764;0.03981534;-0.14596909;0.01610068;0.10727964
210	-0.032752;-0.12086423;-0.09333165;-0.01292764;-0.02358251;0.10226918;-0.05429335;-0.03383303;0.22169407;-0.02621037;-0.12968161;0.04221939;-0.05409049;-0.00472751;-0.0254481;-0.01698223;0.06699387;-0.01697927;-0.01552608;-0.02030994;0.02050934;-0.02942267;-0.04998764;0.00238337;-0.03630303
182	-0.00709299;-0.13735683;-0.19392923;-0.0118716;-0.15430331;-0.0055975;0.30953408;0.42292214;-0.05068792;0.00775418;0.01982872;-0.07027901;-0.08079977;-0.0060458;-0.10574415;-0.19592817;0.16044181;-0.09100255;-0.03602863;-0.14890528;0.09070989;-0.05876141;-0.04662693;-0.09023271;0.05683533
304	-0.03273559;-0.11248209;0.08754735;0.07355924;-0.02051708;0.01658944;-0.10989854;-0.00461931;-0.13515627;-0.03938127;-0.03601684;0.17229994;0.00128716;-0.01627971;0.00419839;-0.01407767;0.04652628;-0.01359471;0.0320967;-0.02654651;-0.00511806;0.03768435;0.05841816;-0.01936188;-0.01455826
383	-0.16449847;0.09153638;-0.02575778;-0.03091268;0.02648862;-0.03252355;0.00471814;0.24419772;-0.01599771;-0.04014683;-0.08615643;-0.064491;0.15707874;0.1358054;-0.01976957;-0.13475359;-0.06869182;0.0671442;-0.03109781;0.05327954;-0.01090389;0.00478136;0.11216556;0.01105804;0.01394702
229	-0.01699512;-0.12084077;0.132844;0.00045877;-0.20358659;-0.07666924;0.18931929;-0.05230201;-0.00223444;0.05410844;0.0289869;0.03326277;-0.04977158;0.01011265;0.03093124;-0.01917672;-0.05435305;0.06251488;0.04867313;-0.03800879;0.00891411;0.04255575;-0.01267181;-0.06169461;-0.11209637
457	-0.01429534;-0.11112499;-0.08187003;-0.0354534;-0.05915626;0.06249742;-0.04487478;0.00226329;0.01251905;0.03415995;-0.03050909;-0.05166603;-0.09963957;-0.01767058;-0.0818866;-0.02662318;0.09252806;-0.02176865;-0.03592484;-0.04132469;-0.00207259;-0.08849961;-0.08887131;0.0197633;-0.00769433
674	-0.02947553;-0.17432225;0.09532403;0.19829605;0.00427692;0.0540405;0.00895177;0.28074301;0.2926052;0.01119642;-0.1590256;0.09485621;-0.03027308;-0.01354121;0.20206792;0.0930686;0.08595476;0.07930247;-0.10219829;-0.15782581;-0.14583608;-0.04452421;-0.00657683;0.07299867;0.06527529
564	0.49477134;0.16968256;-0.06363184;-0.03896079;-0.0590847;-0.01080825;-0.10240911;0.05376478;0.03794656;-0.02284497;0.04571479;-0.04902972;-0.08086422;0.09510456;-0.00578678;-0.13799834;-0.01817862;0.08281734;0.00596005;-0.10140095;0.22138596;-0.0344886;-0.10964403;-0.05240038;-0.10933528
166	-0.02309907;-0.16219219;-0.25729616;0.02707913;-0.19756699;0.08442793;0.23635366;-0.06373736;0.20215324;-0.07342997;-0.08524805;0.14743105;0.02252554;0.05416605;-0.15577982;0.19562373;0.05210758;0.1336371;-0.1622248;0.12444965;0.00874493;-0.09386891;-0.12248767;0.03534205;-0.06314205
1019	0.02173914;-0.19905582;0.26835397;0.35332387;-0.05445682;-0.00229077;0.01037551;0.14707054;-0.03638802;0.00764803;-0.00677844;-0.04718773;0.04108253;-0.07345592;-0.08223869;-0.04134183;-0.04813249;0.02125815;0.05557952;-0.12430563;-0.09242059;-0.01118792;-0.05995402;-0.04777046;-0.06441277
693	-0.04760552;-0.13777578;-0.04238254;-0.03041955;0.09255394;-0.04890409;0.03955655;0.58048881;-0.05980233;0.03394897;-0.02360734;0.16375443;0.03726445;0.02719086;-0.04294879;-0.01910394;0.05565922;-0.02002584;0.00623646;0.03568962;0.02703998;-0.00473472;0.0165279;0.01175991;0.03278784
368	-0.04372025;-0.1285018;-0.08770574;-0.01482168;0.02433683;0.06109744;-0.08100976;-0.02382839;0.11369104;-0.02435131;0.22210607;0.0208238;0.06997542;-0.10839724;0.06172454;-0.06509258;-0.01188377;0.06207573;0.02951294;-0.00955081;-0.04658874;0.06053539;0.02096522;-0.03171443;0.01049954
414	-0.06775858;-0.08449559;0.15150577;-0.22360829;-0.13100153;-0.08865272;-0.00970332;-0.05201784;0.08517062;0.03269015;0.03972879;0.00952601;-0.2271465;0.05406584;0.01219429;-0.15948688;-0.10431177;-0.02741425;0.08566641;0.27730688;-0.15349299;0.01185535;0.02825496;-0.09427284;0.20606259
724	-0.05857612;-0.12548531;-0.10761739;-0.13823227;-0.10567718;0.1010721;-0.24711088;-0.08310843;-0.10462334;0.67321728;-0.17339363;-0.08184215;0.18535102;-0.05582288;0.03848191;0.06154837;-0.00781743;-0.15741971;-0.14032023;-0.01028736;-0.00862048;0.08117736;-0.08143001;-0.03013322;-0.03550924
483	-0.10331291;0.05195595;-0.05188681;0.00159773;0.00244329;0.01325122;-0.05369997;-0.01396069;-0.00363568;0.02666842;0.00797049;-0.00663021;-0.0442336;0.01396825;0.03239347;-0.01662079;-0.01233633;0.03821428;0.03457757;0.01120092;-0.00405329;0.00520108;0.02590435;-0.04270057;-0.04336755
608	-0.01671416;-0.10542487;-0.05572135;-0.04270734;0.02145764;0.01803786;-0.08662265;-0.01589275;-0.01087217;0.0309793;0.05173032;-0.04483644;-0.07216436;0.01562197;0.08254885;-0.01144987;-0.04705239;0.00675926;0.05363217;-0.03845187;0.0277614;-0.08308105;-0.02854034;0.00077897;-0.07532061
433	2.92332394e-01;7.11409099e-02;-6.18013388e-02;-2.96246353e-02;-2.80359530e-02;-2.01774854e-02;-9.81119381e-02;2.47392875e-02;5.33253960e-02;2.50095736e-02;-2.03199477e-02;-1.97102602e-02;-8.85292617e-02;2.52155815e-02;4.28771077e-02;-2.82881759e-02;1.05294427e-02;6.88368034e-02;7.59066068e-02;1.44800597e-01;1.30235977e-04;4.60045894e-02;5.86562704e-02;1.10784663e-02;6.34571558e-02
616	-0.01122959;-0.12707138;-0.16355007;0.00324124;-0.19167782;0.02338239;0.17135177;-0.04155874;-0.09181623;-0.03528259;0.0231934;0.01725572;-0.15314605;-0.07165401;-0.03422331;-0.07344591;-0.19991941;0.0317751;0.0594144;0.1810434;-0.15457124;0.03073078;-0.07521937;0.03525107;0.08486508
870	0.374795;0.16598596;0.01875315;-0.10623684;0.00362754;-0.06975867;-0.21714685;0.15673862;-0.22609516;-0.15210514;-0.09451713;0.36856901;0.17506323;0.08801519;0.05066993;-0.01525267;0.11759344;0.02171539;-0.05871578;0.02798577;-0.05336587;0.05292145;0.12045833;0.0110924;0.03948542
1	-0.0446825;-0.12416582;-0.10990954;-0.01413642;-0.02404191;0.13120077;-0.04634943;-0.03138396;0.26874367;-0.1054517;-0.1429553;-0.00488422;-0.04881371;-0.11089314;-0.09498108;-0.04802421;0.18142849;-0.03310387;-0.00982918;-0.21367078;-0.02557391;0.03844345;-0.06104826;0.0082733;0.01322847
353	0.61459202;0.26183629;0.01386361;-0.07053029;0.07380311;0.13334311;-0.01006308;0.01222293;-0.01106149;-0.00574264;0.04119347;-0.03019951;-0.06075255;0.02095102;-0.0235116;-0.06289812;-0.06808746;0.06953255;0.02088766;-0.04479616;0.12505521;-0.03835693;-0.03130718;-0.05162008;-0.11533656
933	-0.0273419;-0.08924603;-0.04510277;-0.04012749;-0.00483116;0.02385746;-0.06006951;-0.01258432;0.00396546;0.00697354;-0.00339728;-0.02135666;-0.04650242;0.0197606;0.04296023;-0.01534122;0.01442804;0.03666172;0.04735354;0.01667376;0.00142182;0.00712324;0.02483808;-0.0243623;-0.02865702
536	0.00795879;-0.04117433;0.06073747;-0.09555728;0.22041595;0.32032198;0.12454018;-0.06853402;-0.08237208;0.03761654;0.00631099;-0.01816207;-0.04345463;-0.03123166;0.02957473;-0.02272009;-0.02872382;0.0409036;0.02792835;0.0582847;-0.03579631;-0.00683581;0.06280004;-0.04965451;-0.03118119
323	-0.01059523;-0.13491843;0.09965242;0.15918663;-0.05326347;0.02824283;-0.05050884;-0.01898743;0.00875549;0.0137314;0.00042508;-0.03052251;-0.03375787;0.0122236;0.03676399;-0.01149827;-0.00664366;0.05638029;0.02901745;0.00647337;-0.00974728;0.01278989;0.04755219;-0.03832232;-0.03787745
33	-0.39801544;0.59209978;-0.17575444;0.238852;-0.11328361;-0.02560663;0.15522441;-0.04373891;-0.01821574;0.07765159;0.03282874;0.03508435;-0.01373718;0.05205789;-0.00610153;-0.0282424;-0.02081833;0.03511646;0.0071511;0.01671737;0.0185695;0.00152049;-0.00956613;0.00415337;-0.00453557
508	-4.68697666e-01;6.89307006e-01;-1.12097515e-01;2.23085597e-01;3.44843020e-03;-2.21536251e-02;-1.84932225e-02;-2.91481654e-02;2.02382588e-02;5.02415422e-02;2.33812492e-02;-6.20034894e-02;-5.50963388e-02;-4.47330812e-02;-1.56428691e-01;-1.00230642e-01;1.55726133e-01;-2.14357500e-02;7.99125014e-03;-7.94059376e-02;1.16417682e-02;1.46511266e-02;5.29701742e-04;2.15374446e-02;5.51774923e-02
358	0.01675498;-0.15325451;-0.11544083;0.02150963;0.1562504;-0.1336424;-0.00665988;-0.04382731;0.00553882;0.00631813;-0.03057431;-0.03885356;-0.11536297;0.05400002;-0.01261364;-0.11214948;-0.05669893;0.09031904;0.04063604;-0.08245149;0.19186954;-0.0140127;-0.07737303;-0.08325654;-0.10543211
949	-0.00532287;-0.1360001;-0.06449523;-0.01732766;0.04817493;0.00436709;0.03380481;0.43378356;0.05247108;0.05391874;-0.00469088;-0.00071248;-0.07356859;0.08177447;-0.00330884;-0.10891902;-0.00989994;0.04973834;0.02424512;-0.08460785;0.17825278;-0.04390241;-0.11432224;-0.03074424;-0.04434018
163	0.38738896;0.59910778;-0.0597886;0.0910513;-0.0532766;-0.05886362;-0.13139549;0.01688714;0.07432233;0.03155397;0.01673171;0.00889643;-0.06908417;-0.02266631;-0.07173264;-0.0407082;-0.09713638;-0.02556074;0.04761059;0.17486606;-0.11878789;0.02059875;-0.04140343;0.08651049;0.0888767
115	-0.02643776;-0.09690159;-0.05744947;-0.03882906;0.00172677;0.02546889;-0.06999368;-0.01814483;0.00533172;0.00778827;-0.01582458;-0.031321;-0.06209634;-0.00211881;0.01366159;-0.0543487;0.04339449;0.05318678;0.05073307;0.01386155;0.03201386;0.02171424;0.0105662;-0.05243445;-0.04549812
327	-0.00232675;-0.10315302;-0.08254635;-0.03525537;-0.06785237;0.05498269;-0.03352748;0.01277421;-0.00481626;0.01715764;-0.01833816;-0.06418353;-0.08934871;-0.01163878;-0.05174184;-0.04432833;0.09227326;-0.00779697;-0.00061367;-0.04692932;0.00922321;-0.03117728;-0.09765992;-0.00479688;-0.00799033
913	0.0889048;-0.10993288;0.52832084;0.31101463;0.28046871;0.49269202;0.29901915;-0.13282681;-0.1484386;0.10271705;0.00392545;-0.02967496;0.03509662;-0.05505287;0.01295969;-0.00915337;0.01871753;0.04326759;-0.02031439;0.00386671;-0.03595674;-0.0392104;0.06576032;-0.0103178;-0.01267962
333	0.3580846;0.13096708;-0.04704917;-0.04315422;-0.03551278;-0.01133978;-0.10464558;0.01183179;0.02324092;-0.00104118;0.00689408;-0.02265265;-0.01164803;0.01597338;0.03500962;0.01657943;0.02005289;-0.01517218;0.03446671;0.06170076;-0.02028383;0.01444267;0.02005509;-0.03051748;-0.06353883
51	0.18168603;-0.01523159;-0.08540403;-0.07168921;-0.06033964;0.04906591;-0.12299515;-0.03543269;-0.01501553;0.32241221;-0.07221217;-0.03926669;0.01681612;0.02475662;0.02727161;-0.00138592;-0.02686275;0.06701296;0.04095903;-0.09090201;0.14825768;0.24318475;-0.07568619;-0.00500584;0.08332819
61	-0.06111952;-0.04043089;0.015472;-0.09501854;-0.02601282;-0.05532489;-0.14161022;0.03248531;-0.06678842;-0.10096601;-0.01648886;-0.05736709;-0.33424317;-0.22039311;0.4502468;0.24606479;-0.01413202;0.13146802;-0.47312044;-0.22253224;0.01179152;-0.16669931;0.19688709;0.09252734;0.20716576
377	-0.01211097;-0.11572118;0.07866586;0.13037327;-0.04941908;0.01565392;-0.03416611;-0.01652799;-0.01841337;0.02400303;-0.00059922;-0.02831546;-0.03040352;0.00124739;0.02624423;-0.01272532;0.02574882;0.02224267;0.04016761;0.00554557;-0.00548396;0.02002402;0.00176849;-0.02870801;-0.02339027
659	-0.08416745;-0.05040598;-0.03791286;0.13020511;-0.08095604;0.04322709;0.09987446;0.10101935;0.12058845;0.011905;-0.04818401;0.03298496;0.01588566;-0.00637533;0.04246117;0.00117519;-0.00332511;-0.02226759;0.01166599;0.02991816;-0.03638925;-0.00881074;-0.02614796;0.02758556;-0.03002362
97	0.40773999;0.14678901;0.00380737;-0.04482957;-0.04414726;-0.01767684;-0.13515179;-0.01377288;-0.00223008;-0.06187237;-0.01356687;0.02861526;-0.00079217;-0.01738094;-0.09100141;0.05288866;-0.19574296;-0.0774052;0.03199484;-0.11455607;-0.09918766;-0.0477487;-0.05304303;0.09530624;-0.08027529
401	0.30132213;0.09397164;-0.04067502;-0.03569821;-0.02413987;-0.0165174;-0.09088381;0.00694795;0.02697241;0.00941022;0.01216251;-0.01084527;-0.01446505;0.0149976;0.02433535;-0.00244016;0.0172386;0.00839518;0.02946888;0.02598347;-0.01149006;-0.01061564;0.01816525;-0.01985128;-0.02699758
858	-0.04590458;-0.13765639;-0.1001161;0.01223972;-0.01242886;0.17713627;-0.0350377;-0.06710334;0.48608482;-0.09960089;-0.23876582;0.15434543;0.01185795;0.01278453;0.04205083;0.01155788;0.0251741;-0.04421674;-0.01709025;-0.01127017;0.02841976;-0.03114582;-0.03466423;0.02196492;-0.00378298
833	-0.03229259;-0.18595139;-0.14352044;0.00405769;0.10687126;-0.04528845;0.04295212;0.0818355;0.19114689;-0.0738329;-0.0996107;-0.01719626;0.02800582;0.00387478;-0.35359571;0.22160841;0.18851484;-0.06534604;-0.09201467;-0.08709555;-0.03337835;-0.03355475;0.02743709;0.08813541;0.05895063
342	0.53467855;0.20144784;-0.04866301;-0.00821498;0.1292686;-0.21165074;-0.08513104;-0.01282386;0.02969369;0.00520413;-0.03653824;0.00535526;-0.05881008;-0.00749071;0.1399341;0.04428353;0.02422168;0.07711084;-0.06755233;-0.0474369;-0.11140039;-0.03602059;0.05851092;-0.00467076;0.04702196
846	-0.11257267;-0.0405774;0.37643056;-0.39605965;-0.08879903;-0.26782782;0.13523527;0.13287128;0.12320303;0.06240736;0.02855935;0.07722079;-0.08540601;-0.0212005;-0.03294014;-0.0177303;-0.03827037;0.05786489;0.05131194;0.0491647;0.03537447;0.10008845;0.00930773;-0.0864837;-0.12566194
206	0.32878913;0.09157136;-0.0376439;-0.03899038;0.00318368;-0.02703143;-0.09539439;-0.00893936;0.0114211;-0.02932628;-0.01603263;0.00292338;-0.03486322;0.00618397;-0.03163186;0.05767488;-0.02435156;0.0168914;0.06469897;0.02354192;-0.02556617;-0.01126641;0.03320059;-0.05096165;-0.08305024
478	-0.05213407;-0.08375272;-0.0050831;-0.0731327;0.01742526;-0.00586495;-0.12591302;0.00610305;-0.19671926;-0.10332246;-0.06185082;0.29722454;0.04730987;0.02938028;-0.03639201;-0.01450057;0.01361079;-0.00755675;0.03069965;-0.07585918;-0.03411665;-0.00118305;0.05571555;0.02266093;-0.05533529
122	-0.02504806;-0.08594634;-0.05219744;-0.03717328;-0.01217541;0.0237803;-0.05237817;-0.00904058;-0.00949622;0.00071767;-0.00439064;-0.03022401;-0.03419471;0.02629963;0.04318016;-0.01785936;-0.00106321;0.0385554;0.04736194;0.01923227;-0.00153846;0.0112916;0.03604235;-0.04120035;-0.04252648
63	-0.04839543;-0.13220587;-0.00406573;-0.05332772;0.00165644;0.09349894;-0.10334711;-0.05861334;0.03760534;0.02172719;0.39809007;-0.04824178;-0.22045711;0.63912035;-0.02096696;-0.04452526;0.05441284;-0.33265163;-0.13682291;-0.10951323;-0.05276855;-0.06452129;-0.1034725;0.18349966;-0.00582106
308	6.98523938e-01;3.05952854e-01;-9.62218831e-03;-3.93285805e-02;-7.69056054e-02;-4.54830975e-02;-1.56610371e-01;9.77887190e-03;6.49035106e-02;-1.32120912e-02;-5.53952811e-04;9.77132809e-03;-8.13040341e-02;-3.60975752e-02;-6.82393621e-02;-1.89053750e-02;-1.23252100e-01;-7.81903291e-02;2.98334462e-02;1.83017860e-01;-1.67950416e-01;2.58097513e-03;-2.23987141e-02;1.43832997e-01;1.15200430e-01
683	-0.04369804;-0.14556545;-0.12963831;-0.14002078;-0.12213057;0.10938716;-0.26418077;-0.0995421;-0.0800527;0.83549538;-0.16970729;-0.02420259;0.18854875;-0.04989614;-0.03503816;0.0230444;-0.08437711;-0.07904301;-0.11919413;-0.07664031;0.01519844;0.00995902;-0.01174732;-0.02064078;0.04678525
581	-0.04870576;-0.07208898;-0.02853911;-0.06294175;-0.00102246;0.00105485;-0.05801629;0.00482273;-0.01988021;-0.02657558;-0.01215381;-0.0642114;0.00548638;0.00557978;0.06887383;0.0029449;0.01491683;-0.00232563;-0.01278511;0.08995038;0.06486008;0.06519053;0.03389585;-0.01383465;-0.08873831
856	-0.01252648;-0.07395151;0.01652387;-0.12904545;0.14887781;0.30552049;0.08805518;-0.09484596;-0.16792587;-0.11805138;0.08254736;-0.08680995;-0.03184448;-0.18567872;-0.45885289;0.13537797;0.11063895;0.14044114;-0.10760287;-0.12225357;-0.10789437;-0.07011952;-0.1631081;0.0208772;-0.01282729
1080	-0.04853992;-0.1431551;-0.10942718;-0.06448121;-0.05470524;0.05797182;-0.07804603;-0.05592275;-0.00970609;-0.1068702;0.06306889;-0.0820631;0.09525818;0.15525201;-0.35140799;0.45459923;0.0640491;0.19502494;0.01091295;0.14630526;0.00235888;0.04396954;0.20268919;-0.0238461;0.06352496
253	-0.05649234;-0.07100872;0.01828037;-0.09405789;-0.00545036;-0.01249122;-0.09502311;-0.01949302;-0.16951839;-0.17553443;-0.03244064;0.03784959;0.05516284;-0.09843626;-0.15468257;0.10978472;-0.39630866;-0.06428234;0.08605702;-0.38275003;-0.17861617;-0.0177241;-0.11693686;0.07545758;-0.16626484
791	-0.01412678;-0.14331253;-0.15616525;0.02563442;0.24259087;-0.23150181;0.04296139;-0.14846701;-0.00652439;-0.03046339;-0.04775123;-0.09030155;-0.0788521;-0.12686404;-0.17893207;-0.15224262;0.13662202;-0.07678623;0.06465152;-0.04224169;-0.05696052;-0.04246584;-0.05627037;-0.28438905;-0.01980366
507	-0.06795665;-0.10381036;0.15601112;0.06019691;-0.06021493;0.05663178;-0.07059422;-0.02931078;-0.11365485;-0.12259081;-0.00160994;-0.20349033;0.25673376;0.02476469;0.19436556;0.37771404;0.18252932;-0.27968674;0.1923868;0.0937808;-0.0011925;-0.00344328;-0.12566006;-0.05042596;0.06282518
62	-0.04369804;-0.14556545;-0.12963831;-0.14002078;-0.12213057;0.10938716;-0.26418077;-0.0995421;-0.0800527;0.83549538;-0.16970729;-0.02420259;0.18854875;-0.04989614;-0.03503816;0.0230444;-0.08437711;-0.07904301;-0.11919413;-0.07664031;0.01519844;0.00995902;-0.01174732;-0.02064078;0.04678525
464	-0.01283173;-0.16977705;0.0833232;0.13160716;0.01983463;0.00125784;-0.0015667;0.21432993;0.01810537;0.05090668;0.05587914;-0.05199379;-0.01299285;-0.01010188;0.04011162;-0.02220889;-0.02510664;0.0148014;0.04939243;-0.01260667;0.02634476;-0.03534696;-0.02643357;0.00612928;-0.05648548
306	-3.71744438e-02;-9.41104636e-02;-3.11445349e-03;-7.88774704e-02;-3.87693362e-02;-6.03599697e-06;-1.16285394e-01;-3.50681956e-03;-1.17244416e-01;-1.38657600e-01;1.20982298e-02;-6.23148444e-02;-1.70067111e-01;-1.65869065e-01;-9.72667884e-03;7.59536155e-02;-2.85803362e-01;-4.35171936e-02;-1.20390544e-01;-1.60100219e-01;1.69484250e-01;-5.18617644e-02;2.41939052e-02;-3.01051751e-02;-7.65744331e-02
648	0.2807332;0.09564637;-0.07699381;-0.06635636;-0.05865634;-0.00464574;-0.08006111;-0.01475071;0.0040442;-0.04239972;-0.01340881;-0.11534178;-0.06518246;-0.12966995;-0.13365263;-0.11145101;0.26838133;-0.09867818;0.02778974;-0.10753366;-0.04029457;0.00546374;0.03000839;-0.00800892;0.02949968
972	-0.0400701;-0.08853943;-0.04592621;-0.0385897;-0.00112807;0.00976005;-0.05410094;-0.0227374;-0.03424733;0.00620235;-0.00368881;0.01282065;-0.06231856;0.02001257;0.04479268;-0.02223538;0.03407212;-0.00849989;0.07345732;-0.01307928;-0.03436942;0.01728611;0.05322095;0.02112074;-0.0389914
75	-4.77015930e-02;-1.48228936e-01;-3.65823307e-02;-1.97346141e-02;1.47094743e-01;-7.30580481e-02;1.72024084e-01;8.91550324e-01;5.19583253e-02;1.27771175e-01;1.53986045e-02;9.07235170e-03;4.22947201e-02;-3.53614574e-03;-5.90690937e-02;3.02001166e-02;2.00111254e-02;-6.48242230e-02;1.14252480e-02;9.33756818e-03;-3.38015046e-04;-3.32548692e-02;-1.95258972e-02;4.81364134e-02;1.69755315e-02
982	0.05405874;-0.04627149;0.09538739;-0.12089695;0.28868297;0.43941502;0.20709428;-0.10252362;-0.0831441;0.05981378;0.14624196;-0.06130581;-0.16737123;0.31090519;0.06716285;-0.01195751;-0.00655736;0.05088912;0.05731464;-0.16076916;0.22096098;0.38965443;-0.16522253;0.14277556;0.20422758
376	-2.61848368e-02;-1.25042587e-01;-9.73526670e-02;3.76630791e-02;2.56572579e-01;-2.65411670e-01;-2.35727962e-02;-1.12781376e-01;-1.24199212e-03;-1.24598204e-02;-7.66356903e-02;2.51380887e-03;-5.90488035e-02;-8.31576273e-05;-3.84131184e-02;-4.02830120e-02;-7.53132017e-02;-1.65289475e-02;5.70315645e-02;3.57325519e-02;-2.63474522e-02;-1.62476498e-02;2.71249164e-02;-1.84841297e-01;-1.72501822e-01
278	-0.07322553;-0.05537504;0.01738087;-0.09075466;-0.03828822;-0.00451415;-0.05094599;-0.04348549;-0.00184904;-0.05079601;0.08378138;-0.07627655;0.15509609;-0.07711523;0.18451599;0.22083396;0.08529535;-0.07971585;0.34815994;0.03003216;0.16015098;-0.28648248;-0.17392829;-0.0524606;0.26028702
888	-0.01967087;-0.20256397;-0.09609122;0.17430952;-0.1487579;0.14346031;0.12970367;-0.12599449;0.40148203;-0.09259803;0.02107781;0.17674275;0.15152761;-0.08343046;0.0675125;0.00127064;-0.04058728;-0.03380726;-0.04079375;0.01541423;0.00494911;0.03747628;0.0689128;0.0225598;0.03362372
160	-0.0234719;-0.09397518;-0.05718565;-0.03190279;-0.00241318;0.01077258;-0.06756343;0.00971956;-0.02769703;-0.01225999;0.01620063;-0.03736975;-0.0927432;0.00189054;0.02192022;-0.04486359;-0.09086325;0.08112253;0.08339413;-0.01873328;0.04470113;-0.0089185;-0.02149043;-0.07621366;-0.12111936
750	-0.15221261;0.10497321;-0.02143087;-0.03892391;-0.04764711;-0.01008812;-0.07545094;-0.01842296;-0.06107365;-0.08346202;0.00092173;-0.10934125;-0.20023015;-0.26086631;-0.0281411;0.00610284;0.04355304;-0.16251506;-0.29408899;-0.06822648;0.27646319;-0.06644896;0.15183999;0.02854313;0.12422757
609	-0.04215129;-0.10834782;-0.02881514;-0.07076356;-0.02692449;0.01447849;-0.14041994;-0.02759408;-0.14267168;-0.06791614;0.01523246;0.21786884;0.03439361;0.05236983;-0.04649896;0.13200472;0.14450584;0.1690853;0.05578144;0.09456107;0.05362689;-0.1240811;-0.13756258;-0.04705246;0.06888062
48	0.02533792;-0.02557064;0.08199231;-0.12648252;0.29629977;0.41564592;0.19240851;-0.09016691;-0.08852033;0.02128637;-0.02389447;0.01885713;-0.03859596;0.0020195;0.01302695;0.0422343;0.01005939;0.05100757;0.05374425;0.00424571;-0.0110372;-0.03547891;0.06779563;-0.02751151;-0.03099435
763	-4.77015930e-02;-1.48228936e-01;-3.65823307e-02;-1.97346141e-02;1.47094743e-01;-7.30580481e-02;1.72024084e-01;8.91550324e-01;5.19583253e-02;1.27771175e-01;1.53986045e-02;9.07235170e-03;4.22947201e-02;-3.53614574e-03;-5.90690937e-02;3.02001166e-02;2.00111254e-02;-6.48242230e-02;1.14252480e-02;9.33756818e-03;-3.38015046e-04;-3.32548692e-02;-1.95258972e-02;4.81364134e-02;1.69755315e-02
942	-0.0346739;-0.09250856;-0.06082554;-0.04623227;-0.01018355;0.03186846;-0.08615144;-0.00813797;-0.01242424;0.04816026;-0.00912913;-0.03724777;-0.0421492;0.03729229;0.04380975;-0.01908501;0.0151716;0.03291112;0.0641794;0.00683517;0.00960836;-0.02369168;0.04449588;-0.04430741;-0.09000407
684	0.00237358;-0.15109675;0.16660001;0.20922764;-0.06590889;0.00392955;-0.02413999;-0.00902206;-0.02747373;0.03745541;-0.00770653;-0.02062414;-0.00789687;0.00434245;0.04363874;0.0035498;0.00226337;0.04437578;0.02530077;-0.03761571;-0.00873836;0.03495492;0.02571927;-0.04203129;-0.04822559
603	-0.02120039;-0.08817939;-0.04375796;-0.02635146;0.00965759;-0.02546035;-0.05501284;-0.03438772;-0.02256749;0.00516997;0.00684102;-0.03376119;-0.06226046;-0.0079146;0.013789;-0.01016268;-0.03329347;0.02495034;0.05880702;0.04519921;-0.02291317;-0.04410214;0.01705788;-0.06828876;-0.07127927
717	-0.01671416;-0.10542487;-0.05572135;-0.04270734;0.02145764;0.01803786;-0.08662265;-0.01589275;-0.01087217;0.0309793;0.05173032;-0.04483644;-0.07216436;0.01562197;0.08254885;-0.01144987;-0.04705239;0.00675926;0.05363217;-0.03845187;0.0277614;-0.08308105;-0.02854034;0.00077897;-0.07532061
767	-0.05318224;-0.10386378;-0.06713651;-0.01101079;0.00415252;0.14012725;-0.04457677;-0.02366342;0.2938237;-0.07578773;-0.16278297;0.08514942;-0.00181163;0.01002557;0.00406547;0.05841094;-0.01556073;-0.04445689;0.01421899;-0.01216851;0.00326511;0.00948924;0.06420333;-0.00578481;-0.04211577
1053	-0.05638233;-0.19848988;-0.09950356;0.0118473;0.07774311;0.06408557;0.02687635;0.4057153;0.32967553;-0.00802016;0.18487978;0.10156711;0.12961071;-0.0417982;-0.01261115;-0.07675006;-0.04238575;-0.06582621;-0.04566204;0.05044328;-0.03359303;-0.01793838;0.01938611;-0.09623254;0.10294231
37	-0.0165809;-0.16760967;0.11618543;0.18434531;-0.04815056;0.09315351;-0.0434795;-0.01751113;0.24009809;-0.04336833;-0.14937654;0.06945032;-0.00874318;-0.01220141;0.01339567;-0.01690672;0.01083221;0.0042808;-0.00902658;0.01077339;0.02368745;0.00638651;0.01979517;-0.012228;0.02114825
927	-0.02943337;-0.08814908;-0.05676285;-0.0365885;-0.00032026;0.01531741;-0.05343819;0.01687833;0.00195606;0.01276857;0.04197639;-0.0130707;-0.03746063;-0.00180917;0.07432983;-0.02349184;0.02007389;0.04767167;0.03605756;0.0180589;0.00255254;0.00914198;0.02072775;-0.04525507;-0.02167116
86	-0.00495928;-0.13037947;-0.08731676;-0.00758304;0.14944342;-0.1096397;-0.03160712;-0.07617911;-0.00998477;0.04012829;0.01793737;-0.04190438;-0.05491384;0.02117373;0.06825416;-0.0074387;-0.03228653;-0.00573444;0.03095477;-0.02644838;0.0200674;-0.069176;-0.02364553;0.0026376;-0.0550502
986	-0.14986243;0.06464434;-0.07626565;-0.02621374;-0.04092065;0.03757368;-0.15978474;-0.03596076;-0.02868466;0.29692877;-0.08980106;0.00168245;0.05145472;-0.01064661;-0.03459925;-0.0014332;-0.09318306;-0.03025067;0.00638349;-0.08427683;0.0101963;-0.01881486;0.01215708;-0.1267279;-0.09203783
707	0.02571637;-0.15222258;0.08353458;0.09410554;-0.05276975;0.04328394;-0.04933372;0.04034581;-0.04806675;-0.0543943;0.01022546;-0.04943598;-0.11493967;0.10455959;0.00154417;-0.14613559;-0.15568609;0.10812962;0.04906036;-0.16177292;0.23201111;0.12392047;-0.11661762;-0.10403811;0.07684265
893	-0.0649377;-0.18596076;-0.18416392;0.03054901;0.02433985;0.19674865;-0.07644671;-0.10182784;0.64762221;-0.1118422;0.28971493;0.25284146;0.32290771;-0.24227627;0.10627962;-0.06789507;-0.01079472;-0.04699441;-0.09618126;-0.02436607;-0.01701016;0.10311622;0.01847047;0.06445463;-0.00937627
723	-0.00812236;-0.14319195;0.01305982;0.05423268;-0.04185165;0.02000589;-0.060112;-0.01672594;-0.03217772;-0.03333649;0.01893492;-0.0344539;-0.02850721;0.02684438;-0.07228802;0.03497871;0.01706869;0.17249124;0.00689683;0.05700106;0.05038536;-0.01929751;-0.01876312;-0.04265881;-0.024573
380	-0.29576211;0.35713539;-0.0638285;0.09673645;0.01335226;-0.0276194;-0.06705878;-0.00821202;-0.02361332;-0.00797964;0.00952151;-0.03034356;0.00050076;0.0165605;-0.01405693;0.01537379;-0.09720847;-0.01597617;-0.01027979;-0.03014682;0.01312169;0.04716792;-0.04764824;0.04370446;-0.09828054
245	-0.02614172;-0.10468378;-0.06837042;-0.02478754;-0.01747003;0.02820703;-0.03678773;-0.00434114;-0.01274163;-0.02240437;0.00624166;-0.07744058;-0.10096282;-0.07287417;-0.09992954;-0.15210901;0.08253182;0.06987478;0.11136134;0.0350877;-0.0819929;-0.04671216;-0.03961871;-0.25821635;-0.05166168
624	-0.04624328;-0.07075842;0.0130422;-0.08289103;-0.01611236;0.01716986;-0.06345262;-0.03673644;-0.04132844;-0.02378562;0.00221784;-0.07495597;0.1116718;-0.00738081;0.16245146;0.13038859;0.05545214;-0.01709091;0.33318922;0.01670534;0.10179077;-0.35500493;-0.25606696;-0.06715608;0.21078614
431	-0.04619455;-0.14043615;-0.08991569;-0.06318973;-0.05427354;0.03663924;-0.22295055;-0.05784843;-0.13940426;0.24265117;-0.07107006;0.17845513;0.08083699;0.00340218;-0.10649866;0.01749505;0.10087288;0.15072339;-0.0040912;0.10308664;0.11712147;-0.12100608;-0.02109957;0.20103843;-0.09588333
831	-0.02293581;-0.08468817;-0.04804101;-0.0428092;0.00122527;0.03035043;-0.06282461;-0.00744329;-0.00557472;0.01318703;0.00752461;-0.02632883;-0.0539347;0.0203867;0.04821739;-0.01241833;0.01409582;0.05255872;0.05329595;0.02517348;-0.00320123;0.00364527;0.02675922;-0.0429783;-0.03944941
454	-0.04019212;-0.12723155;-0.04057979;-0.02607413;0.09515576;-0.04030226;0.09242143;0.58713122;0.03300349;0.08901918;0.01201425;-0.00208401;0.01305468;0.00365094;-0.02594313;0.01490008;0.01803095;-0.03174865;0.02266113;0.01211683;-0.00130551;-0.02488487;-0.00695542;0.02294642;0.00145315
1048	0.03635643;-0.0913892;-0.06047837;-0.03542756;0.01280235;0.07086594;0.01879558;-0.01882451;-0.01568884;0.02173107;-0.0146902;-0.08134911;-0.11998043;0.1287075;0.11904969;0.01093829;-0.01390932;0.23633673;0.19471749;-0.17535368;0.35911135;0.62202599;-0.20010095;0.08894631;0.27648542
214	-0.00031247;-0.1810734;0.02692165;0.17709457;0.16411289;-0.16475097;0.06655481;0.15507489;0.02426892;0.06986979;-0.02884984;0.0057436;-0.01220543;0.01054869;-0.03393077;0.0004704;0.00419393;0.00741409;0.01680955;0.04995457;0.0134006;-0.00179709;0.01887495;0.03002831;0.02159914
945	-0.15695655;0.03126727;0.04805412;-0.14074677;0.01993133;-0.03554797;-0.04087756;0.24906864;-0.10392547;-0.21781354;-0.14786454;-0.20156758;0.40543278;0.10486504;-0.04582771;-0.00464032;-0.20335434;-0.00728786;0.04006692;-0.10014865;-0.03310252;-0.11173041;-0.07922734;-0.02584233;0.08225846
744	-0.06951823;-0.12633126;-0.07769572;-0.04052663;-0.07295696;0.08755101;-0.10478982;-0.05518878;0.1504808;-0.1607493;-0.10701148;-0.01841324;-0.20994308;-0.22030431;-0.26545334;0.00392105;0.05210354;-0.0040779;-0.13769389;0.12704832;0.04502767;-0.03614116;-0.08312937;-0.10424686;0.08980964
622	-0.07718985;-0.11228347;-0.09585671;0.03411136;-0.01527952;0.16379363;-0.08910312;-0.05074057;0.5436699;-0.14444266;-0.29642817;0.20955304;-0.00361233;-0.0181285;-0.006765;0.0098766;-0.05724386;-0.10198786;-0.01414777;-0.06691711;0.04206612;-0.02383527;-0.09241966;-0.22691741;-0.13597864
992	-0.11437981;0.02844822;0.07172546;0.14126854;-0.02682658;-0.03337416;-0.0787257;0.00348236;-0.05307229;-0.03211011;0.01092492;-0.03109143;-0.09299425;-0.02344938;0.08624766;0.07827018;-0.11888674;0.15260071;0.00526761;-0.20461955;-0.13270843;-0.0002094;-0.02301425;0.00419414;-0.04119455
977	0.03259247;-0.16282405;0.12585644;0.20361666;-0.05479717;0.00182568;-0.04899166;-0.00378486;-0.03314804;0.00276557;0.02407449;-0.07558293;-0.1062176;0.04067991;-0.00066261;-0.13302197;-0.0808347;0.12536722;0.05890695;-0.10414786;0.18225517;-0.01757614;-0.07913031;-0.05952495;-0.13715785
759	-0.01144168;-0.06833486;0.02248323;-0.05671502;0.23781402;0.44309153;0.15625382;-0.10569129;0.31747071;-0.03569571;-0.19519001;0.13878796;-0.01206454;-0.0184599;0.05432419;0.01363922;0.01737148;-0.00256145;-0.02877889;-0.01775532;-0.00566429;-0.0444142;-0.00639475;0.00549591;-0.00621794
270	-0.12526218;0.06651464;-0.19585632;0.04858242;-0.17283032;0.02540714;0.13356178;-0.06925117;-0.08645134;-0.06451959;0.04087811;0.03030267;0.00162725;0.00825938;-0.19981735;0.17685994;-0.0981291;0.19361667;-0.089393;-0.03866196;-0.03549099;-0.04610921;-0.15969355;0.06120716;-0.06879913
781	-1.56572437e-01;1.83767794e-01;-1.47598773e-01;2.16696176e-02;-1.00573301e-01;1.21616372e-01;2.74264968e-01;-8.55650711e-02;-1.44608451e-01;-4.59366639e-02;-4.19750869e-02;-5.95601700e-02;8.90314923e-02;5.94948928e-02;9.60194868e-02;1.37139197e-01;-1.58254858e-04;-1.40644993e-01;6.13176912e-03;1.42631511e-01;-2.70550016e-02;1.37128145e-01;9.01785412e-02;-8.70041059e-02;-1.38223275e-01
811	-0.07019962;-0.05586506;-0.03981512;-0.01616947;-0.00987523;0.01008121;-0.12627063;0.00585454;0.06179762;-0.05707194;-0.05861399;0.02936151;-0.06763417;-0.03003269;-0.01367987;-0.04587982;-0.08647234;-0.02282424;0.06733755;-0.04785207;0.03482234;-0.01865623;-0.06066355;-0.37532805;-0.17173435
668	-0.05250963;-0.11112496;-0.04404227;-0.02905908;0.0587242;-0.01182129;0.04137518;0.39384459;0.00363686;0.0417116;-0.01139697;-0.00394219;-0.0378174;-0.05843409;-0.06967977;0.02301756;0.00872508;-0.07454116;0.02895868;0.01659289;-0.04364497;0.010576;0.01958259;0.01580505;0.01600968
133	-0.03854627;-0.10274393;-0.09177982;-0.01152229;-0.0109579;0.1057939;-0.05698004;-0.03118765;0.24140438;-0.05135581;-0.11173625;0.06707046;-0.01911913;0.00374503;0.04983233;0.0003851;-0.00604164;0.02054355;0.01405004;-0.03565431;-0.00050189;0.00094133;-0.01674807;-0.01944249;-0.07387504
1058	-0.01710847;-0.01638559;0.06932074;-0.15902158;0.18147448;0.30006267;0.13938426;-0.06587792;-0.10534355;-0.03414668;-0.01755637;-0.16879521;-0.04945719;-0.13788405;-0.05943952;-0.08600343;0.30507354;-0.12762246;-0.05193686;-0.0836572;-0.08396916;0.00853784;-0.03773201;-0.00535901;-0.00355528
812	-0.04749285;-0.09295906;-0.00280619;-0.09378428;-0.02227832;0.00930754;-0.07359814;0.00039824;-0.00460029;-0.10855715;-0.10010109;-0.15544371;0.18715796;0.10829155;-0.0009744;-0.19278587;-0.04763147;0.12369359;-0.08007952;0.03655458;-0.05211559;-0.0136202;0.01068175;0.01961698;0.09463597
1023	-0.04263865;-0.12230474;-0.03798593;-0.02690335;0.02401026;0.00833855;0.01494264;0.28696533;0.00121238;0.01280894;0.04078566;-0.02881996;-0.0748036;0.05381771;-0.03724315;-0.14256222;-0.01220141;-0.0258534;0.02888326;0.06561536;-0.02908822;-0.11486549;0.00664191;-0.32751935;0.05594478
690	0.02033427;-0.2159119;0.04465083;0.22568886;0.14117467;-0.18655672;0.0266219;-0.13552055;-0.02192719;0.02668701;0.03361935;-0.05344184;0.01364674;0.04093255;-0.20060692;0.18585161;0.07966937;0.20756743;-0.10386866;0.10396782;0.05252604;-0.05052079;-0.03898317;-0.02312226;-0.05166525
532	-0.02086546;-0.09912802;-0.04449507;-0.0194618;-0.02270593;0.01157131;-0.03319829;0.0011307;-0.00324868;0.03075232;-0.00218322;-0.01727932;-0.04795145;0.02180688;0.04789399;-0.01139488;-0.01145887;0.05001391;0.05136944;-0.01119285;0.01503249;0.02848004;0.00642107;-0.05434102;-0.05770839
399	-0.0181072;-0.08406401;-0.16216801;-0.00784196;-0.17274978;-0.01108529;0.15714471;-0.01634714;-0.04896407;-0.00888071;-0.03642995;0.0069088;-0.0906496;0.01772158;0.27187415;0.0912482;0.05275346;0.16436837;-0.08822732;-0.13836957;-0.20120687;-0.03350514;0.05473515;0.03562466;0.03968941
1003	-0.04103602;-0.07923612;-0.00033699;-0.07893749;-0.03027821;0.00146612;-0.08891671;-0.00184217;-0.05872044;-0.07277398;0.0104476;-0.04927606;-0.17460695;-0.15244892;0.09845704;0.08131881;-0.10560914;-0.08071682;-0.24011394;0.01348366;0.25636925;-0.07713151;0.12449247;0.00497664;0.04840202
840	-8.19279657e-02;-3.10669475e-02;-2.30369490e-02;-6.99992357e-02;5.99688290e-03;-3.58462211e-03;-1.50806771e-01;2.77051154e-02;-1.04136266e-01;-8.58799289e-02;-1.02642981e-01;-1.66893152e-01;-6.25089086e-02;-3.41644797e-02;5.57450041e-01;2.74569636e-01;2.49950035e-01;5.50713646e-04;-2.32857311e-01;-3.09217645e-02;-3.48800721e-01;1.27651520e-01;-1.88577631e-01;2.75204371e-02;-1.16824809e-01
92	-0.16097309;0.08043846;-0.0632849;0.03402654;0.05145733;-0.03878594;-0.04538748;0.24691378;0.01753096;0.01410167;0.01104064;0.03305504;-0.01924398;0.00504977;-0.01871022;-0.05513374;-0.02849458;0.01431761;0.08247311;0.02057808;-0.01349827;-0.01291101;0.04165611;-0.09131291;-0.10466426
1028	-0.10476301;-0.07635132;0.23894463;-0.44089719;-0.20706659;-0.12475458;-0.06079362;-0.14064037;0.07414768;0.73281906;-0.09046631;0.07311842;0.10241989;-0.0472302;-0.06282008;0.01637387;-0.03343577;-0.04186713;-0.06654838;-0.0540134;-0.00601323;0.06403363;-0.02225067;-0.03002192;-0.00733039
825	-0.21784631;0.18919105;-0.02249275;0.0369394;0.01730518;0.0725019;-0.07618058;-0.02530729;0.0166921;0.02549333;0.28396359;-0.07768667;-0.13514773;0.45704114;0.031748;-0.00308284;0.08972608;-0.26471439;-0.11476776;-0.04993925;-0.05162064;-0.02928591;-0.14816933;0.14950826;-0.03344991
1007	0.02273009;-0.14483285;-0.31322165;0.06137557;-0.12823857;-0.16792073;0.45925677;-0.15318767;-0.12273629;0.02226433;-0.03258847;0.061878;0.00580436;0.02660079;0.06751627;0.00664942;-0.02156406;-0.01104782;-0.04100761;0.04104709;-0.04839402;-0.0258664;-0.00458181;-0.01073138;-0.01564159
513	0.02671453;-0.18758719;0.28818264;0.34381523;-0.0527947;-0.03677089;-0.04033779;-0.04727805;-0.04896786;0.02428555;-0.00541766;-0.05459659;-0.00908113;-0.03627912;-0.02912996;0.00924081;-0.03322644;0.03259706;0.0241546;0.01560135;-0.04030397;-0.0026601;0.02440499;-0.05638036;-0.08866301
329	-0.05316162;-0.15626573;-0.12534274;0.04664601;-0.01452335;0.24372057;-0.02822183;-0.0857285;0.73365895;-0.14500327;-0.37146496;0.26469601;0.04396908;0.01538878;0.02680987;0.05576763;0.01649215;-0.10668333;-0.07089443;-0.03784905;0.02251884;-0.01832272;-0.06076264;0.05730202;-0.02978581
679	-0.03654098;-0.14320534;-0.049234;-0.0054615;0.10358552;-0.0439405;0.04783851;0.50183855;0.06952246;0.09123767;-0.02939306;-0.00574331;-0.04223802;0.01614876;-0.02766498;0.01516204;0.01417914;0.04243972;0.04884955;0.09049309;0.0394357;0.02841595;0.02768067;0.06041014;0.09441345
607	-0.03729929;-0.10727185;-0.03207388;-0.02906484;-0.05359378;0.02655815;-0.12076922;-0.03426873;-0.00407348;-0.0225255;-0.03588072;-0.04479625;-0.28026857;-0.13307683;-0.0960317;-0.12576169;-0.26513608;-0.07076871;0.11139187;0.46495422;-0.35533226;0.10734031;-0.11623701;0.23882041;0.37057773
576	-0.48250849;0.72346299;-0.09655282;0.25351135;0.0263852;-0.03160466;-0.02435725;-0.0163963;0.03646784;0.08881975;0.04083559;0.00885913;-0.02377551;0.05453284;-0.04902108;-0.03193654;-0.01188563;0.04989329;0.01630598;0.01326502;0.0346847;-0.00089966;-0.00728231;0.01706654;0.00742174
544	-0.04298014;-0.13378894;-0.10929065;-0.01407234;0.01136904;0.04825196;-0.08401786;-0.03983009;0.12785632;-0.00673432;0.41680207;0.04173876;0.1926149;-0.18952556;0.08751077;-0.08884475;-0.00118242;0.05736326;-0.00742427;0.01500254;-0.02301068;0.08585321;0.06154993;-0.01347323;-0.02882966
712	-0.06023631;-0.12294158;-0.04526731;-0.06657454;-0.02402827;0.0879783;-0.05291389;-0.05478464;0.29684196;-0.18124067;-0.25638328;-0.02306575;0.23722764;0.10607566;0.02206443;-0.13975603;-0.06592958;0.09569124;-0.11593708;0.03405169;0.01614041;-0.04517775;0.03218349;0.03984072;0.09858997
345	-0.04969791;-0.1545412;-0.08117911;0.01790064;-0.03457916;0.14449454;-0.08973111;-0.05292287;0.38703918;-0.09995924;-0.19893036;0.09376165;-0.12801264;-0.06785333;-0.06806424;-0.05028213;-0.1507324;-0.0916847;0.0322313;0.24932125;-0.20865206;0.07457967;-0.10653812;0.17266764;0.21649887
112	0.02227482;-0.10545708;-0.38208794;0.05160823;-0.49626985;0.00905886;0.64592112;-0.10873615;-0.18224754;0.00760842;-0.00588893;0.10563217;0.01777795;0.02698111;0.13379506;-0.00454793;-0.04780608;-0.02394377;-0.03757752;0.03247361;-0.05366533;-0.02996586;0.01898427;-0.01291664;-0.03247914
39	-2.09966033e-02;-9.50554581e-02;-4.30161784e-02;-4.10878953e-02;-2.28985937e-02;1.40092167e-02;-7.28050387e-02;2.93173293e-05;-1.64799895e-03;-1.60670888e-02;-2.15516031e-02;6.42501194e-03;-3.55336954e-02;3.93715115e-02;5.16055143e-02;1.29596910e-02;2.38915127e-02;8.05200903e-02;4.18025570e-02;-7.46742935e-03;-2.81258170e-02;7.11213855e-03;3.12376099e-02;-4.11586504e-02;-1.34621032e-02
737	-0.00921037;-0.12999579;-0.0334751;-0.04544774;-0.01735337;0.08784508;-0.09002757;-0.01698721;0.02788955;-0.00481716;0.3201233;-0.0774139;-0.23710878;0.54641732;-0.02403037;-0.15073417;0.0156807;-0.17075603;-0.10577666;-0.18293266;0.15077566;-0.06790528;-0.17422887;0.098566;-0.08100186
330	-0.05316162;-0.15626573;-0.12534274;0.04664601;-0.01452335;0.24372057;-0.02822183;-0.0857285;0.73365895;-0.14500327;-0.37146496;0.26469601;0.04396908;0.01538878;0.02680987;0.05576763;0.01649215;-0.10668333;-0.07089443;-0.03784905;0.02251884;-0.01832272;-0.06076264;0.05730202;-0.02978581
1015	-4.11408371e-02;-6.19512345e-02;-4.37972942e-02;-4.72737199e-02;5.84412302e-03;-1.63386622e-02;-9.88307085e-02;2.62974209e-02;-6.25549352e-03;1.52289106e-04;-1.60122804e-02;-3.73777022e-02;-1.51009651e-01;-5.27516826e-03;3.12645162e-01;1.11800291e-01;9.72713081e-02;2.19217414e-01;-9.82898601e-02;-1.72175560e-01;-2.36428685e-01;-5.30605671e-02;6.39773948e-02;2.92126728e-02;6.36523757e-02
1052	-0.06546685;-0.10491046;-0.05421144;-0.09029128;-0.04887126;0.03916236;-0.06677954;-0.04141986;-0.02676502;-0.09310419;0.08898323;-0.09242982;0.16631323;0.09124938;-0.18378375;0.47725551;0.11413405;0.09634902;0.14649839;0.10780657;0.08708241;-0.11651766;0.05706334;-0.03778869;0.14587253
716	-0.07032196;-0.06540243;0.05343298;-0.18277769;-0.05254824;-0.02837542;-0.10253803;-0.00182216;-0.15955085;-0.30346193;-0.18570319;-0.20804986;0.42846456;0.11006867;-0.12247747;-0.23587929;-0.37835706;0.14712986;-0.15440101;-0.24844184;-0.16116097;-0.06019434;-0.14996231;0.1051667;0.04999541
892	0.21955442;0.06885649;-0.05466376;-0.07842174;-0.04429163;0.02153629;-0.0782951;0.00564524;-0.0176919;-0.05423504;-0.00780786;-0.13978211;-0.04178356;-0.0988631;-0.06136499;-0.05405614;0.26391827;-0.12873026;0.00244957;-0.07241953;-0.06661195;0.03120743;-0.03422319;-0.00110685;0.00672613
776	-0.09517247;-0.08009464;0.24998494;-0.32253134;-0.16803595;-0.14965922;-0.00156397;-0.09611392;0.05291477;-0.04089662;0.09539467;0.02590618;-0.291024;-0.18833913;-0.27098817;0.22562861;-0.11704914;0.13500433;-0.29248633;0.38104206;0.05975428;-0.03364243;-0.08817135;0.1525725;0.19533983
19	-0.16539521;0.06055803;-0.17045551;-0.08088374;-0.1889515;0.02904053;0.04494556;-0.08420236;-0.13412598;0.15497436;-0.11967642;-0.1188183;0.20323509;0.0164216;-0.17674739;0.21158979;0.05725447;-0.23361739;0.0297097;-0.12302609;-0.01528563;0.16644639;0.35675615;0.00957948;0.06152036
76	0.00125676;-0.09759609;-0.23905416;0.00385101;-0.29061345;0.0160964;0.31791122;-0.06690341;-0.10049496;0.01383683;-0.00543443;0.03436715;-0.05708541;0.02626148;0.1243744;-0.04590679;-0.02293697;0.01779225;0.03450361;0.10162019;-0.0548983;0.00534024;0.04249975;-0.02635242;-0.01121045
897	-0.02286851;-0.09024319;-0.05792395;-0.0298079;-0.02160796;0.02421408;-0.05011397;0.01239074;-0.01345335;-0.01074895;-0.00888152;-0.02811548;-0.02813055;0.01563073;0.01894217;-0.04261933;0.04691586;0.04282407;0.03257803;0.03873739;0.00968571;-0.00788184;0.04675197;-0.05530775;-0.03018233
352	0.02227482;-0.10545708;-0.38208794;0.05160823;-0.49626985;0.00905886;0.64592112;-0.10873615;-0.18224754;0.00760842;-0.00588893;0.10563217;0.01777795;0.02698111;0.13379506;-0.00454793;-0.04780608;-0.02394377;-0.03757752;0.03247361;-0.05366533;-0.02996586;0.01898427;-0.01291664;-0.03247914
635	-0.20725988;0.19145208;0.44207313;-0.42897309;0.0064914;-0.07673188;0.21534809;-0.10110118;0.05182068;0.02988792;-0.01905162;-0.02913885;0.0629787;0.00350003;0.07143113;-0.01061667;0.08562015;-0.0570059;-0.09817229;0.1230988;-0.0421283;0.14855084;-0.10256513;-0.03362921;-0.15607706
252	0.02227482;-0.10545708;-0.38208794;0.05160823;-0.49626985;0.00905886;0.64592112;-0.10873615;-0.18224754;0.00760842;-0.00588893;0.10563217;0.01777795;0.02698111;0.13379506;-0.00454793;-0.04780608;-0.02394377;-0.03757752;0.03247361;-0.05366533;-0.02996586;0.01898427;-0.01291664;-0.03247914
211	-0.48250849;0.72346299;-0.09655282;0.25351135;0.0263852;-0.03160466;-0.02435725;-0.0163963;0.03646784;0.08881975;0.04083559;0.00885913;-0.02377551;0.05453284;-0.04902108;-0.03193654;-0.01188563;0.04989329;0.01630598;0.01326502;0.0346847;-0.00089966;-0.00728231;0.01706654;0.00742174
1041	-0.0341899;-0.1133516;-0.07220935;-0.05647438;-0.0504952;0.01531781;-0.08853856;-0.04529604;-0.01654874;0.02257559;-0.04713352;-0.07976845;-0.01880396;-0.01369939;0.0731512;-0.17793099;0.09838762;0.07580209;0.27990128;0.06618257;0.2164702;-0.25015115;0.15151405;0.55957416;-0.29445869
123	-0.04369804;-0.14556545;-0.12963831;-0.14002078;-0.12213057;0.10938716;-0.26418077;-0.0995421;-0.0800527;0.83549538;-0.16970729;-0.02420259;0.18854875;-0.04989614;-0.03503816;0.0230444;-0.08437711;-0.07904301;-0.11919413;-0.07664031;0.01519844;0.00995902;-0.01174732;-0.02064078;0.04678525
647	0.26936059;0.0956934;0.03977736;-0.10193884;0.16555366;0.22042509;0.07106366;-0.02789004;-0.04838579;0.04075147;0.02168115;0.0134877;-0.03591364;0.00827379;0.0336262;-0.01639047;0.02042711;0.01431569;0.0351407;0.01352768;-0.05383933;-0.03228856;0.04909451;-0.02315631;-0.03420864
72	0.01284612;-0.14207798;-0.13249847;0.02819869;0.30072362;-0.28746654;0.04847749;-0.14427785;-0.00704008;0.04244621;-0.04089077;-0.0039566;-0.01857976;0.03253301;0.0263102;-0.00972883;0.02122848;-0.01612958;0.01341152;0.02098224;-0.0115055;-0.03883241;-0.00898246;-0.03951133;0.03126303
594	-0.04627868;-0.0703352;0.04025494;-0.10117163;-0.0542822;-0.01726223;-0.10543655;-0.0078971;-0.09511316;-0.13378112;0.01728792;-0.04991559;-0.27727479;-0.28940131;0.12225288;0.13222142;-0.19097274;-0.16653817;-0.45744825;0.01881053;0.46576401;-0.15537632;0.20016383;0.04470602;0.1496148
975	-0.02861048;-0.08521866;-0.04585681;-0.03785855;-0.00317599;0.01948649;-0.071001;-0.00690594;-0.01645465;0.00510894;0.00170441;-0.00389126;-0.04249931;0.0170569;0.05114236;-0.01456063;0.02738387;0.02861443;0.05112444;0.02808242;0.00508777;-0.01171325;0.01623206;-0.04390359;-0.0250687
569	0.02221234;-0.01145777;0.08893279;-0.15126942;0.28497128;0.44234883;0.19875679;-0.10774629;-0.12734833;-0.00273667;-0.00917094;-0.1080738;-0.08660194;-0.1370098;-0.10250181;-0.09106915;0.18868955;-0.02865606;0.00348918;-0.08723018;-0.01702936;-0.01474385;0.11777495;-0.04759953;0.03405312
220	-0.03151818;-0.09748636;-0.10875282;-0.06611944;-0.08928593;0.06794078;-0.03308309;-0.02396383;-0.01697752;-0.03480424;-0.05346923;-0.17532844;-0.14577065;-0.19285571;-0.26821808;-0.1530109;0.38768708;-0.14327517;-0.04013136;-0.2037976;-0.04170668;-0.04436392;-0.0577092;0.02380088;0.08087373
1036	-0.05466536;-0.03742367;-0.04040074;-0.05592974;0.01174957;-0.04748538;-0.12652152;0.04707678;-0.00594372;-0.00901606;-0.03550423;-0.04400705;-0.22179662;-0.0260079;0.51747257;0.20438565;0.16100716;0.34670842;-0.20223478;-0.3097113;-0.40928704;-0.0871242;0.09305336;0.0701137;0.12964218
873	-0.0360081;-0.10925486;-0.05101244;-0.03133755;0.00888229;0.00579039;-0.04924278;0.00835408;0.02417184;0.00709382;0.07020392;-0.04651585;-0.03499647;-0.00632299;0.06166536;-0.05986749;-0.00155562;0.02244206;0.04163733;0.0703992;-0.00927574;-0.0132879;0.03870555;-0.07342907;-0.0491235
222	-0.05209854;-0.06843084;-0.10320417;-0.0889117;-0.07439108;0.04339572;-0.0315412;-0.05024374;-0.05049227;-0.10314491;-0.04673253;-0.24768841;-0.13940872;-0.30210532;-0.32777286;-0.23984404;0.55458673;-0.19835007;0.00755018;-0.28781366;-0.07214957;0.04589174;0.03788599;-0.00434489;0.1353101
295	-0.03282895;-0.14860882;-0.1224465;0.01278208;-0.0545846;0.18596418;-0.03080098;-0.04587796;0.44441036;-0.06207111;-0.24553515;0.12286227;-0.03872951;-0.01138512;-0.06459005;0.01707753;0.07987266;-0.09299441;-0.08596501;-0.06154006;0.01275507;-0.080059;-0.11399153;0.05994596;-0.01358332
20	-0.07102081;-0.0540137;0.05871352;-0.1949348;-0.05160505;-0.0210149;-0.06751154;0.00652773;-0.0595557;-0.22930486;-0.23518764;-0.29383397;0.49766574;0.24639056;0.01205953;-0.38928914;-0.09802763;0.24730763;-0.24743152;0.01509211;-0.05237417;-0.07384545;0.02201429;0.04075615;0.16204498
138	-3.27192445e-02;-1.28828823e-01;-1.01478254e-01;-3.31689385e-02;2.54122980e-02;5.52461936e-02;-8.23658158e-02;-4.20323418e-02;1.01491326e-01;-1.62594891e-02;3.52718872e-01;2.00434495e-02;1.47681692e-01;-1.29090074e-01;5.42776802e-02;-6.71322383e-02;1.72863562e-02;3.37706424e-02;-1.66732327e-02;-8.55193243e-04;1.02051752e-04;7.83689563e-02;7.44856973e-02;1.83658869e-02;-5.14851337e-03
828	-0.03827858;-0.07536973;-0.07496675;-0.07032534;-0.05680325;0.03896007;-0.05984515;-0.04411229;-0.0403338;-0.07557676;-0.03618569;-0.20490935;-0.13705727;-0.19110999;-0.20690316;-0.13703516;0.37218354;-0.1136133;0.024897;-0.18786096;-0.02918612;0.03108933;0.10670244;-0.07855219;0.05513483
638	-0.12405361;-0.02369745;0.44240388;-0.50247302;-0.04634332;-0.4158336;0.17897913;-0.1577379;0.0777183;0.05719776;0.0055062;0.26591324;-0.06178034;-0.0573366;-0.13172633;-0.06837314;0.19602564;-0.03856203;0.03897559;-0.07849056;-0.04346836;0.09262667;-0.00385178;-0.01340725;-0.03394044
410	-0.04004378;-0.13357652;-0.09013674;0.01152621;-0.00839343;0.1352098;-0.05086157;-0.00557409;0.35274218;-0.05595122;-0.20387805;0.14452451;-0.02621044;0.02659724;0.03995754;0.00831724;0.0061587;-0.02603625;-0.00900109;-0.01079614;0.04207011;-0.02447165;-0.04882311;0.01357843;-0.00591487
1069	-0.05209854;-0.06843084;-0.10320417;-0.0889117;-0.07439108;0.04339572;-0.0315412;-0.05024374;-0.05049227;-0.10314491;-0.04673253;-0.24768841;-0.13940872;-0.30210532;-0.32777286;-0.23984404;0.55458673;-0.19835007;0.00755018;-0.28781366;-0.07214957;0.04589174;0.03788599;-0.00434489;0.1353101
644	-0.02392128;-0.09594255;-0.06012033;-0.0330146;-0.00748626;0.02273821;-0.05777202;-0.01063196;0.00899475;0.00416686;0.00131942;-0.02833645;-0.04716471;0.03254098;0.02854848;-0.01570019;0.01548397;0.0593481;0.04231582;0.0204501;-0.00345997;0.00279443;0.01934466;-0.02051267;-0.00761873
780	-0.03800763;-0.13411685;-0.09383088;0.02663655;-0.01869515;0.15225357;-0.05402469;-0.04525619;0.430287;-0.0733747;-0.2233252;0.14614656;-0.00815585;0.00670717;0.02369544;0.01444648;-0.01990405;-0.0286285;0.00604738;-0.01038034;-0.00350598;-0.01911432;-0.03764656;0.01301447;-0.08016914
974	-4.77015930e-02;-1.48228936e-01;-3.65823307e-02;-1.97346141e-02;1.47094743e-01;-7.30580481e-02;1.72024084e-01;8.91550324e-01;5.19583253e-02;1.27771175e-01;1.53986045e-02;9.07235170e-03;4.22947201e-02;-3.53614574e-03;-5.90690937e-02;3.02001166e-02;2.00111254e-02;-6.48242230e-02;1.14252480e-02;9.33756818e-03;-3.38015046e-04;-3.32548692e-02;-1.95258972e-02;4.81364134e-02;1.69755315e-02
703	0.42496696;0.13798885;-0.05537281;-0.08332012;-0.09130773;0.01722052;-0.19808827;-0.03417182;0.00964538;0.35956928;-0.06744952;0.00682881;0.08510051;-0.00832745;-0.03773474;0.02801991;-0.06545667;-0.06973179;-0.05607774;-0.02800568;-0.02519898;-0.02842366;0.01523932;0.04093551;-0.00084802
726	-0.04229167;-0.10304892;-0.04281626;-0.0308362;-0.03965206;0.00508041;-0.08657022;-0.04491243;-0.014083;-0.01582686;-0.04166264;-0.03816502;-0.20569759;-0.08113818;-0.05518033;-0.09239202;-0.15291627;-0.06469151;0.11115968;0.30051018;-0.23710682;0.08345404;-0.03227136;0.19330244;0.2246315
554	-0.37556415;0.46947403;-0.07481017;0.17264204;0.08674228;-0.04545506;0.05468475;0.38327269;0.03902339;0.1053403;0.02534936;0.00693001;-0.00964997;-0.01723904;-0.11025769;0.00872925;-0.00664068;-0.04269036;0.01964081;0.01160579;-0.00604338;0.00998498;0.01658803;0.02787034;0.02512417
289	-0.02739988;-0.08656447;-0.04256621;-0.02939873;-0.00418276;0.01988674;-0.06742246;-0.00330491;-0.01839322;0.00442437;-0.00052446;-0.00641819;-0.03887056;0.0154379;0.03331751;-0.0173487;0.0159453;0.02746611;0.0479931;0.0136655;-0.01520569;0.00310837;0.01063193;-0.0328966;-0.03514075
183	-0.03061774;-0.08602204;-0.04973372;-0.03171367;-0.00147793;0.0183297;-0.06494661;-0.01350026;-0.00597173;0.01068353;0.00335328;-0.03144494;-0.04356291;0.02846042;0.03076747;0.00126173;0.0077695;0.03062813;0.06369743;0.02805344;-0.01493455;0.00630458;0.05792751;-0.0338212;-0.01711905
150	-0.04369804;-0.14556545;-0.12963831;-0.14002078;-0.12213057;0.10938716;-0.26418077;-0.0995421;-0.0800527;0.83549538;-0.16970729;-0.02420259;0.18854875;-0.04989614;-0.03503816;0.0230444;-0.08437711;-0.07904301;-0.11919413;-0.07664031;0.01519844;0.00995902;-0.01174732;-0.02064078;0.04678525
1000	-0.0811477;-0.05181934;-0.06155713;-0.09100965;-0.04926137;0.05914622;-0.09010025;-0.03689416;-0.13891022;-0.14981217;-0.11292666;-0.3029215;0.00687413;-0.20724716;0.01039529;-0.00832728;0.4988045;-0.3780396;-0.09421162;0.01364559;-0.11770513;0.2291931;-0.2455063;-0.02574765;-0.13577543
462	-0.02966162;-0.15154323;-0.1019015;-0.04030792;-0.05732752;0.05022794;-0.08352887;-0.05868474;-0.01929613;-0.03320188;0.142378;-0.02803927;-0.01083266;0.06925671;-0.44037708;0.41630711;0.17529702;0.49298502;-0.23579883;0.27235941;0.04991332;-0.11686185;-0.20193634;0.00697612;-0.09035443
939	-0.00108449;-0.23179403;0.18762676;0.33479056;-0.11557029;0.15561675;-0.03366001;-0.0654527;0.42919519;-0.06007292;-0.16068392;0.12042889;0.0114767;0.15230413;0.04578749;-0.0938127;-0.01956407;-0.12775973;-0.08874026;0.02051007;0.01916594;-0.12175953;0.0246841;-0.22684421;0.13757128
384	0.20044447;0.05211879;-0.00147992;-0.05851301;-0.01115493;-0.02128498;-0.22613107;0.02224741;-0.26742516;-0.12685201;-0.04323051;0.45660919;-0.02565579;-0.02125589;0.01969579;-0.05869981;0.0478078;-0.02626213;-0.06986417;0.02710557;0.14218663;-0.00376049;0.03419895;-0.02028507;0.03092448
45	-0.04687354;-0.08187006;-0.00816665;-0.07926531;-0.03409552;0.01100406;-0.11853603;-0.02089989;-0.15197239;-0.17611291;0.00193375;0.00265193;-0.0660215;-0.19471377;-0.07641905;0.11170199;-0.35678947;-0.09035005;-0.12204691;-0.29763528;0.04371579;-0.05081351;-0.09804189;0.0888541;-0.04110871
904	-0.02139355;-0.08963464;-0.05014678;-0.03803418;-0.00305977;0.02268092;-0.06309691;-0.00956502;-0.00811294;0.00227447;-0.01143564;-0.03278473;-0.06102496;0.02078469;0.06052613;-0.00487495;0.0066021;0.04204025;0.08105623;0.027699;-0.02647274;0.04051294;0.04888603;-0.12450197;-0.11820439
863	0.64741714;0.13660834;0.38012601;0.4456955;-0.15118821;-0.05374042;-0.07114428;-0.01144292;0.0210796;0.05073705;0.02110967;-0.03000931;0.08486395;-0.014594;-0.0048101;0.01899867;0.0498487;-0.02092529;-0.00732064;0.00333806;-0.02484317;0.00492026;0.03508075;0.00282381;-0.01195921
1045	-0.02867788;-0.09643565;-0.04439508;-0.03572287;-0.00806473;0.03655698;-0.07058509;-0.00862429;0.00883151;-0.00163829;-0.00460516;-0.03452586;-0.06898817;-0.00441354;0.02288641;-0.01948346;0.024049;0.04814854;0.05379649;0.02546233;0.0018376;-0.01383304;0.00764456;-0.03761076;-0.01724143
714	5.97609542e-02;-2.58513567e-01;5.62495462e-01;6.75837782e-01;-1.55497164e-01;1.27303660e-03;1.12811171e-02;-6.13060124e-02;-4.32796624e-02;7.63213577e-02;4.57830004e-03;-6.51091836e-02;7.26987215e-02;-2.18747154e-02;1.39211074e-02;2.33020877e-03;5.85652195e-02;1.74060827e-02;3.67575760e-04;-2.75092312e-02;-1.37290125e-02;2.09113518e-02;4.45357673e-02;-6.54961248e-03;-1.11759963e-02
213	8.23486039e-01;3.87684666e-01;-3.67718630e-02;-4.89879099e-02;-6.30999263e-02;-6.36119439e-02;-1.40917122e-01;3.85811431e-02;6.82306059e-02;3.22507595e-03;2.73856757e-02;8.49972953e-03;2.51848990e-02;9.62216421e-03;6.21392864e-04;1.58616751e-02;1.95922280e-02;-2.75644810e-02;1.13232588e-02;3.92891934e-02;-2.28890896e-02;-1.63453336e-02;1.51794299e-02;-4.51063288e-03;-2.05494538e-02
613	8.23486039e-01;3.87684666e-01;-3.67718630e-02;-4.89879099e-02;-6.30999263e-02;-6.36119439e-02;-1.40917122e-01;3.85811431e-02;6.82306059e-02;3.22507595e-03;2.73856757e-02;8.49972953e-03;2.51848990e-02;9.62216421e-03;6.21392864e-04;1.58616751e-02;1.95922280e-02;-2.75644810e-02;1.13232588e-02;3.92891934e-02;-2.28890896e-02;-1.63453336e-02;1.51794299e-02;-4.51063288e-03;-2.05494538e-02
1020	-0.02633729;-0.09084621;-0.05902408;-0.04822536;0.02497367;0.01347697;-0.056029;-0.01044949;0.02076558;0.00838061;0.03308096;-0.02629618;-0.02988423;0.00058753;0.03826635;-0.00329085;0.04155528;0.09313876;0.02435989;0.03987882;-0.05059612;-0.01323105;0.00440944;-0.0406879;-0.01363149
745	-0.03632449;-0.10851073;-0.12063984;-0.10043771;-0.33973146;-0.08636265;0.43302921;0.08365823;-0.06774775;0.01406066;-0.01593526;0.07644613;-0.18393719;-0.12996935;-0.02963064;-0.02338403;-0.15849834;-0.12827478;-0.11470704;0.21257246;-0.08985964;-0.0250367;-0.06923681;0.14047488;0.18509743
94	-0.0514689;-0.01547895;0.23190572;-0.26955464;0.10417777;0.10608251;0.12545605;-0.07713672;-0.05301162;-0.00942625;0.01912263;0.04593159;-0.04705987;-0.0727592;-0.04107689;0.00577359;-0.16285855;0.00523889;0.05801097;-0.04832171;-0.10111831;0.03201414;-0.03122913;-0.04951621;-0.11779628
257	-0.03729929;-0.10727185;-0.03207388;-0.02906484;-0.05359378;0.02655815;-0.12076922;-0.03426873;-0.00407348;-0.0225255;-0.03588072;-0.04479625;-0.28026857;-0.13307683;-0.0960317;-0.12576169;-0.26513608;-0.07076871;0.11139187;0.46495422;-0.35533226;0.10734031;-0.11623701;0.23882041;0.37057773
814	-0.04369804;-0.14556545;-0.12963831;-0.14002078;-0.12213057;0.10938716;-0.26418077;-0.0995421;-0.0800527;0.83549538;-0.16970729;-0.02420259;0.18854875;-0.04989614;-0.03503816;0.0230444;-0.08437711;-0.07904301;-0.11919413;-0.07664031;0.01519844;0.00995902;-0.01174732;-0.02064078;0.04678525
823	-0.00384382;-0.08384558;-0.0608116;-0.03489086;-0.03938302;0.02744204;-0.03509384;0.01158281;-0.02160866;-0.00381598;0.00720906;-0.05155921;-0.0500024;0.01034079;0.0297641;-0.04444112;0.04470649;0.02915148;0.05737267;-0.01642756;0.01342715;0.04114623;-0.03982658;-0.04156431;-0.01864133
93	-0.13062911;0.00701144;0.52344204;-0.55876193;-0.18268977;-0.3279812;0.20191941;-0.10568811;0.21965256;0.12901054;0.07271933;0.13540921;-0.10044725;-0.00271227;-0.0335926;-0.0122069;0.06092781;0.05350588;0.06906839;0.01981826;-0.03100687;0.08741107;-0.01055605;-0.03911077;-0.08832499
237	-0.48250849;0.72346299;-0.09655282;0.25351135;0.0263852;-0.03160466;-0.02435725;-0.0163963;0.03646784;0.08881975;0.04083559;0.00885913;-0.02377551;0.05453284;-0.04902108;-0.03193654;-0.01188563;0.04989329;0.01630598;0.01326502;0.0346847;-0.00089966;-0.00728231;0.01706654;0.00742174
822	-0.05316162;-0.15626573;-0.12534274;0.04664601;-0.01452335;0.24372057;-0.02822183;-0.0857285;0.73365895;-0.14500327;-0.37146496;0.26469601;0.04396908;0.01538878;0.02680987;0.05576763;0.01649215;-0.10668333;-0.07089443;-0.03784905;0.02251884;-0.01832272;-0.06076264;0.05730202;-0.02978581
18	-0.03305698;-0.1100305;-0.0413473;-0.02610725;-0.03409345;0.023261;-0.07447671;0.00200661;0.01708121;0.00212693;0.06369745;-0.02945836;-0.08620432;0.15206428;0.07107892;-0.14740103;-0.05134955;-0.05170449;-0.00797798;0.08375039;0.00256248;-0.10754235;0.04714262;-0.29401554;0.10997671
